,target_com,depth,target_per,threshold,total_get_test,total_use_test,num_com_test,num_pred_test,gain_test,gain_std_test,num_hit_test,buy_hit_per_test,buy_hit_per_std_test,plus_month_num_test,diff_mea_med_test,total_get_final,total_use_final,num_com_final,num_pred_final,gain_final,gain_std_final,num_hit_final,buy_hit_per_final,buy_hit_per_std_final,plus_month_num_final,diff_mea_med_final,total_get_test_score,total_use_test_score,num_com_test_score,num_pred_test_score,gain_test_score,gain_std_test_score,num_hit_test_score,buy_hit_per_test_score,buy_hit_per_std_test_score,plus_month_num_test_score,diff_mea_med_test_score,score
1,1.0,5.0,81.0,0.54,38000.0,39100.0,53.0,391.0,97.18670076726342,67.42632880890692,26.0,6.649616368286446,0.5544624907590486,2.0,182.6309523809523,27590.0,24100.0,26.0,241.0,114.48132780082987,66.78572325986849,13.0,5.394190871369295,1.197822135248186,2.0,67.77777777777783,0.09606907982330898,0.2678944587191137,0.0,0.26789445871911355,0.31022237859308477,0.0880053091997271,-0.035864690513989106,0.3851983919257253,0.2610986134930751,0.0,0.05781942864467451,1.6983374286038337
4,1.0,5.0,82.0,0.54,39490.0,38300.0,53.0,383.0,103.10704960835508,68.24811998294165,27.0,7.049608355091384,0.6288038944539059,2.0,143.16666666666652,27690.0,23900.0,26.0,239.0,115.85774058577404,67.86797395880089,13.0,5.439330543933055,1.2078457514427317,2.0,73.33333333333348,0.11136571517766544,0.2482566483582087,0.0,0.24825664835820857,-0.09059463983125587,0.0706226769903915,-0.04189113441183154,0.11595685153147056,0.13901322692785667,0.0,0.003594015362426695,0.8045800084631407
7,1.0,5.0,83.0,0.54,39490.0,36800.0,53.0,368.0,107.30978260869566,70.43817654118487,27.0,7.336956521739131,0.6544344879778421,2.0,143.16666666666652,26520.0,23300.0,26.0,233.0,113.81974248927038,59.3449800208127,12.0,5.150214592274678,1.1355155841478928,2.0,92.5555555555552,0.11136571517766544,0.2114357539315119,0.0,0.2114357539315118,-0.37512633815589,0.024298320058351003,-0.04189113441183154,-0.07746218077387672,0.09692199966088764,0.0,0.003594015362426695,0.16457190478075617
10,1.0,5.0,84.0,0.54,36910.0,35000.0,53.0,350.0,105.45714285714286,73.77945587732783,25.0,7.142857142857142,0.6700593942604899,2.0,181.1309523809523,25570.0,22000.0,26.0,220.0,116.22727272727272,62.18759422103415,11.0,5.0,1.143914308374356,2.0,84.72222222222217,0.08487892375871264,0.16725068061947573,0.0,0.1672506806194756,-0.249699684868534,-0.046376848578069056,-0.029838246616146678,0.053189475968536494,0.07126237220224811,0.0,0.05575837221222708,0.27367572531792594
13,1.0,5.0,85.0,0.54,36910.0,35400.0,53.0,354.0,104.26553672316383,74.74389956204456,25.0,7.062146892655368,0.6624881016699761,2.0,181.1309523809523,21210.0,21400.0,26.0,214.0,99.11214953271028,54.669573157918094,10.0,4.672897196261682,0.9727411212458564,2.0,10.166666666666517,0.08487892375871264,0.17706958579992818,0.0,0.1770695857999281,-0.16902605725344938,-0.06677688497142513,-0.029838246616146678,0.1075169445348724,0.08369614580309816,0.0,0.05575837221222708,0.4203483690677453
14,1.0,5.0,85.0,0.58,18800.0,19300.0,53.0,193.0,97.40932642487049,80.37395542563439,14.0,7.253886010362693,0.9268675554403272,2.0,131.0,11060.0,13000.0,26.0,130.0,85.07692307692307,43.58451412453927,6.0,4.615384615384616,1.3323467750529825,1.0,5.0,-0.10104192608517704,-0.21814134771328428,0.0,-0.21814134771328425,0.295150268029686,-0.18586454797747679,0.036452636260120054,-0.021545979494480626,-0.350474668968421,0.0,-0.01312344236742443,-0.7767303560297423
16,1.0,5.0,86.0,0.54,35830.0,33500.0,53.0,335.0,106.95522388059702,78.87905333937879,24.0,7.164179104477612,0.647148757871009,2.0,124.75,21210.0,20400.0,26.0,204.0,103.97058823529412,58.35656081604274,10.0,4.901960784313726,1.020424509542222,2.0,10.166666666666517,0.0737914296763603,0.1304297861927789,0.0,0.1304297861927788,-0.35112214920228474,-0.15424418750710314,-0.023811802718304246,0.03883729397414558,0.10888681512433442,0.0,-0.021711177502622036,-0.06851420576991618
18,1.0,5.0,87.0,0.5,48210.0,49700.0,53.0,497.0,97.0020120724346,79.15942286943839,32.0,6.438631790744467,0.6763676585099239,2.0,234.5666666666666,33380.0,30800.0,26.0,308.0,108.37662337662336,41.30324719956759,17.0,5.51948051948052,1.0436851472936095,2.0,48.27380952380963,0.2008869636944362,0.5280954460011046,0.0,0.5280954460011043,0.3227260965301382,-0.16017459973068873,-0.07202335390104368,0.5272157686001624,0.060902776591048056,0.0,0.12918105397955656,2.0649055977658177
19,1.0,5.0,87.0,0.54,33840.0,32500.0,53.0,325.0,104.12307692307692,68.0482742885674,23.0,7.076923076923077,0.5589508346026139,2.0,169.42857142857133,21210.0,19600.0,26.0,196.0,108.21428571428572,55.00304740368938,10.0,5.1020408163265305,1.062074489523537,2.0,10.166666666666517,0.053361695209803675,0.1058825232416477,0.0,0.10588252324164761,-0.15938130255253646,0.07484983872403653,-0.017785358820461818,0.09757083875118971,0.253727738503568,0.0,0.039678860520990414,0.5537873568198853
20,1.0,5.0,87.0,0.58,17280.0,17900.0,53.0,179.0,96.53631284916202,67.26273384773849,13.0,7.262569832402235,0.8472486529666536,2.0,137.5,8560.0,11800.0,26.0,118.0,72.54237288135593,32.907543651606105,5.0,4.23728813559322,0.9785597782875016,0.0,176.66666666666652,-0.11664654738626552,-0.252507515844868,0.0,-0.2525075158448679,0.3542546735050429,0.091465690779794,0.04247908015796249,-0.027391210648013673,-0.21972243665525468,0.0,-0.004192197826818923,-0.38476797976328925
21,1.0,5.0,88.0,0.5,48210.0,48100.0,53.0,481.0,100.22869022869024,77.08654318402405,32.0,6.652806652806653,0.6988663748013144,2.0,234.5666666666666,32950.0,29700.0,26.0,297.0,110.94276094276094,40.30991762523421,16.0,5.387205387205387,0.9719701501508852,2.0,56.19047619047615,0.2008869636944362,0.4888198252792946,0.0,0.48881982527929435,0.10427486118589445,-0.11632878302660479,-0.07202335390104368,0.3830509561098786,0.023954799566966035,0.0,0.12918105397955656,1.6306361481676719
22,1.0,5.0,88.0,0.54,33840.0,31200.0,53.0,312.0,108.46153846153844,67.60703031751115,23.0,7.371794871794872,0.5822404527110561,2.0,169.42857142857133,21210.0,19600.0,26.0,196.0,108.21428571428572,55.00304740368938,10.0,5.1020408163265305,1.062074489523537,2.0,10.166666666666517,0.053361695209803675,0.07397108140517712,0.0,0.07397108140517705,-0.45310203845332464,0.08418308773643517,-0.017785358820461818,-0.10091247813789953,0.21548092194632062,0.0,0.039678860520990414,-0.031153147187781935
23,1.0,5.0,88.0,0.58,17280.0,17300.0,53.0,173.0,99.8843930635838,76.01377707833852,13.0,7.514450867052023,0.8766329993123179,2.0,137.5,8560.0,11200.0,26.0,112.0,76.42857142857142,30.015397230586363,5.0,4.464285714285714,1.0309826235529032,0.0,176.66666666666652,-0.11664654738626552,-0.26723587361554674,0.0,-0.2672358736155466,0.12758432602892722,-0.09363749690555821,0.04247908015796249,-0.19693670156375898,-0.26797817443095723,0.0,-0.004192197826818923,-1.0437994591575623
24,1.0,5.0,89.0,0.5,47170.0,46200.0,53.0,462.0,102.0995670995671,75.88399799720169,31.0,6.70995670995671,0.6741303680691532,2.0,236.0333333333333,31810.0,28700.0,26.0,287.0,110.83623693379792,42.52965323941295,16.0,5.574912891986063,1.0644775133463042,2.0,39.30555555555566,0.19021011754105988,0.4421800256721453,0.0,0.4421800256721451,-0.022386474041380718,-0.0908923931527504,-0.06599691000320125,0.34458226191525004,0.06457691313871529,0.0,0.13119630915794964,1.4356498758999328
25,1.0,5.0,89.0,0.54,32890.0,30300.0,53.0,303.0,108.54785478547856,68.61499817772604,22.0,7.260726072607261,0.5522508425967495,2.0,96.89523809523804,25570.0,19100.0,26.0,191.0,133.87434554973822,67.33578898015662,11.0,5.7591623036649215,1.317597632682504,2.0,84.72222222222217,0.04360880689662339,0.051878544749159025,0.0,0.05187854474915898,-0.4589457906597657,0.0628624224061867,-0.011758914922619388,-0.02615014396745034,0.2647306396241505,0.0,-0.059984668301356105,-0.08188055942591302
26,1.0,5.0,89.0,0.58,17280.0,16800.0,53.0,168.0,102.85714285714285,73.92533810141992,13.0,7.738095238095238,0.902723267148994,2.0,137.5,8560.0,11300.0,26.0,113.0,75.75221238938053,31.814577764299067,5.0,4.424778761061947,1.0218588835214617,0.0,176.66666666666652,-0.11664654738626552,-0.27950950509111233,0.0,-0.2795095050911123,-0.07367555590671264,-0.049462568073963195,0.04247908015796249,-0.3474756047081959,-0.31082429080918533,0.0,-0.004192197826818923,-1.4188166947354035
27,1.0,5.0,90.0,0.5,45680.0,45100.0,53.0,451.0,101.2860310421286,83.4694459556754,30.0,6.651884700665188,0.6464469949939358,2.0,244.61666666666656,36650.0,28200.0,26.0,282.0,129.96453900709218,18.25420300149791,18.0,6.382978723404255,0.9382096847746776,3.0,7.162698412698774,0.1749134821867034,0.41517803642590095,0.0,0.41517803642590073,0.032691208993098256,-0.25134076029429364,-0.059970466105358826,0.3836715380788342,0.11003926837200605,0.0,0.14299013207695424,1.3633504761597453
28,1.0,5.0,90.0,0.54,29980.0,28400.0,53.0,284.0,105.56338028169014,57.635201393676745,21.0,7.394366197183098,0.6298783035210674,2.0,74.66666666666674,19560.0,17400.0,26.0,174.0,112.41379310344828,47.16104196220552,9.0,5.172413793103448,1.1494252873563218,2.0,106.0,0.013734170063618469,0.005238745142009722,0.0,0.005238745142009687,-0.25689212722202764,0.2951084908244257,-0.005732471024776956,-0.1161056285427587,0.13724880441530918,0.0,-0.0905275617193387,-0.012688832921529253
33,1.0,5.0,92.0,0.5,43930.0,44000.0,53.0,440.0,99.8409090909091,83.04181202236835,29.0,6.59090909090909,0.6893523130955955,2.0,155.61666666666656,33380.0,27200.0,26.0,272.0,122.72058823529412,45.640731167284194,17.0,6.25,1.1818199462001169,2.0,48.27380952380963,0.15694763529400285,0.38817604717965665,0.0,0.3881760471796564,0.1305282600342599,-0.24229539254422108,-0.053944022207516394,0.4247152780505974,0.039579039134941575,0.0,0.020700783751740382,1.2525836758731175
37,1.0,5.0,93.0,0.54,25720.0,26400.0,53.0,264.0,97.42424242424242,50.63273356967115,18.0,6.8181818181818175,0.5081972676135886,2.0,44.13333333333344,18330.0,16800.0,26.0,168.0,109.10714285714285,37.35079631426772,8.0,4.761904761904762,1.2390869044441264,2.0,-137.33333333333348,-0.029999834372326867,-0.0438557807602527,0.0,-0.04385578076025271,0.2941404311846706,0.44322558746441937,0.012346860668750334,0.27173406542857226,0.3370765661750516,0.0,-0.13248151043315737,1.1083306045954746
45,1.0,5.0,96.0,0.5,38000.0,39000.0,53.0,390.0,97.43589743589745,67.55359318356359,26.0,6.666666666666667,0.5558841894533025,2.0,182.6309523809523,30530.0,23700.0,26.0,237.0,128.81856540084388,45.53093057069394,14.0,5.907172995780591,0.9744308340753178,2.0,73.33333333333303,0.09606907982330898,0.26543973242400054,0.0,0.26543973242400043,0.29335136838674164,0.08531339684059704,-0.035864690513989106,0.37372154050992157,0.2587638629228588,0.0,0.05781942864467451,1.6600534514621144
48,1.0,5.0,97.0,0.5,38000.0,37600.0,53.0,376.0,101.06382978723406,69.81574068360437,26.0,6.914893617021277,0.5765820050180532,2.0,182.6309523809523,25570.0,22700.0,26.0,227.0,112.6431718061674,55.051537154384654,11.0,4.845814977973569,1.108639417807746,2.0,84.72222222222217,0.09606907982330898,0.23107356429241685,0.0,0.23107356429241674,0.04773458681888112,0.03746416307063792,-0.035864690513989106,0.2066356770787737,0.22477337190858984,0.0,0.05781942864467451,1.0967787454157105
51,1.0,5.0,98.0,0.5,38000.0,37100.0,53.0,371.0,102.42587601078168,68.71030890240621,26.0,7.008086253369273,0.5843526519859515,2.0,182.6309523809523,28410.0,22100.0,26.0,221.0,128.55203619909503,31.00246029606348,12.0,5.429864253393665,0.9049773755656108,2.0,84.72222222222172,0.09606907982330898,0.21879993281685126,0.0,0.21879993281685114,-0.044478105529467994,0.060846397745582696,-0.035864690513989106,0.14390609800855061,0.21201221336453435,0.0,0.05781942864467451,0.9279102871768964
54,1.0,5.0,99.0,0.5,38000.0,35800.0,53.0,358.0,106.14525139664804,71.36138974269025,26.0,7.262569832402235,0.6055721616949385,2.0,182.6309523809523,25570.0,21300.0,26.0,213.0,120.04694835680752,59.62965346375603,11.0,5.164319248826291,1.1815077363491002,2.0,84.72222222222217,0.09606907982330898,0.18688849098038066,0.0,0.18688849098038057,-0.29628572575222245,0.004770396128745732,-0.035864690513989106,-0.027391210648013673,0.17716498265875613,0.0,0.05781942864467451,0.35005924230202135
57,1.0,5.0,100.0,0.5,34380.0,34900.0,53.0,349.0,98.51002865329514,65.93570679666337,23.0,6.59025787965616,0.5585555498457859,2.0,64.26190476190482,25570.0,21200.0,26.0,212.0,120.61320754716982,57.4918296207621,11.0,5.188679245283019,1.1870808860488602,2.0,84.72222222222217,0.05890544225097986,0.1647959543243626,0.0,0.1647959543243625,0.22063097918169203,0.11953513699619153,-0.017785358820461818,0.4251536196340414,0.2543768854115112,0.0,-0.10482409602060104,1.2855845172820783
58,1.0,5.0,100.0,0.54,18800.0,19100.0,53.0,191.0,98.42931937172776,77.64056016223107,14.0,7.329842931937172,0.9365729748690218,2.0,131.0,12390.0,13200.0,26.0,132.0,93.86363636363636,52.84023512116196,6.0,4.545454545454546,0.7575757575757576,1.0,176.66666666666652,-0.10104192608517704,-0.22305080030351054,0.0,-0.2230508003035105,0.22609512571516602,-0.12804742113586864,0.036452636260120054,-0.0726739001602797,-0.3664131611657607,0.0,-0.01312344236742443,-0.8648536895462455
61,1.0,5.0,101.0,0.54,18800.0,18400.0,53.0,184.0,102.17391304347828,83.87598324493518,14.0,7.608695652173914,0.9722034684781694,2.0,131.0,12390.0,12700.0,26.0,127.0,97.55905511811024,54.766561604108745,6.0,4.724409448818897,0.7874015748031495,1.0,176.66666666666652,-0.10104192608517704,-0.24023388436930238,0.0,-0.24023388436930232,-0.027419812510153945,-0.2599398891263642,0.036452636260120054,-0.2603745002132547,-0.4249264844228416,0.0,-0.01312344236742443,-1.5308411872037004
63,1.0,5.0,102.0,0.5,31970.0,32700.0,53.0,327.0,97.76758409785931,61.40049655497143,22.0,6.727828746177369,0.6341419374106336,2.0,25.04761904761904,23920.0,19800.0,26.0,198.0,120.8080808080808,55.58419071277599,10.0,5.05050505050505,1.271015898193729,2.0,180.5555555555552,0.03416390453017509,0.11079197583187392,0.0,0.11079197583187386,0.2708956546328602,0.2154644851252229,-0.011758914922619388,0.3325522845137809,0.1302469539563534,0.0,-0.15870599989744094,1.0344423196020798
64,1.0,5.0,102.0,0.54,18800.0,17800.0,53.0,178.0,105.61797752808988,81.87201281469278,14.0,7.865168539325842,1.0049743719100177,2.0,131.0,12390.0,12000.0,26.0,120.0,103.25,55.6593169013472,6.0,5.0,0.8333333333333334,1.0,176.66666666666652,-0.10104192608517704,-0.2549622421399811,0.0,-0.25496224213998103,-0.26058844750711524,-0.217551649817024,0.036452636260120054,-0.4330108466504193,-0.478743714320606,0.0,-0.01312344236742443,-1.9775318747676078
66,1.0,5.0,103.0,0.5,31110.0,31500.0,53.0,315.0,98.76190476190476,71.71792572374048,20.0,6.349206349206349,0.6349206349206349,2.0,-20.43809523809523,20480.0,19300.0,26.0,193.0,106.11398963730568,41.04292149687879,9.0,4.66321243523316,1.0362694300518134,2.0,167.33333333333303,0.02533497405719082,0.08133526029051648,0.0,0.08133526029051641,0.20357856663388368,-0.0027710986254055985,0.00029397287306547396,0.5874095835375124,0.12896815665362701,0.0,-0.221205082572799,0.8842795931381077
69,1.0,5.0,104.0,0.5,29030.0,30100.0,53.0,301.0,96.44518272425248,52.57558623433811,20.0,6.64451827242525,0.525295292386774,2.0,2.1333333333334394,22690.0,18100.0,26.0,181.0,125.35911602209944,57.17628059422668,9.0,4.972375690607735,1.4617410558367905,2.0,-62.77777777777783,0.003981281750438172,0.04696909215893278,0.0,0.04696909215893273,0.36042432768172894,0.402130118963554,0.00029397287306547396,0.38863000862812513,0.3089977452194498,0.0,-0.19019109054168526,1.3682045488925416
96,1.0,5.0,113.0,0.5,21330.0,21900.0,53.0,219.0,97.3972602739726,52.2959437713453,15.0,6.849315068493151,0.7219812009516847,2.0,131.0,12390.0,14400.0,26.0,144.0,86.04166666666667,38.11944417701336,6.0,4.166666666666666,0.6944444444444443,1.0,176.66666666666652,-0.07506844457744424,-0.15431846404034313,0.0,-0.15431846404034313,0.2959671656072711,0.40804515217138365,0.030426192362277626,0.25077773493240346,-0.014004969090872676,0.0,-0.01312344236742443,0.5743824609569081
102,1.0,5.0,115.0,0.5,21330.0,21300.0,53.0,213.0,100.14084507042251,54.82522533243812,15.0,7.042253521126761,0.742318699570042,2.0,131.0,12390.0,14000.0,26.0,140.0,88.5,42.37435661948497,6.0,4.285714285714286,0.7142857142857142,1.0,176.66666666666652,-0.07506844457744424,-0.16904682181102185,0.0,-0.16904682181102185,0.11022211790419818,0.3545454645141483,0.030426192362277626,0.12090751777305397,-0.04740373824491153,0.0,-0.01312344236742443,0.14241202374185413
105,1.0,5.0,116.0,0.5,20030.0,20600.0,53.0,206.0,97.23300970873788,65.99995874831093,15.0,7.281553398058252,0.767543121400092,2.0,131.0,12390.0,13600.0,26.0,136.0,91.10294117647058,37.82657114296891,6.0,4.411764705882353,0.735294117647059,1.0,176.66666666666652,-0.08841450226916465,-0.18622990587681373,0.0,-0.18622990587681368,0.3070871897137823,0.11817607148233582,0.030426192362277626,-0.0401693777813816,-0.08882793979276059,0.0,-0.01312344236742443,-0.14730562040596298
117,1.0,5.0,120.0,0.5,17810.0,18200.0,53.0,182.0,97.85714285714285,82.13080373905275,13.0,7.142857142857142,0.9981264903618104,2.0,137.0,12390.0,12300.0,26.0,123.0,100.73170731707316,44.63086810307154,6.0,4.878048780487805,0.8130081300813008,1.0,176.66666666666652,-0.11120546232733335,-0.24514333695952864,0.0,-0.24514333695952856,0.2648323844044812,-0.22302562860798295,0.04247908015796249,0.053189475968536494,-0.4674979451473835,0.0,-0.004879216637634731,-0.9363939861084114
120,1.0,5.0,121.0,0.5,17810.0,17900.0,53.0,179.0,99.4972067039106,84.12374086162399,13.0,7.262569832402235,1.0148548672952489,2.0,137.0,12390.0,11900.0,26.0,119.0,104.11764705882354,42.80709301598375,6.0,5.042016806722689,0.8403361344537815,1.0,176.66666666666652,-0.11120546232733335,-0.252507515844868,0.0,-0.2525075158448679,0.15379745745483964,-0.2651804899797642,0.04247908015796249,-0.027391210648013673,-0.49496972080701895,0.0,-0.004879216637634731,-1.2123645944766985
123,1.0,5.0,122.0,0.5,17810.0,17800.0,53.0,178.0,100.0561797752809,83.25062489947297,13.0,7.303370786516854,1.0205562991339858,2.0,137.0,12390.0,12100.0,26.0,121.0,102.39669421487602,43.66426679854453,6.0,4.958677685950414,0.8264462809917357,1.0,176.66666666666652,-0.11120546232733335,-0.2549622421399811,0.0,-0.25496224213998103,0.11595409283904393,-0.2467122292759446,0.04247908015796249,-0.0548550401690093,-0.5043327604513134,0.0,-0.004879216637634731,-1.2734760201441913
141,1.0,5.0,128.0,0.5,16910.0,15200.0,53.0,152.0,111.25,84.5339624072493,12.0,7.894736842105263,0.9977467689541512,2.0,112.5,7590.0,9800.0,26.0,98.0,77.44897959183673,32.859137443897325,4.0,4.081632653061225,0.5891329277445161,1.0,0.0,-0.12044504072929363,-0.31878512581292223,0.0,-0.3187851258129222,-0.6418853128576458,-0.2738575486745425,0.04850552405580492,-0.4529137838336514,-0.4668743567762053,0.0,-0.03854313836760933,-2.583583908808987
254,1.0,7.0,81.0,0.58,24620.0,25300.0,53.0,253.0,97.31225296442688,69.23673202820233,19.0,7.5098814229249,0.5862607499680366,2.0,66.33333333333348,19560.0,16400.0,26.0,164.0,119.26829268292684,53.11811165189256,9.0,5.487804878048781,1.2195121951219512,2.0,106.0,-0.04129265241916721,-0.07085777000649704,0.0,-0.07085777000649704,0.30172229546041535,0.04971142833811622,0.006320416770907905,-0.19386092950802478,0.20887868523392042,0.0,-0.10197787523293542,0.08778582863023843
257,1.0,7.0,82.0,0.58,23920.0,24900.0,53.0,249.0,96.06425702811244,74.8368073436833,18.0,7.228915662650602,0.7828750477758205,2.0,99.4666666666667,15730.0,15900.0,26.0,159.0,98.93081761006287,46.15554484259183,8.0,5.031446540880504,1.3092238990353036,1.0,-137.33333333333348,-0.04847899117624743,-0.08067667518694951,0.0,-0.08067667518694951,0.38621360224412343,-0.06874208227292752,0.012346860668750334,-0.0047380055750872755,-0.11400642802864756,0.0,-0.05645142870287469,-0.05520982321680974
259,1.0,7.0,83.0,0.54,37580.0,36400.0,53.0,364.0,103.24175824175823,78.2605022846794,26.0,7.142857142857142,0.7371652673076229,2.0,200.60317460317447,26740.0,23000.0,26.0,230.0,116.2608695652174,60.26363463559416,12.0,5.217391304347826,1.150326656984605,2.0,107.22222222222216,0.09175727656906085,0.20161684875105942,0.0,0.20161684875105929,-0.09971462823834308,-0.14116051634311763,-0.035864690513989106,0.053189475968536494,-0.0389406377568233,0.0,0.08251393812233154,0.3150139153097745
262,1.0,7.0,84.0,0.54,36910.0,35700.0,53.0,357.0,103.38935574229691,71.9570842488721,25.0,7.002801120448179,0.6569209747651862,2.0,181.1309523809523,25570.0,21700.0,26.0,217.0,117.83410138248848,62.60353661832804,11.0,5.0691244239631335,1.1597287919002688,2.0,84.72222222222217,0.08487892375871264,0.18443376468526756,0.0,0.18443376468526745,-0.10970721341882886,-0.00782981039238615,-0.029838246616146678,0.14746361259835544,0.09283862639195903,0.0,0.05575837221222708,0.6024317939044276
265,1.0,7.0,85.0,0.54,37580.0,36000.0,53.0,360.0,104.38888888888889,73.74728146302274,26.0,7.222222222222221,0.7453559924999299,2.0,200.60317460317447,25570.0,21700.0,26.0,217.0,117.83410138248848,60.29983730513096,11.0,5.0691244239631335,1.1597287919002688,2.0,84.72222222222217,0.09175727656906085,0.19179794357060692,0.0,0.1917979435706068,-0.17737719476395186,-0.04569629124417815,-0.035864690513989106,-0.00023253478836091668,-0.05239165968609377,0.0,0.08251393812233154,0.2463047308360323
267,1.0,7.0,86.0,0.5,46140.0,47500.0,53.0,475.0,97.13684210526316,81.19482195574075,31.0,6.526315789473684,0.655680484311471,2.0,204.5333333333333,32950.0,29800.0,26.0,298.0,110.57046979865773,38.15733407251511,16.0,5.369127516778524,0.9687085053517208,2.0,56.19047619047615,0.17963593336992753,0.4740914675086158,0.0,0.47409146750861564,0.31359788918916087,-0.2032276219999648,-0.06599691000320125,0.46819414900633016,0.09487579207682975,0.0,0.08791412407655372,1.8231762907328677
268,1.0,7.0,86.0,0.54,36910.0,34700.0,53.0,347.0,106.36887608069163,80.5577957920197,25.0,7.204610951008646,0.6758524149601484,2.0,181.1309523809523,25570.0,21500.0,26.0,215.0,118.93023255813952,61.29907747807328,11.0,5.116279069767442,1.1705169667086437,2.0,84.72222222222217,0.08487892375871264,0.15988650173413635,0.0,0.15988650173413624,-0.31142547199189047,-0.1897531629627362,-0.029838246616146678,0.011621917166338997,0.06174892294857142,0.0,0.05575837221222708,0.0027642579833493802
271,1.0,7.0,87.0,0.54,36910.0,34500.0,53.0,345.0,106.9855072463768,75.64643259920676,25.0,7.246376811594203,0.67977039997441,2.0,181.1309523809523,25570.0,19800.0,26.0,198.0,129.14141414141417,65.57982075161225,11.0,5.555555555555555,1.271015898193729,2.0,84.72222222222217,0.08487892375871264,0.1549770491439101,0.0,0.15497704914391003,-0.3531723811574456,-0.08586737941509283,-0.029838246616146678,-0.016491407627417378,0.055314706062026986,0.0,0.05575837221222708,0.020536685504684397
272,1.0,7.0,87.0,0.58,20760.0,21500.0,53.0,215.0,96.55813953488372,70.54789934874975,16.0,7.441860465116279,0.6898789290321548,2.0,108.33333333333348,15830.0,14200.0,26.0,142.0,111.4788732394366,35.92300641980851,7.0,4.929577464788732,1.0757219941210894,2.0,31.666666666666515,-0.08092017756535243,-0.16413736922079564,0.0,-0.1641373692207956,0.352776972219548,0.021977449173948695,0.024399748464435198,-0.1480748436272175,0.03871421674807715,0.0,-0.044268295124407525,-0.16366966815255968
274,1.0,7.0,88.0,0.54,33600.0,33100.0,53.0,331.0,101.51057401812687,65.06658476674083,24.0,7.250755287009064,0.6191511036833595,2.0,188.09523809523807,21210.0,20500.0,26.0,205.0,103.46341463414636,53.490689987727215,10.0,4.878048780487805,1.0154468290078698,2.0,10.166666666666517,0.05089780763594761,0.1206108810123264,0.0,0.12061088101232634,0.01748929292979384,0.13791891753377147,-0.023811802718304246,-0.019438635332382645,0.15486529097405738,0.0,0.06532756279144734,0.6244701958389836
277,1.0,7.0,89.0,0.54,32520.0,32000.0,53.0,320.0,101.625,58.66570055543908,23.0,7.187499999999999,0.5676844413932797,2.0,131.71428571428578,23920.0,19000.0,26.0,190.0,125.89473684210526,61.796265191003705,10.0,5.263157894736842,1.3245323570650438,2.0,180.5555555555552,0.03981031355359527,0.09360889176608207,0.0,0.09360889176608202,0.009742472241402284,0.27331124051690864,-0.017785358820461818,0.02313959491778185,0.23938518229460024,0.0,-0.012141986923401757,0.7426792413125888
278,1.0,7.0,89.0,0.58,19300.0,19500.0,53.0,195.0,98.97435897435898,64.04937635864262,15.0,7.6923076923076925,0.6280742930213277,2.0,106.83333333333348,12000.0,13400.0,26.0,134.0,89.55223880597015,52.62177126571967,6.0,4.477611940298507,1.292575229529013,1.0,31.666666666666742,-0.09590882697297688,-0.21323189512305807,0.0,-0.213231895123058,0.1891950790602208,0.15943504011683995,0.030426192362277626,-0.31665521388690887,0.1402113973753837,0.0,-0.046329351556854956,-0.3660894737481348
280,1.0,7.0,90.0,0.54,31610.0,31000.0,53.0,310.0,101.96774193548389,53.943500976090256,23.0,7.419354838709677,0.5859968427285467,2.0,237.71428571428575,23920.0,18400.0,26.0,184.0,130.0,64.5941523755702,10.0,5.434782608695652,1.3677236295780344,2.0,180.5555555555552,0.030468073169390982,0.06906162881495087,0.0,0.06906162881495082,-0.013461701086382186,0.3731958110750137,-0.017785358820461818,-0.13292591634581652,0.20931208056611952,0.0,0.13350600096954954,0.7204322471573149
283,1.0,7.0,91.0,0.54,31610.0,30700.0,53.0,307.0,102.96416938110748,55.16390864736954,23.0,7.491856677524431,0.5917231962405521,2.0,237.71428571428575,23920.0,17700.0,26.0,177.0,135.1412429378531,66.90256616358009,10.0,5.649717514124294,1.421814394589595,2.0,180.5555555555552,0.030468073169390982,0.06169744992961151,0.0,0.06169744992961146,-0.08092142154389967,0.3473815916412053,-0.017785358820461818,-0.18172816091032995,0.19990811390183869,0.0,0.13350600096954954,0.554223738266516
284,1.0,7.0,91.0,0.58,18570.0,18200.0,53.0,182.0,102.03296703296702,70.6830338967311,14.0,7.6923076923076925,0.7163958687035878,2.0,137.5,12390.0,12600.0,26.0,126.0,98.33333333333331,54.22772915142256,6.0,4.761904761904762,0.7936507936507936,1.0,176.66666666666652,-0.10340315167678911,-0.24514333695952864,0.0,-0.24514333695952856,-0.017877543767504833,0.019119065900249307,0.036452636260120054,-0.31665521388690887,-0.00483259121376167,0.0,-0.004192197826818923,-0.8816756701304712
286,1.0,7.0,92.0,0.54,30500.0,29500.0,53.0,295.0,103.38983050847456,53.52942916283363,22.0,7.457627118644068,0.5140932504441729,2.0,180.33333333333348,23920.0,18400.0,26.0,184.0,130.0,64.5941523755702,10.0,5.434782608695652,1.3677236295780344,2.0,180.5555555555552,0.019072593140306633,0.032240734388254054,0.0,0.032240734388254005,-0.10973935584301377,0.38195431112406447,-0.011758914922619388,-0.1586876514401767,0.3273940298322039,0.0,0.054662413633068854,0.5673788943003422
287,1.0,7.0,92.0,0.58,18630.0,17100.0,53.0,171.0,108.94736842105264,84.52410821870666,14.0,8.187134502923977,0.762479813473994,2.0,106.5,7840.0,11600.0,26.0,116.0,67.58620689655173,24.988677032564688,4.0,3.4482758620689653,0.4977157493014014,0.0,0.0,-0.10278717978332509,-0.272145326205773,0.0,-0.2721453262057729,-0.4859934982406495,-0.27364911161587063,0.036452636260120054,-0.649731718201169,-0.08051284383366761,0.0,-0.046787364097399024,-2.1472997319235065
289,1.0,7.0,93.0,0.54,27550.0,28200.0,53.0,282.0,97.69503546099293,58.59414356358148,20.0,7.092198581560284,0.5606875283986488,2.0,130.9333333333334,17060.0,17400.0,26.0,174.0,98.04597701149426,46.04328648214037,8.0,4.597701149425287,0.8778880641677854,1.0,275.0,-0.01121269162167429,0.0003292925517834805,0.0,0.0003292925517834469,0.27580731256046526,0.2748248231772823,0.00029397287306547396,0.0872886317708109,0.25087569478504174,0.0,-0.01321504487553312,0.8653212837730252
290,1.0,7.0,93.0,0.58,17110.0,17000.0,53.0,170.0,100.64705882352942,73.27311570437793,13.0,7.647058823529412,0.6706914265289047,2.0,181.6666666666665,8560.0,11700.0,26.0,117.0,73.16239316239316,30.80366662772521,5.0,4.273504273504273,0.9869235370762832,0.0,176.66666666666652,-0.11839180108441356,-0.2746000525008861,0.0,-0.274600052500886,0.07595064291991463,-0.035666676362435576,0.04247908015796249,-0.28619741589881353,0.07022443237361868,0.0,0.056494463795243886,-0.7443073791006951
291,1.0,7.0,94.0,0.5,40620.0,40600.0,53.0,406.0,100.04926108374384,74.72075805924067,28.0,6.896551724137931,0.6654805953746944,2.0,172.86111111111086,29360.0,25200.0,26.0,252.0,116.50793650793652,30.967976360187688,13.0,5.158730158730158,0.8260579362960845,2.0,92.5555555555552,0.12296651917123781,0.3047153531458105,0.0,0.30471535314581033,0.11642249924341515,-0.06628739293899498,-0.04791757830967397,0.21898192314511516,0.07878179481459521,0.0,0.04439529918254317,1.0767737705998583
294,1.0,7.0,95.0,0.5,38040.0,38700.0,53.0,387.0,98.29457364341086,77.21478242056602,26.0,6.718346253229974,0.6933544116278417,2.0,210.8253968253969,30530.0,23900.0,26.0,239.0,127.74058577405856,40.67263829614231,14.0,5.857740585774058,0.9662766011541852,2.0,73.33333333333303,0.096479727752285,0.2580755535386612,0.0,0.2580755535386611,0.23521762550682318,-0.11904131578924178,-0.035864690513989106,0.338935114900779,0.03300668884159931,0.0,0.09655965603234391,1.1614439138079218
296,1.0,7.0,95.0,0.58,17110.0,16200.0,53.0,162.0,105.61728395061728,77.93646073384035,13.0,8.024691358024691,0.703811990801937,2.0,181.6666666666665,6870.0,11100.0,26.0,111.0,61.891891891891895,26.87427159535108,3.0,2.702702702702702,0.0,0.0,0.0,-0.11839180108441356,-0.29423786286179104,0.0,-0.294237862861791,-0.2605414912107758,-0.13430634794030638,0.04247908015796249,-0.5403884213303262,0.015832980348735325,0.0,0.056494463795243886,-1.5272972629874622
297,1.0,7.0,96.0,0.5,39130.0,37900.0,53.0,379.0,103.24538258575198,75.83836334528824,27.0,7.12401055408971,0.66226387324597,2.0,212.3253968253969,28410.0,23300.0,26.0,233.0,121.931330472103,30.88634718414344,12.0,5.150214592274678,0.8583690987124464,2.0,84.72222222222172,0.10766988381688133,0.2384377431777562,0.0,0.23843774317775612,-0.09996000208240376,-0.08992712314830648,-0.04189113441183154,0.0658754415836302,0.08406437955257176,0.0,0.09862071246479133,0.6013276441308453
299,1.0,7.0,96.0,0.58,16380.0,15100.0,53.0,151.0,108.47682119205298,83.14060793216973,12.0,7.947019867549669,0.8885038321191219,2.0,181.6666666666665,7840.0,10800.0,26.0,108.0,72.5925925925926,27.780029426233423,4.0,3.7037037037037033,0.5345835825829868,0.0,0.0,-0.1258861257882258,-0.3212398521080354,0.0,-0.3212398521080353,-0.45413670357908636,-0.24438513628706582,0.04850552405580492,-0.48810639461459826,-0.2874727647943351,0.0,0.056494463795243886,-2.137466841428333
300,1.0,7.0,97.0,0.5,38460.0,37600.0,53.0,376.0,102.2872340425532,74.59697955443731,26.0,6.914893617021277,0.5765820050180532,2.0,194.1309523809523,26740.0,22600.0,26.0,226.0,118.31858407079643,62.97929915348814,12.0,5.3097345132743365,1.17068642082504,2.0,107.22222222222216,0.10079153100653314,0.23107356429241685,0.0,0.23107356429241674,-0.03509182410832518,-0.0636692141456471,-0.035864690513989106,0.2066356770787737,0.22477337190858984,0.0,0.0736208612934381,0.933342841104207
303,1.0,7.0,98.0,0.5,36470.0,36800.0,53.0,368.0,99.10326086956522,66.611537244021,25.0,6.7934782608695645,0.5083773623334161,2.0,240.45238095238096,28410.0,22100.0,26.0,221.0,128.55203619909503,28.277530687383752,12.0,5.429864253393665,0.9049773755656108,2.0,84.72222222222172,0.08036179653997651,0.2114357539315119,0.0,0.2114357539315118,0.18046821605052604,0.1052398847794868,-0.029838246616146678,0.2883624581048793,0.3367808099423775,0.0,0.13726824683830274,1.5215146735024256
304,1.0,7.0,98.0,0.54,23350.0,24000.0,53.0,240.0,97.29166666666669,48.27757941806649,17.0,7.083333333333333,0.4750730937913074,2.0,100.33333333333348,13620.0,15500.0,26.0,155.0,87.87096774193547,59.62639284549738,7.0,4.516129032258064,0.7449680892769366,1.0,420.0000000000002,-0.0543307241641556,-0.1027692118429676,0.0,-0.1027692118429676,0.3031160205111023,0.49304210984520563,0.018373304566592766,0.09325598403620955,0.39147394589558604,0.0,-0.055260596097460465,0.984131620907145
306,1.0,7.0,99.0,0.5,38460.0,36700.0,53.0,367.0,104.79564032697547,72.69369924956233,26.0,7.084468664850137,0.5907216182201307,2.0,194.1309523809523,29580.0,21600.0,26.0,216.0,136.94444444444446,39.81222370739542,13.0,6.018518518518518,0.9637342590120984,2.0,107.22222222222172,0.10079153100653314,0.20898102763639878,0.0,0.20898102763639864,-0.20491491306901322,-0.02341078526951047,-0.035864690513989106,0.09249177271066743,0.2015529313752924,0.0,0.0736208612934381,0.6222287628062158
313,1.0,7.0,101.0,0.54,20820.0,21300.0,53.0,213.0,97.74647887323944,67.97074047533684,16.0,7.511737089201878,0.6963566654549918,2.0,100.33333333333348,11670.0,14000.0,26.0,140.0,83.35714285714285,55.89498551274236,5.0,3.571428571428571,0.4123930494211613,1.0,0.0,-0.0803042056718884,-0.16904682181102185,0.0,-0.16904682181102185,0.2723245118560359,0.0764898438759015,0.024399748464435198,-0.19511001064803019,0.028076309526204806,0.0,-0.055260596097460465,-0.26747804231684535
318,1.0,7.0,103.0,0.5,33600.0,33200.0,53.0,332.0,101.20481927710844,75.92742695303572,22.0,6.626506024096386,0.7253972637826684,2.0,121.6190476190477,23920.0,19600.0,26.0,196.0,122.0408163265306,54.97251901404459,10.0,5.1020408163265305,1.2839854481752977,2.0,180.5555555555552,0.05089780763594761,0.12306560730743953,0.0,0.12306560730743946,0.03818937445430027,-0.09181100799110657,-0.011758914922619388,0.40075436523027913,-0.019614916314408527,0.0,-0.026013223865587572,0.586774698841684
322,1.0,7.0,104.0,0.54,20820.0,19400.0,53.0,194.0,107.31958762886596,72.4344897082998,16.0,8.24742268041237,0.7645565450614085,2.0,100.33333333333348,12390.0,13100.0,26.0,131.0,94.58015267175573,48.6670650407955,6.0,4.580152671755725,0.7633587786259541,1.0,176.66666666666652,-0.0803042056718884,-0.21568662141817116,0.0,-0.21568662141817113,-0.375790153592402,-0.01792795184019106,0.024399748464435198,-0.690312735596533,-0.0839233064566546,0.0,-0.055260596097460465,-1.7104924436270366
324,1.0,7.0,105.0,0.5,32400.0,31700.0,53.0,317.0,102.20820189274448,77.42317759197832,22.0,6.940063091482649,0.6541464149314739,2.0,111.90476190476193,23920.0,19300.0,26.0,193.0,123.93782383419688,54.25991115324052,10.0,5.181347150259067,1.303943771203929,2.0,180.5555555555552,0.03857836976666723,0.08624471288074272,0.0,0.08624471288074266,-0.029741222058302694,-0.12344931715664052,-0.011758914922619388,0.18969366749247044,0.09739508070962925,0.0,-0.03936101790429479,0.2938460716883949
325,1.0,7.0,105.0,0.54,20090.0,18900.0,53.0,189.0,106.29629629629628,80.35564479724653,15.0,7.936507936507936,0.8365813915789363,2.0,131.0,8560.0,12600.0,26.0,126.0,67.93650793650794,27.52823710388858,5.0,3.968253968253968,0.9164289987136918,0.0,176.66666666666652,-0.08779853037570062,-0.22796025289373678,0.0,-0.22796025289373673,-0.3065117053271098,-0.1854772392196747,0.030426192362277626,-0.48103063160043935,-0.202204382577917,0.0,-0.01312344236742443,-1.7016402448934616
330,1.0,7.0,107.0,0.5,32400.0,29800.0,53.0,298.0,108.7248322147651,83.3623948287711,22.0,7.38255033557047,0.6958537366888495,2.0,111.90476190476193,21170.0,18200.0,26.0,182.0,116.31868131868131,8.125020825296906,9.0,4.945054945054945,0.9516762678949876,3.0,-137.33333333333303,0.03857836976666723,0.03960491327359342,0.0,0.039604913273593376,-0.47092744367363687,-0.24907640114154658,-0.011758914922619388,-0.10815216725699381,0.028902232225771596,0.0,-0.03936101790429479,-0.7325855163594659
333,1.0,7.0,108.0,0.5,28630.0,28300.0,53.0,283.0,101.1660777385159,54.42132741978122,21.0,7.420494699646643,0.6321040219080678,2.0,110.66666666666674,18330.0,18100.0,26.0,181.0,101.2707182320442,33.61082414937189,8.0,4.41988950276243,1.150091712412228,2.0,-137.33333333333348,-0.00012519753932195321,0.0027840188468966015,0.0,0.0027840188468965673,0.04081223814099017,0.3630887649141312,-0.005732471024776956,-0.13369317650258994,0.1335936717953012,0.0,-0.04106220734060053,0.36244966013692637
334,1.0,7.0,108.0,0.54,17900.0,17500.0,53.0,175.0,102.28571428571428,77.85840289108397,13.0,7.428571428571429,0.8666143364630343,2.0,106.5,8560.0,11400.0,26.0,114.0,75.08771929824562,30.092046152017065,5.0,4.385964912280701,1.0128952091046066,0.0,176.66666666666652,-0.1102815044871373,-0.26232642102532044,0.0,-0.2623264210253204,-0.03498893415686206,-0.13265525844876727,0.04247908015796249,-0.13912976275629538,-0.25152526574171785,0.0,-0.046787364097399024,-1.1975418515808571
335,1.0,7.0,108.0,0.58,10740.0,9900.0,53.0,99.0,108.4848484848485,84.18318013347903,8.0,8.080808080808081,1.151692348584988,2.0,-64.0,6050.0,7200.0,26.0,72.0,84.02777777777779,65.61411816738458,2.0,2.7777777777777777,0.8018753738744803,1.0,0.0,-0.18378748377384355,-0.4488856194539177,0.0,-0.44888561945391753,-0.4546801640491835,-0.2664377570739995,0.07261129964717464,-0.5781615602493448,-0.7196877913513917,0.0,-0.28106077858558964,-3.308975474344014
341,1.0,7.0,110.0,0.58,10740.0,9400.0,53.0,94.0,114.25531914893617,83.9931080952515,8.0,8.51063829787234,1.2129525798927,2.0,-64.0,6050.0,7200.0,26.0,72.0,84.02777777777779,67.90244102091351,2.0,2.7777777777777777,0.8018753738744803,1.0,0.0,-0.18378748377384355,-0.4611592509294833,0.0,-0.4611592509294832,-0.8453501918744801,-0.2624173289674691,0.07261129964717464,-0.8674877306928904,-0.8202909364167584,0.0,-0.28106077858558964,-4.110101652522823
354,1.0,7.0,115.0,0.5,23640.0,24500.0,53.0,245.0,96.48979591836736,51.0381511464521,17.0,6.938775510204081,0.6190102403307388,2.0,174.79999999999995,12390.0,15500.0,26.0,155.0,79.93548387096774,39.25702415591675,6.0,3.870967741935484,0.6451612903225806,1.0,176.66666666666652,-0.05135352667907952,-0.09049558036740199,0.0,-0.090495580367402,0.35740394359162214,0.43465014293417004,0.018373304566592766,0.1905603607719873,0.1550966204352033,0.0,0.0470594054600403,0.9707990903457323
375,1.0,7.0,122.0,0.5,20030.0,19900.0,53.0,199.0,100.6532663316583,75.9289770012193,15.0,7.537688442211055,0.7945421256704471,2.0,131.0,12390.0,13500.0,26.0,135.0,91.7777777777778,40.1798971342136,6.0,4.444444444444445,0.7407407407407407,1.0,176.66666666666652,-0.08841450226916465,-0.20341298994260557,0.0,-0.20341298994260554,0.07553038476168013,-0.0918437948088933,0.030426192362277626,-0.21257831623914492,-0.1331664067761371,0.0,-0.01312344236742443,-0.8399958652220179
381,1.0,7.0,124.0,0.5,19130.0,19300.0,53.0,193.0,99.11917098445596,66.81705853228152,14.0,7.253886010362693,0.6755650160831762,2.0,106.5,12390.0,12800.0,26.0,128.0,96.796875,47.11564734665423,6.0,4.6875,0.78125,1.0,176.66666666666652,-0.09765408067112494,-0.21814134771328428,0.0,-0.21814134771328425,0.17939107600617,0.100892672156745,0.036452636260120054,-0.021545979494480626,0.062220896858797475,0.0,-0.046787364097399024,-0.22331283840774052
384,1.0,7.0,125.0,0.5,17900.0,18200.0,53.0,182.0,98.35164835164836,73.69920429421764,13.0,7.142857142857142,0.8332830158298409,2.0,106.5,8560.0,12100.0,26.0,121.0,70.74380165289256,31.77277519826973,5.0,4.132231404958678,0.9542979656026872,0.0,176.66666666666652,-0.1102815044871373,-0.24514333695952864,0.0,-0.24514333695952856,0.23135357712095495,-0.04467935680948196,0.04247908015796249,0.053189475968536494,-0.19678770414097876,0.0,-0.046787364097399024,-0.5618004702066003
390,1.0,7.0,127.0,0.5,16910.0,17500.0,53.0,175.0,96.62857142857143,80.4075900684685,12.0,6.857142857142858,0.8666143364630343,2.0,112.5,8560.0,12100.0,26.0,121.0,70.74380165289256,33.88002470198655,5.0,4.132231404958678,0.9542979656026872,0.0,176.66666666666652,-0.12044504072929363,-0.26232642102532044,0.0,-0.2623264210253204,0.3480086211666592,-0.18657599225231253,0.04850552405580492,0.24550871469336716,-0.25152526574171785,0.0,-0.03854313836760933,-0.4797194192257429
393,1.0,7.0,128.0,0.5,17900.0,17900.0,53.0,179.0,100.0,77.9074879773286,13.0,7.262569832402235,0.8472486529666536,2.0,106.5,8560.0,12000.0,26.0,120.0,71.33333333333334,31.60099585863741,5.0,4.166666666666666,0.9622504486493764,0.0,176.66666666666652,-0.1102815044871373,-0.252507515844868,0.0,-0.2525075158448679,0.11975755284254028,-0.1336935124822888,0.04247908015796249,-0.027391210648013673,-0.21972243665525468,0.0,-0.046787364097399024,-0.8806544270593265
660,2.0,5.0,133.0,0.5,34950.0,27500.0,41.0,275.0,127.0909090909091,78.15435010944427,17.0,6.181818181818182,0.4146092454905956,3.0,-1.900000000000091,9510.0,15600.0,15.0,156.0,60.96153846153847,16.518875925410672,6.0,3.8461538461538463,0.6410256410256411,0.0,11.111111111110858,0.18629394592125612,0.41920955756151174,-0.41677800332982845,0.4192095575615116,-0.5108187768134826,-0.2582827505065235,-0.06775384321362816,0.05832100188075277,0.42344319490911764,-0.06095945716872592,-0.07286144372148841,0.11902298308047281
891,2.0,7.0,126.0,0.5,34950.0,28300.0,41.0,283.0,123.49823321554769,76.40794644639352,17.0,6.007067137809187,0.4028888427912149,3.0,-1.900000000000091,9510.0,16000.0,15.0,160.0,59.4375,16.323883531806988,6.0,3.75,0.625,0.0,11.111111111110858,0.18629394592125612,0.44380865140375203,-0.41677800332982845,0.44380865140375186,-0.3994528556918329,-0.21099371250711155,-0.06775384321362816,0.29847277775968606,0.43587830184339865,-0.06095945716872592,-0.07286144372148841,0.5794630126992294
894,2.0,7.0,127.0,0.5,34950.0,28100.0,41.0,281.0,124.37722419928824,74.60664486106184,17.0,6.049822064056939,0.4057563790388392,3.0,-1.900000000000091,9510.0,15900.0,15.0,159.0,59.81132075471698,17.295974567212994,6.0,3.7735849056603774,0.6289308176100629,0.0,11.111111111110858,0.18629394592125612,0.43765887794319197,-0.41677800332982845,0.4376588779431918,-0.4266998559662577,-0.1622181510951815,-0.06775384321362816,0.2397167827715134,0.4328359046842106,-0.06095945716872592,-0.07286144372148841,0.5268936347682537
900,2.0,7.0,129.0,0.5,34950.0,28200.0,41.0,282.0,123.93617021276594,77.0251026889782,17.0,6.028368794326241,0.4043175266309,3.0,-1.900000000000091,9510.0,15400.0,15.0,154.0,61.75324675324675,19.835411645586,6.0,3.896103896103896,0.6493506493506493,0.0,11.111111111110858,0.18629394592125612,0.440733764673472,-0.41677800332982845,0.44073376467347186,-0.41302804554487094,-0.22770504083551119,-0.06775384321362816,0.2691989575616784,0.43436249758500894,-0.06095945716872592,-0.07286144372148841,0.5122370966008342
642,2.0,5.0,127.0,0.5,11790.0,11500.0,28.0,115.0,102.52173913043478,65.5305647534624,7.0,6.086956521739131,0.9914568913905548,3.0,11.333333333333483,5140.0,7700.0,16.0,77.0,66.75324675324676,102.33035805636815,2.0,2.5974025974025974,1.499611088804223,1.0,0.0,-0.039777198303857404,-0.0727723192832942,0.11907942952280814,-0.07277231928329415,0.2507774090844013,0.08354352827751353,0.012480971118299924,0.18868472165134959,-0.18858032898680543,-0.06095945716872592,0.1355724541302942,0.3552768907586896
651,2.0,5.0,130.0,0.5,9960.0,9700.0,28.0,97.0,102.680412371134,56.63389408458218,6.0,6.185567010309279,0.8625361098289437,3.0,0.0,5140.0,6600.0,16.0,66.0,77.87878787878788,129.0252340710729,2.0,3.0303030303030303,1.7495462702715932,1.0,0.0,-0.057640332756878035,-0.12812028042833487,0.11907942952280814,-0.1281202804283348,0.24585884915278827,0.32444716712696225,0.020504452551492733,0.05316917103071143,-0.0517980233025111,-0.06095945716872592,-0.042935166196168606,0.29348552910380954
827,2.0,7.0,104.0,0.58,10710.0,9100.0,28.0,91.0,117.6923076923077,66.81158316467597,6.0,6.593406593406594,0.9194066225649182,4.0,0.0,7260.0,6900.0,16.0,69.0,105.2173913043478,101.50249490102468,3.0,4.3478260869565215,1.4492753623188406,1.0,0.0,-0.05031937601383679,-0.14656960081001508,0.11907942952280814,-0.14656960081001502,-0.21948052690659986,0.048856170705208375,0.020504452551492733,-0.507304734633068,-0.11213647117142278,-0.42671620018108175,-0.042935166196168606,-1.4635916239426987
833,2.0,7.0,106.0,0.58,8880.0,8200.0,28.0,82.0,108.29268292682929,69.35250111772872,5.0,6.097560975609756,0.8623253429104238,3.0,0.0,7920.0,6800.0,16.0,68.0,116.47058823529412,99.6314555573172,4.0,5.88235294117647,1.6980890270283109,1.0,0.0,-0.06818251046685742,-0.17424358138253543,0.11907942952280814,-0.17424358138253532,0.07188944537069912,-0.019946688666604876,0.028527933984685543,0.17411154159569375,-0.051574403923789446,-0.06095945716872592,-0.042935166196168606,-0.19847703871333044
836,2.0,7.0,107.0,0.58,8880.0,8000.0,28.0,80.0,111.0,77.94751088975379,5.0,6.25,0.8838834764831844,3.0,0.0,7260.0,6400.0,16.0,64.0,113.4375,105.18270873152296,3.0,4.6875,1.5625,1.0,0.0,-0.06818251046685742,-0.1803933548430955,0.11907942952280814,-0.1803933548430954,-0.01203208556665424,-0.25268196763675715,0.028527933984685543,-0.03537792170436446,-0.07444714158961697,-0.06095945716872592,-0.042935166196168606,-0.759795596507842
862,2.0,7.0,116.0,0.54,11790.0,11600.0,28.0,116.0,101.63793103448276,71.82109541150778,7.0,6.0344827586206895,0.9829098492233947,2.0,11.333333333333483,9070.0,8200.0,16.0,82.0,110.609756097561,111.55288402559592,5.0,6.097560975609756,1.8628356483560324,1.0,212.22222222222217,-0.039777198303857404,-0.06969743255301417,0.11907942952280814,-0.06969743255301412,0.27817373041009474,-0.08679117132173415,0.012480971118299924,0.2607968367543389,-0.17951209250666636,0.3047972858436299,0.1355724541302942,0.6654253805411796
874,2.0,7.0,120.0,0.54,9960.0,9500.0,28.0,95.0,104.84210526315788,55.18990354688744,6.0,6.315789473684211,0.880694764772711,3.0,0.0,6950.0,7300.0,16.0,73.0,95.2054794520548,130.10346918317398,4.0,5.47945205479452,2.092500317331434,1.0,212.22222222222217,-0.057640332756878035,-0.13427005388889493,0.11907942952280814,-0.13427005388889487,0.1788506000220077,0.3635474764383575,0.020504452551492733,-0.12578916376017923,-0.07106398385012855,-0.06095945716872592,-0.042935166196168606,0.0550537470247959
877,2.0,7.0,121.0,0.54,9960.0,9300.0,28.0,93.0,107.0967741935484,63.88683643845484,6.0,6.451612903225806,0.8996344371334146,3.0,0.0,6950.0,6800.0,16.0,68.0,102.20588235294116,134.56149642782373,4.0,5.88235294117647,2.246360634782275,1.0,212.22222222222217,-0.057640332756878035,-0.14041982734945502,0.11907942952280814,-0.14041982734945493,0.10896027565979494,0.12805232792885923,0.020504452551492733,-0.3124446312302475,-0.09115858786215966,-0.06095945716872592,-0.042935166196168606,-0.46938134425013467
886,2.0,7.0,124.0,0.54,8880.0,7900.0,28.0,79.0,112.40506329113924,77.5450089368629,5.0,6.329113924050633,0.8950718749196804,2.0,0.0,5140.0,5900.0,16.0,59.0,87.11864406779661,148.3790191817338,2.0,3.389830508474576,1.9571195565750024,1.0,0.0,-0.06818251046685742,-0.18346824157337552,0.11907942952280814,-0.18346824157337543,-0.05558629782528103,-0.24178303828393796,0.028527933984685543,-0.1441003013917365,-0.08631780290985658,0.3047972858436299,-0.042935166196168606,-0.5534369508694652
906,2.0,7.0,131.0,0.5,12640.0,13100.0,28.0,131.0,96.4885496183206,56.89960439109911,8.0,6.106870229007633,0.8703629199230061,2.0,11.333333333333483,6950.0,8900.0,16.0,89.0,78.08988764044943,109.497352860993,4.0,4.49438202247191,1.7163204850021871,1.0,212.22222222222217,-0.03148011399507734,-0.0235741315988136,0.11907942952280814,-0.02357413159881358,0.43779447675975425,0.31725227567800324,0.0044574896851071145,0.16131829192851543,-0.060102108321630675,0.3047972858436299,0.1355724541302942,1.3415412180337771
921,2.0,7.0,136.0,0.5,11790.0,11200.0,28.0,112.0,105.26785714285714,65.66475763346521,7.0,6.25,1.0180137724099445,3.0,11.333333333333483,6950.0,7200.0,16.0,72.0,96.5277777777778,140.84453027824694,4.0,5.555555555555555,2.1215628217388143,1.0,212.22222222222217,-0.039777198303857404,-0.0819969794741343,0.11907942952280814,-0.08199697947413426,0.16565312496528203,0.0799098596498274,0.012480971118299924,-0.03537792170436446,-0.21675663519295124,-0.06095945716872592,0.1355724541302942,-0.004169331931655862
927,2.0,7.0,138.0,0.5,10710.0,10000.0,28.0,100.0,107.1,63.61527677689149,6.0,6.0,0.8366600265340756,3.0,0.0,8410.0,7100.0,16.0,71.0,118.45070422535213,121.13451655893198,4.0,5.633802816901409,2.1514439882421783,1.0,212.22222222222217,-0.05031937601383679,-0.11889562023749477,0.11907942952280814,-0.1188956202374947,0.10886028197283146,0.1354056079445137,0.020504452551492733,0.3081847981077312,-0.024344029522156602,-0.06095945716872592,-0.042935166196168606,0.27568530072349984
933,2.0,7.0,140.0,0.5,10710.0,9600.0,28.0,96.0,111.5625,65.11171290792123,6.0,6.25,0.8715208609729952,3.0,0.0,6290.0,6500.0,16.0,65.0,96.76923076923076,157.89274753055415,3.0,4.615384615384616,2.664693550105965,1.0,212.2222222222221,-0.05031937601383679,-0.1311951671586149,0.11907942952280814,-0.13119516715861482,-0.029468484731003115,0.09488517927091544,0.020504452551492733,-0.03537792170436446,-0.06133066003180094,-0.06095945716872592,-0.042935166196168606,-0.3083123388179132
948,2.0,7.0,145.0,0.5,9110.0,8800.0,28.0,88.0,103.52272727272728,72.88121616058345,6.0,6.8181818181818175,1.2448239943299229,2.0,11.333333333333483,6290.0,5800.0,16.0,58.0,108.44827586206895,172.93015205727363,3.0,5.172413793103448,2.986294495808409,1.0,212.2222222222221,-0.0659374170656581,-0.1557942610008552,0.11907942952280814,-0.15579426100085514,0.2197487356483265,-0.11549707216680562,0.020504452551492733,-0.8162022849136719,-0.4573976298502397,0.3047972858436299,0.1355724541302942,-0.9669205683015342
2048,5.0,5.0,91.0,0.58,26990.0,22400.0,32.0,224.0,120.49107142857144,52.15239284619369,14.0,6.25,0.66216057920497,4.0,86.5333333333333,22500.0,18600.0,24.0,186.0,120.96774193548389,21.80364221982861,19.0,10.21505376344086,0.3104033705320571,2.0,88.33333333333326,0.08809755688616942,0.21271629129054007,0.07425907118114033,0.21271629129053995,0.06407369514585426,0.19007075571847346,-0.03784394459595324,-0.02918536919097365,-0.022291847980172395,-0.18871920467353498,-0.03208704582362451,0.5318062492484587
2054,5.0,5.0,93.0,0.58,26140.0,21200.0,32.0,212.0,123.30188679245282,51.54180961291674,13.0,6.132075471698113,0.5378185967448764,4.0,130.83333333333326,22500.0,17700.0,24.0,177.0,127.1186440677966,25.497631091628897,19.0,10.734463276836156,0.3261865927625008,3.0,88.33333333333326,0.0678578349138347,0.13573814003943993,0.07425907118114033,0.13573814003943982,-0.03553234662223542,0.20253120168397967,-0.020484336983130652,0.10270722272064435,0.27322048033543006,-0.18871920467353498,0.043562561945751005,0.7908787645807589
2060,5.0,5.0,95.0,0.58,26140.0,21400.0,32.0,214.0,122.14953271028035,46.74867639207597,13.0,6.074766355140187,0.5327922547192233,4.0,130.83333333333326,22500.0,17900.0,24.0,179.0,125.69832402234636,23.32964624654021,19.0,10.614525139664805,0.3225420498266066,3.0,88.33333333333326,0.0678578349138347,0.14856783191462328,0.07425907118114033,0.1485678319146232,0.005303287875649495,0.30034682164986304,-0.020484336983130652,0.16680455710759845,0.285166132202353,-0.18871920467353498,0.043562561945751005,1.0312323890487707
2063,5.0,5.0,96.0,0.58,26140.0,21100.0,32.0,211.0,123.8862559241706,52.74674863914603,13.0,6.161137440758294,0.5403675000469849,4.0,130.83333333333326,22500.0,17300.0,24.0,173.0,130.0578034682081,24.573053970160174,19.0,10.982658959537572,0.3337284793003622,3.0,88.33333333333326,0.0678578349138347,0.12932329410184823,0.07425907118114033,0.12932329410184817,-0.05624046459035673,0.177941470407737,-0.020484336983130652,0.07020288727323104,0.26716273270623225,-0.18871920467353498,0.043562561945751005,0.6941891403846003
2066,5.0,5.0,97.0,0.58,26140.0,20600.0,32.0,206.0,126.89320388349516,53.780169179606006,13.0,6.310679611650485,0.5534832160675427,4.0,130.83333333333326,22500.0,17500.0,24.0,175.0,128.57142857142858,19.27064713433092,19.0,10.857142857142858,0.3299144395369288,3.0,88.33333333333326,0.0678578349138347,0.09724906441388985,0.07425907118114033,0.09724906441388978,-0.16279679976612912,0.15685199381838408,-0.020484336983130652,-0.09705243104840784,0.235991798303564,-0.18871920467353498,0.043562561945751005,0.3039686165192512
2072,5.0,5.0,99.0,0.58,24600.0,19600.0,32.0,196.0,125.51020408163264,64.02103088102966,12.0,6.122448979591836,0.6845106053570784,3.0,130.83333333333326,22500.0,16900.0,24.0,169.0,133.1360946745562,22.235490697826048,19.0,11.242603550295858,0.3416273782187139,3.0,88.33333333333326,0.031188220987487074,0.03310060503797306,0.07425907118114033,0.03310060503797302,-0.11378784037316629,-0.05213786524793965,-0.0031247293703080617,0.11347396491751116,-0.07540913094004396,0.05959553831795848,0.043562561945751005,0.14382100149433616
2078,5.0,5.0,101.0,0.58,23100.0,19600.0,32.0,196.0,117.85714285714286,67.67391102250618,12.0,6.122448979591836,0.8537347209531383,2.0,81.86666666666679,22500.0,16400.0,24.0,164.0,137.19512195121953,25.18032824502895,19.0,11.585365853658535,0.3520428470668453,3.0,88.33333333333326,-0.004528935434280094,0.03310060503797306,0.07425907118114033,0.03310060503797302,0.15741145139662466,-0.12668382907510686,-0.0031247293703080617,0.11347396491751116,-0.47758876019752244,0.30791028130945197,-0.04005615424176765,0.06727357056168912
2081,5.0,5.0,102.0,0.58,24600.0,18500.0,32.0,185.0,132.97297297297297,68.8915375604939,12.0,6.486486486486487,0.7252112359458778,3.0,130.83333333333326,22500.0,16300.0,24.0,163.0,138.03680981595093,20.324959545421525,19.0,11.65644171779141,0.3542026191347397,3.0,88.33333333333326,0.031188220987487074,-0.0374627002755354,0.07425907118114033,-0.03746270027553541,-0.37824379840165545,-0.15153248009576217,-0.0031247293703080617,-0.2936834859434615,-0.1721386334881432,0.05959553831795848,0.043562561945751005,-0.8650431354180642
2095,5.0,5.0,107.0,0.54,26990.0,23000.0,32.0,230.0,117.34782608695652,51.52817292428419,14.0,6.086956521739131,0.6448868249648403,4.0,86.5333333333333,22500.0,18700.0,24.0,187.0,120.32085561497324,21.50204819477665,19.0,10.16042780748663,0.3087434594596926,2.0,88.33333333333326,0.08809755688616942,0.25120536691609013,0.07425907118114033,0.25120536691609,0.17545996078513054,0.20280949170668844,-0.03784394459595324,0.15317047527813216,0.018761119273993005,-0.18871920467353498,-0.03208704582362451,0.9563182138503212
2098,5.0,5.0,108.0,0.54,26990.0,22800.0,32.0,228.0,118.37719298245617,50.724295448463074,14.0,6.140350877192982,0.6505437269382159,4.0,86.5333333333333,22500.0,18600.0,24.0,186.0,120.96774193548389,20.736878678255387,19.0,10.21505376344086,0.3104033705320571,3.0,88.33333333333326,0.08809755688616942,0.23837567504090676,0.07425907118114033,0.23837567504090662,0.13898258724244275,0.21921457999677757,-0.03784394459595324,0.09345160223561877,0.005316872687833928,-0.18871920467353498,-0.03208704582362451,0.8374234252186834
2101,5.0,5.0,109.0,0.54,26990.0,22900.0,32.0,229.0,117.86026200873364,52.489695992713735,14.0,6.11353711790393,0.6477029246371757,4.0,86.5333333333333,22500.0,18300.0,24.0,183.0,122.95081967213116,21.20813866254148,19.0,10.382513661202186,0.3154919503768448,3.0,88.33333333333326,0.08809755688616942,0.2447905209784985,0.07425907118114033,0.24479052097849835,0.15730091893418527,0.18318725908419595,-0.03784394459595324,0.12344142930936995,0.012068350231101707,-0.18871920467353498,-0.03208704582362451,0.8692854324900467
2111,5.0,5.0,112.0,0.58,20610.0,16000.0,32.0,160.0,128.8125,62.03677159921082,10.0,6.25,0.625,2.0,166.0,21510.0,13200.0,24.0,132.0,162.95454545454547,27.38617853991516,18.0,13.636363636363637,0.0,3.0,75.0,-0.06381941509441359,-0.19783384871532736,0.07425907118114033,-0.1978338487153273,-0.23081033477183197,-0.011644195891901538,0.03159448585533712,-0.02918536919097365,0.06602433505914353,0.30791028130945197,0.10361548609676036,-0.1477233528779423
2125,5.0,5.0,117.0,0.54,23810.0,19900.0,32.0,199.0,119.64824120603016,56.94040446799572,12.0,6.030150753768844,0.6741913499999366,3.0,127.33333333333326,22500.0,17200.0,24.0,172.0,130.8139534883721,25.113353271133427,19.0,11.046511627906977,0.3356687611567592,3.0,88.33333333333326,0.012377185272023031,0.0523451428507481,0.07425907118114033,0.05234514285074805,0.09394082317874275,0.09235965452186039,-0.0031247293703080617,0.21670483985028408,-0.05088429132643285,0.05959553831795848,0.03758573063214346,0.6375041079589077
2145,5.0,5.0,124.0,0.5,26990.0,23300.0,32.0,233.0,115.83690987124464,47.73953971146407,14.0,6.008583690987124,0.6365835611240912,4.0,86.5333333333333,22500.0,19500.0,24.0,195.0,115.38461538461536,18.71175498268896,19.0,9.743589743589745,0.2960770611228847,2.0,88.33333333333326,0.08809755688616942,0.2704499047288652,0.07425907118114033,0.27044990472886504,0.2290018567147389,0.2801258293632354,-0.03784394459595324,0.2408265035207934,0.03849473443479368,-0.18871920467353498,-0.03208704582362451,1.233055166465489
2148,5.0,5.0,125.0,0.5,26990.0,23300.0,32.0,233.0,115.83690987124464,49.27431004811451,14.0,6.008583690987124,0.6365835611240912,4.0,86.5333333333333,22500.0,19100.0,24.0,191.0,117.80104712041886,19.551994931546123,19.0,9.947643979057592,0.3022776278479715,2.0,88.33333333333326,0.08809755688616942,0.2704499047288652,0.07425907118114033,0.27044990472886504,0.2290018567147389,0.24880508256405154,-0.03784394459595324,0.2408265035207934,0.03849473443479368,-0.18871920467353498,-0.03208704582362451,1.2017344196663051
2151,5.0,5.0,126.0,0.5,26990.0,23300.0,32.0,233.0,115.83690987124464,50.77837355510901,14.0,6.008583690987124,0.6365835611240912,4.0,86.5333333333333,22500.0,18500.0,24.0,185.0,121.62162162162164,20.99639893018441,19.0,10.27027027027027,0.312081226588987,2.0,88.33333333333326,0.08809755688616942,0.2704499047288652,0.07425907118114033,0.27044990472886504,0.2290018567147389,0.21811098381356409,-0.03784394459595324,0.2408265035207934,0.03849473443479368,-0.18871920467353498,-0.03208704582362451,1.1710403209158173
2154,5.0,5.0,127.0,0.5,26990.0,22900.0,32.0,229.0,117.86026200873364,51.894608325371294,14.0,6.11353711790393,0.6477029246371757,4.0,86.5333333333333,22500.0,18500.0,24.0,185.0,121.62162162162164,19.21123090268896,19.0,10.27027027027027,0.312081226588987,3.0,88.33333333333326,0.08809755688616942,0.2447905209784985,0.07425907118114033,0.24479052097849835,0.15730091893418527,0.1953314800839498,-0.03784394459595324,0.12344142930936995,0.012068350231101707,-0.18871920467353498,-0.03208704582362451,0.8814296534898005
2155,5.0,5.0,127.0,0.54,20610.0,16400.0,32.0,164.0,125.67073170731706,59.58684457488548,10.0,6.097560975609756,0.6097560975609755,3.0,166.0,21510.0,13900.0,24.0,139.0,154.74820143884892,33.31031195689121,18.0,12.949640287769784,0.0,3.0,75.0,-0.06381941509441359,-0.17217446496496064,0.07425907118114033,-0.17217446496496058,-0.1194764108834596,0.03835256399651222,0.03159448585533712,0.14130993254843452,0.10225313737712001,0.05959553831795848,0.10361548609676036,0.023335459465468653
2158,5.0,5.0,128.0,0.54,20610.0,16300.0,32.0,163.0,126.44171779141104,61.94610530449945,10.0,6.134969325153374,0.6134969325153374,2.0,166.0,21510.0,14300.0,24.0,143.0,150.4195804195804,37.30216807232285,18.0,12.587412587412588,0.0,3.0,75.0,-0.06381941509441359,-0.17858931090255234,0.07425907118114033,-0.17858931090255228,-0.14679761919962472,-0.009793928140393668,0.03159448585533712,0.09947059469827296,0.0933626337408065,0.30791028130945197,0.10361548609676036,0.13262296864223255
2161,5.0,5.0,129.0,0.54,20610.0,15900.0,32.0,159.0,129.62264150943398,64.1679960929014,10.0,6.289308176100629,0.6289308176100629,3.0,166.0,21510.0,13600.0,24.0,136.0,158.16176470588235,34.49060306325181,18.0,13.23529411764706,0.0,3.0,75.0,-0.06381941509441359,-0.20424869465291906,0.07425907118114033,-0.20424869465291898,-0.25951908244116106,-0.055137050259144185,0.03159448585533712,-0.07314956649484665,0.05668231685136359,0.05959553831795848,0.10361548609676036,-0.5343756052928437
2164,5.0,5.0,130.0,0.54,20610.0,16100.0,32.0,161.0,128.01242236024845,59.175729090656624,10.0,6.211180124223603,0.6211180124223603,3.0,166.0,21510.0,13600.0,24.0,136.0,158.16176470588235,34.01067164985651,18.0,13.23529411764706,0.0,3.0,75.0,-0.06381941509441359,-0.1914190027777357,0.07425907118114033,-0.19141900277773563,-0.20245821750833368,0.04674238212060899,0.03159448585533712,0.014232689015956208,0.07525030335129881,0.05959553831795848,0.10361548609676036,-0.2438256822191583
2169,5.0,5.0,132.0,0.5,25450.0,21600.0,32.0,216.0,117.82407407407408,63.80134336027732,13.0,6.018518518518518,0.7746852097537738,3.0,86.5333333333333,22500.0,18000.0,24.0,180.0,125.0,23.74150764437212,19.0,10.555555555555555,0.320750149549792,3.0,88.33333333333326,0.051427942959821796,0.16139752378980665,0.07425907118114033,0.16139752378980654,0.1585833001882226,-0.047654603454229616,-0.020484336983130652,0.2297149038207208,-0.2897189462814404,0.05959553831795848,-0.03208704582362451,0.5064308715050518
2172,5.0,5.0,133.0,0.5,26140.0,21200.0,32.0,212.0,123.30188679245282,51.8547266898394,13.0,6.132075471698113,0.5378185967448764,4.0,130.83333333333326,22500.0,17600.0,24.0,176.0,127.84090909090908,23.51644863102698,19.0,10.795454545454543,0.3280399256759238,3.0,88.33333333333326,0.0678578349138347,0.13573814003943993,0.07425907118114033,0.13573814003943982,-0.03553234662223542,0.196145362512221,-0.020484336983130652,0.10270722272064435,0.27322048033543006,-0.18871920467353498,0.043562561945751005,0.7844929254090001
2175,5.0,5.0,134.0,0.5,25450.0,21000.0,32.0,210.0,121.19047619047618,64.7550664553741,13.0,6.190476190476191,0.7968190728895957,3.0,86.5333333333333,22500.0,17400.0,24.0,174.0,129.31034482758622,24.130262279382062,19.0,10.919540229885058,0.3318104995342679,3.0,88.33333333333326,0.051427942959821796,0.12290844816425657,0.07425907118114033,0.12290844816425647,0.039289093203560506,-0.06711765852164316,-0.020484336983130652,0.03738898672631886,-0.3423224941779432,0.05959553831795848,-0.03208704582362451,0.04576599321097148
2176,5.0,5.0,134.0,0.54,19540.0,14400.0,32.0,144.0,135.69444444444446,71.82124424224705,9.0,6.25,0.5810139073153302,3.0,145.33333333333326,21510.0,12900.0,24.0,129.0,166.74418604651163,43.94603639950181,18.0,13.953488372093023,0.0,3.0,75.0,-0.08929765334194084,-0.3004713837167942,0.07425907118114033,-0.3004713837167941,-0.47468378679126416,-0.21132031869533427,0.04895409346815971,-0.02918536919097365,0.17056209781296158,0.05959553831795848,0.0683237202449823,-0.9837353744278988
2178,5.0,5.0,135.0,0.5,25450.0,20900.0,32.0,209.0,121.77033492822966,63.448382521276464,13.0,6.220095693779904,0.8006316043388283,3.0,86.5333333333333,22500.0,17300.0,24.0,173.0,130.0578034682081,19.826147607199808,19.0,10.982658959537572,0.3337284793003622,3.0,88.33333333333326,0.051427942959821796,0.11649360222666488,0.07425907118114033,0.1164936022266648,0.0187408087468719,-0.04045157326503508,-0.020484336983130652,0.004261077561733192,-0.35138339238021177,0.05959553831795848,-0.03208704582362451,-0.003134705231146548
2181,5.0,5.0,136.0,0.5,25450.0,19900.0,32.0,199.0,127.8894472361809,69.89984546114808,13.0,6.532663316582915,0.8408643482754529,3.0,86.5333333333333,22500.0,17100.0,24.0,171.0,131.57894736842107,25.72206223019872,19.0,11.11111111111111,0.3376317363682023,3.0,88.33333333333326,0.051427942959821796,0.0523451428507481,0.07425907118114033,0.05234514285074805,-0.1981003840121505,-0.17210947177839392,-0.020484336983130652,-0.34532992367259036,-0.44700091109761775,0.05959553831795848,-0.03208704582362451,-0.9251392352070908
2182,5.0,5.0,136.0,0.54,19540.0,14700.0,32.0,147.0,132.92517006802723,57.85717261719847,9.0,6.122448979591836,0.5691564806354256,3.0,145.33333333333326,21510.0,12400.0,24.0,124.0,173.46774193548387,43.66613529150004,18.0,14.516129032258066,0.0,3.0,75.0,-0.08929765334194084,-0.2812268459040192,0.07425907118114033,-0.2812268459040191,-0.3765498208434545,0.07365075561428674,0.04895409346815971,0.11347396491751116,0.19874256990037376,0.05959553831795848,0.0683237202449823,-0.3913014523490213
2184,5.0,5.0,137.0,0.5,25450.0,20300.0,32.0,203.0,125.36945812807885,70.40876535062438,13.0,6.403940886699508,0.8242955926444093,3.0,86.5333333333333,21510.0,16900.0,24.0,169.0,127.27810650887574,27.411593464576598,18.0,10.650887573964498,0.0,3.0,75.0,0.051427942959821796,0.07800452660111482,0.07425907118114033,0.07800452660111476,-0.10880026719119473,-0.18249522827805603,-0.020484336983130652,-0.20136042759776593,-0.4076234501873951,0.05959553831795848,-0.03208704582362451,-0.6115591504000167
2190,5.0,5.0,139.0,0.5,23810.0,18900.0,32.0,189.0,125.97883597883596,60.98940817611485,12.0,6.349206349206349,0.7098628499999332,3.0,127.33333333333326,21510.0,15900.0,24.0,159.0,135.28301886792454,24.2605426639207,18.0,11.320754716981131,5.438959822042073e-16,3.0,75.0,0.012377185272023031,-0.011803316525168688,0.07425907118114033,-0.011803316525168705,-0.13039461181981024,0.009729819358555426,-0.0031247293703080617,-0.14014262905312785,-0.13566151468212592,0.05959553831795848,0.03758573063214346,-0.23938277321388876
2194,5.0,5.0,140.0,0.54,19540.0,13300.0,32.0,133.0,146.91729323308272,73.99431342768806,9.0,6.7669172932330826,0.629067689123365,4.0,145.33333333333326,21510.0,11700.0,24.0,117.0,183.84615384615384,57.615362643452,18.0,15.384615384615383,0.0,3.0,75.0,-0.08929765334194084,-0.3710346890303027,0.07425907118114033,-0.37103468903030257,-0.8723845961587038,-0.2556671164597795,0.04895409346815971,-0.607331091630621,0.05635702672186958,-0.18871920467353498,0.0683237202449823,-2.5075751287090338
2220,5.0,5.0,149.0,0.5,20610.0,16600.0,32.0,166.0,124.15662650602412,65.99701479088738,10.0,6.024096385542169,0.6024096385542168,2.0,166.0,21510.0,13400.0,24.0,134.0,160.52238805970148,35.92402290481393,18.0,13.432835820895525,0.0,3.0,75.0,-0.06381941509441359,-0.1593447730897773,0.07425907118114033,-0.15934477308977724,-0.06582150780472763,-0.09246265537581329,0.03159448585533712,0.22347634302525754,0.1197128011448192,0.30791028130945197,0.10361548609676036,0.31977534415825754
2223,5.0,5.0,150.0,0.5,20610.0,16600.0,32.0,166.0,124.15662650602412,67.90868015870295,10.0,6.024096385542169,0.6024096385542168,2.0,166.0,21510.0,13800.0,24.0,138.0,155.8695652173913,32.28397630872888,18.0,13.043478260869565,0.0,3.0,75.0,-0.06381941509441359,-0.1593447730897773,0.07425907118114033,-0.15934477308977724,-0.06582150780472763,-0.13147486816120893,0.03159448585533712,0.22347634302525754,0.1197128011448192,0.30791028130945197,0.10361548609676036,0.2807631313728619
2241,5.0,5.0,156.0,0.5,19540.0,14900.0,32.0,149.0,131.14093959731542,71.2981282822179,9.0,6.04026845637584,0.5615167963315942,3.0,145.33333333333326,21510.0,12400.0,24.0,124.0,173.46774193548387,38.98638517601075,18.0,14.516129032258066,0.0,3.0,75.0,-0.08929765334194084,-0.26839715402883585,0.07425907118114033,-0.26839715402883574,-0.3133225676153344,-0.2006448566151621,0.04895409346815971,0.20538870367196893,0.21689911567481418,0.05959553831795848,0.0683237202449823,-0.46663914307108495
2288,5.0,7.0,87.0,0.58,26990.0,23300.0,32.0,233.0,115.83690987124464,49.71785485293648,14.0,6.008583690987124,0.6365835611240912,4.0,86.5333333333333,22500.0,18900.0,24.0,189.0,119.04761904761904,24.17188961878697,19.0,10.052910052910052,0.3054763329045638,2.0,88.33333333333326,0.08809755688616942,0.2704499047288652,0.07425907118114033,0.27044990472886504,0.2290018567147389,0.23975346474594755,-0.03784394459595324,0.2408265035207934,0.03849473443479368,-0.18871920467353498,-0.03208704582362451,1.192682801848201
2291,5.0,7.0,88.0,0.58,26990.0,22900.0,32.0,229.0,117.86026200873364,53.25045525789467,14.0,6.11353711790393,0.6477029246371757,4.0,86.5333333333333,22500.0,18800.0,24.0,188.0,119.6808510638298,25.51356525406364,19.0,10.106382978723405,0.3071012070157584,2.0,88.33333333333326,0.08809755688616942,0.2447905209784985,0.07425907118114033,0.24479052097849835,0.15730091893418527,0.16766210346262736,-0.03784394459595324,0.12344142930936995,0.012068350231101707,-0.18871920467353498,-0.03208704582362451,0.853760276868478
2312,5.0,7.0,95.0,0.58,26140.0,20300.0,32.0,203.0,128.76847290640393,54.39396026091333,13.0,6.403940886699508,0.561662770984797,4.0,130.83333333333326,22500.0,17200.0,24.0,172.0,130.8139534883721,27.82789674927766,19.0,11.046511627906977,0.3356687611567592,3.0,88.33333333333326,0.0678578349138347,0.07800452660111482,0.07425907118114033,0.07800452660111476,-0.2292501595358456,0.14432608385899542,-0.020484336983130652,-0.20136042759776593,0.21655219093717096,-0.18871920467353498,0.043562561945751005,0.06275266724884487
2315,5.0,7.0,96.0,0.58,26140.0,20400.0,32.0,204.0,128.1372549019608,55.79575012030557,13.0,6.372549019607843,0.5589095221074206,4.0,130.83333333333326,22500.0,17000.0,24.0,170.0,132.35294117647058,29.493220765981278,19.0,11.176470588235295,0.339617805405662,3.0,88.33333333333326,0.0678578349138347,0.08441937253870649,0.07425907118114033,0.08441937253870642,-0.20688187177022277,0.11571912931783028,-0.020484336983130652,-0.1662502196089288,0.22309558818795014,-0.18871920467353498,0.043562561945751005,0.11099729758810215
2324,5.0,7.0,99.0,0.58,23790.0,19300.0,32.0,193.0,123.26424870466322,66.63352714562832,12.0,6.217616580310881,0.5907644689632839,3.0,126.16666666666674,22500.0,16400.0,24.0,164.0,137.19512195121953,28.739644351966653,19.0,11.585365853658535,0.3520428470668453,3.0,88.33333333333326,0.011900956519732803,0.013856067225198027,0.07425907118114033,0.013856067225197997,-0.03419857671595978,-0.10545224855553477,-0.0031247293703080617,0.0070338399868282355,0.14738882103255965,0.05959553831795848,0.035593453527607864,0.2207082603744208
2338,5.0,7.0,104.0,0.54,26990.0,23000.0,32.0,230.0,117.34782608695652,54.55513224280797,14.0,6.086956521739131,0.6448868249648403,4.0,86.5333333333333,22500.0,19100.0,24.0,191.0,117.80104712041886,24.850737213775965,19.0,9.947643979057592,0.3022776278479715,2.0,88.33333333333326,0.08809755688616942,0.25120536691609013,0.07425907118114033,0.25120536691609,0.17545996078513054,0.1410369749183954,-0.03784394459595324,0.15317047527813216,0.018761119273993005,-0.18871920467353498,-0.03208704582362451,0.8945456970620282
2370,5.0,7.0,115.0,0.5,28820.0,25000.0,32.0,250.0,115.28,46.378223267127,15.0,6.0,0.6324555320336759,4.0,116.86666666666632,22500.0,20300.0,24.0,203.0,110.83743842364532,20.515330938578547,19.0,9.35960591133005,0.2844089996008008,2.0,88.33333333333326,0.13167248772072535,0.3795022856679237,0.07425907118114033,0.37950228566792354,0.24873690890246286,0.30790682476590964,-0.05520355220877584,0.25042692566165586,0.04830544730688965,-0.18871920467353498,0.019712158894307073,1.596101638886627
2407,5.0,7.0,127.0,0.54,22250.0,17400.0,32.0,174.0,127.8735632183908,75.99419562931935,11.0,6.321839080459771,0.7493336097934078,2.0,126.16666666666674,22500.0,15200.0,24.0,152.0,148.0263157894737,31.30287250522217,19.0,12.5,0.3798357034142272,3.0,88.33333333333326,-0.02476865740661482,-0.10802600558904386,0.07425907118114033,-0.10802600558904385,-0.19753750672046635,-0.29647960974929155,0.01423487824251453,-0.10953372978081079,-0.2294680946978421,0.30791028130945197,0.035593453527607864,-0.6418419252723986
2418,5.0,7.0,131.0,0.5,24640.0,21500.0,32.0,215.0,114.6046511627907,62.20444119602016,13.0,6.046511627906977,0.7053837622373537,3.0,81.86666666666679,22500.0,17700.0,24.0,177.0,127.1186440677966,27.537710103870303,19.0,10.734463276836156,0.3261865927625008,2.0,88.33333333333326,0.03214067849206753,0.15498267785221495,0.07425907118114033,0.15498267785221487,0.27266904807869485,-0.015065904575070252,-0.020484336983130652,0.1984060335960503,-0.12501647245855826,0.05959553831795848,-0.04005615424176765,0.7464128571118145
2419,5.0,7.0,131.0,0.54,20610.0,16300.0,32.0,163.0,126.44171779141104,60.13258065399707,10.0,6.134969325153374,0.6134969325153374,3.0,166.0,21510.0,14400.0,24.0,144.0,149.375,30.20349801038288,18.0,12.5,0.0,3.0,75.0,-0.06381941509441359,-0.17858931090255234,0.07425907118114033,-0.17858931090255228,-0.14679761919962472,0.02721548299823228,0.03159448585533712,0.09947059469827296,0.0933626337408065,0.05959553831795848,0.10361548609676036,-0.07868236321063493
2427,5.0,7.0,134.0,0.5,24640.0,21000.0,32.0,210.0,117.33333333333331,61.68248331194266,13.0,6.190476190476191,0.7221786137191952,3.0,81.86666666666679,22500.0,17600.0,24.0,176.0,127.84090909090908,26.959166817647283,19.0,10.795454545454543,0.3280399256759238,3.0,88.33333333333326,0.03214067849206753,0.12290844816425657,0.07425907118114033,0.12290844816425647,0.17597353625553563,-0.004414075870387223,-0.020484336983130652,0.03738898672631886,-0.164931274900337,0.05959553831795848,-0.04005615424176765,0.39528886530591134
2363,5.0,7.0,112.0,0.58,14880.0,12500.0,37.0,125.0,119.04,84.81512466017381,8.0,6.4,0.7155417527999326,3.0,-18.66666666666697,0.0,5700.0,13.0,57.0,0.0,0.0,0.0,0.0,0.0,0.0,0.0,-0.20025895262556415,-0.4223534565310361,-0.6683316406302631,-0.42235345653103595,0.11549488886068557,-0.47649226578741005,0.0663137010809823,-0.19695274610255176,-0.1491580486403521,0.05959553831795848,-0.211733518449772,-2.5062299570383595
2404,5.0,7.0,126.0,0.54,16830.0,16500.0,37.0,165.0,102.0,76.90998592555495,10.0,6.0606060606060606,0.4285495643554833,1.0,-18.666666666666742,5040.0,8200.0,13.0,82.0,61.46341463414634,121.2435565298214,1.0,1.2195121951219512,0.7040856941336899,1.0,0.0,-0.15382664927726686,-0.165759619027369,-0.6683316406302631,-0.16575961902736894,0.7193363839436331,-0.3151685531726734,0.03159448585533712,0.18264212690950335,0.532910293344048,0.5562250243009454,-0.21173351844977162,0.34212871476875406
2455,5.0,7.0,143.0,0.54,6610.0,6700.0,37.0,67.0,98.65671641791045,81.23587364746166,5.0,7.462686567164178,1.0553832555023095,3.0,0.0,0.0,3300.0,13.0,33.0,0.0,0.0,0.0,0.0,0.0,0.0,0.0,-0.3971795416975738,-0.7944145209113535,-0.6683316406302631,-0.7944145209113531,0.8378113461910056,-0.40344888462294015,0.11839252391945009,-1.3855136651179072,-0.9568285693680056,0.05959553831795848,-0.17985708477719786,-4.564189019608181
2463,5.0,7.0,146.0,0.5,17090.0,14300.0,37.0,143.0,119.5104895104895,78.15243500700916,10.0,6.993006993006993,0.4944802665640192,3.0,-18.666666666666742,0.0,6300.0,13.0,63.0,0.0,0.0,0.0,0.0,0.0,0.0,0.0,-0.14763567549749387,-0.3068862296543859,-0.6683316406302631,-0.3068862296543858,0.09882228971544943,-0.34052376897390835,0.03159448585533712,-0.8602009308159221,0.3762187646129528,0.05959553831795848,-0.21173351844977162,-2.275966915174433
2472,5.0,7.0,149.0,0.5,14880.0,13000.0,37.0,130.0,114.46153846153844,81.58406302516129,8.0,6.153846153846154,0.6880209161537815,3.0,-18.66666666666697,0.0,6300.0,13.0,63.0,0.0,0.0,0.0,0.0,0.0,0.0,0.0,-0.20025895262556415,-0.39027922684307775,-0.6683316406302631,-0.39027922684307753,0.2777404910064839,-0.41055454146075493,0.0663137010809823,0.07835782113696041,-0.08375176868894782,0.05959553831795848,-0.211733518449772,-1.8731813239990722
2918,6.0,7.0,129.0,0.58,20470.0,11300.0,21.0,113.0,181.1504424778761,71.87173529462378,7.0,6.1946902654867255,0.484710227880678,5.0,0.0,6440.0,8700.0,14.0,87.0,74.02298850574712,59.47645382561726,5.0,5.747126436781609,2.392719539616244,1.0,15.0,0.17477388295798416,0.3844868301032973,0.40161733321789755,0.38448683010329715,-0.45087215269683256,0.14154868746412488,-0.05619755430114291,0.091431342874622,0.22812340163134665,-0.2959473783048482,0.0,1.0034512230497459
2924,6.0,7.0,131.0,0.58,20470.0,11500.0,21.0,115.0,178.0,70.21265543350809,7.0,6.086956521739131,0.4762804847871009,5.0,0.0,6440.0,9100.0,14.0,91.0,70.76923076923077,57.67756707744965,5.0,5.494505494505495,2.287545054358388,1.0,15.0,0.17477388295798416,0.4211046234464685,0.40161733321789755,0.4211046234464683,-0.42256049936706686,0.21347121008558476,-0.05619755430114291,0.2209241329769468,0.23855045486426485,-0.2959473783048482,0.0,1.3168408290225568
2927,6.0,7.0,132.0,0.58,20470.0,11000.0,21.0,110.0,186.0909090909091,76.56432936046558,7.0,6.363636363636363,0.4979295977319691,5.0,0.0,6440.0,8900.0,14.0,89.0,72.35955056179775,59.30037210289365,5.0,5.617977528089887,2.338950561197902,1.0,15.0,0.17477388295798416,0.3295601400885405,0.40161733321789755,0.3295601400885404,-0.4952699726912377,-0.06187925519493057,-0.05619755430114291,-0.11163689614947904,0.2117718863342708,-0.2959473783048482,0.0,0.4263523260455949
2930,6.0,7.0,133.0,0.58,20470.0,10600.0,21.0,106.0,193.1132075471698,81.21295683478691,7.0,6.60377358490566,0.5167193938727982,5.0,0.0,6440.0,8500.0,14.0,85.0,75.76470588235294,59.30037210289365,5.0,5.88235294117647,2.4490188229013325,1.0,15.0,0.17477388295798416,0.25632455340219823,0.40161733321789755,0.2563245534021981,-0.5583763080291971,-0.26340120872872885,-0.05619755430114291,-0.4002747704856232,0.18853010987427585,-0.2959473783048482,0.0,-0.29662678699498635
2690,6.0,5.0,137.0,0.58,11560.0,10000.0,25.0,100.0,115.6,61.8159709681596,6.0,6.0,0.447213595499958,4.0,0.0,5790.0,4800.0,19.0,48.0,120.625,40.37630526367018,3.0,6.25,0.0,2.0,0.0,-0.017631088708894675,0.14647117337268467,-0.12357456406704544,0.14647117337268464,0.13820110164092037,0.5774746209871999,-0.010704296057360558,0.32544331355953854,0.2745043384580965,-0.07720366390561258,0.0,1.3794521086522114
2702,6.0,5.0,141.0,0.58,11560.0,10000.0,25.0,100.0,115.6,70.47857629581112,6.0,6.0,0.447213595499958,3.0,0.0,4690.0,4300.0,19.0,43.0,109.06976744186044,81.13901616918696,2.0,4.651162790697675,1.3426750446270366,1.0,0.0,-0.017631088708894675,0.14647117337268467,-0.12357456406704544,0.14647117337268464,0.13820110164092037,0.2019433146040215,-0.010704296057360558,0.32544331355953854,0.2745043384580965,0.14154005049362303,0.0,1.2226645166682686
2711,6.0,5.0,144.0,0.58,11560.0,9200.0,25.0,92.0,125.65217391304348,77.2156956398704,6.0,6.521739130434782,0.4861017342390846,4.0,0.0,5790.0,4100.0,19.0,41.0,141.21951219512195,45.15699155619906,3.0,7.317073170731707,0.0,2.0,0.0,-0.017631088708894675,0.0,-0.12357456406704544,0.0,0.047866596238853205,-0.09011653723501623,-0.010704296057360558,-0.3016717699360085,0.22640219723496302,-0.07720366390561258,0.0,-0.34663312643612176
2714,6.0,5.0,145.0,0.58,11560.0,8700.0,25.0,87.0,132.8735632183908,75.60327778513438,6.0,6.896551724137931,0.514038615517193,4.0,0.0,4690.0,3700.0,19.0,37.0,126.75675675675674,93.94803730220931,2.0,5.405405405405405,1.5604061329449346,1.0,0.0,-0.017631088708894675,-0.09154448335792792,-0.12357456406704544,-0.0915444833579279,-0.017028881779873155,-0.020216852264751232,-0.010704296057360558,-0.7521854793437294,0.19184606129880363,-0.07720366390561258,0.0,-1.0097877315443191
2764,6.0,5.0,162.0,0.54,11560.0,9900.0,25.0,99.0,116.76767676767676,70.69141722967053,6.0,6.0606060606060606,0.451730904545412,3.0,0.0,7940.0,5000.0,19.0,50.0,158.8,79.3189024394726,4.0,8.0,1.1547005383792517,2.0,0.0,-0.017631088708894675,0.12816227670109911,-0.12357456406704544,0.12816227670109906,0.127707699498256,0.1927164791520006,-0.010704296057360558,0.25259661194136895,0.26891671599278316,0.14154005049362303,0.0,1.0878921616469293
3002,6.0,7.0,157.0,0.58,8840.0,8100.0,25.0,81.0,109.1358024691358,75.58933549973798,5.0,6.172839506172839,0.8729713347982068,3.0,0.0,4690.0,3900.0,19.0,39.0,120.25641025641023,89.2678995470732,2.0,5.128205128205128,1.480385305614425,1.0,0.0,-0.07636751103593288,-0.20139786338744142,-0.12357456406704544,-0.2013978633874414,0.1962920272280884,-0.019612442338309936,0.034788962186421794,0.11769531264846222,-0.25213076331294737,0.14154005049362303,0.0,-0.38416465497252295
3005,6.0,7.0,158.0,0.58,8840.0,8300.0,25.0,83.0,106.50602409638554,76.25988490378722,5.0,6.024096385542169,0.8519358809476477,3.0,0.0,4690.0,3900.0,19.0,39.0,120.25641025641023,89.40963781010039,2.0,5.128205128205128,1.480385305614425,1.0,0.0,-0.07636751103593288,-0.16478007004427025,-0.12357456406704544,-0.1647800700442702,0.21992469919282573,-0.04868132914229183,0.034788962186421794,0.29648016713303693,-0.2261112518469938,0.14154005049362303,0.0,-0.11156091717489683
3008,6.0,7.0,159.0,0.58,8840.0,8200.0,25.0,82.0,107.8048780487805,78.25793014384001,5.0,6.097560975609756,0.8623253429104238,3.0,0.0,7940.0,4100.0,19.0,41.0,193.65853658536585,139.01835532626632,4.0,9.75609756097561,1.40817138826738,2.0,0.0,-0.07636751103593288,-0.18308896671585584,-0.12357456406704544,-0.1830889667158558,0.20825246486877858,-0.1352982891479179,0.034788962186421794,0.20817789144248483,-0.23896235202225138,0.14154005049362303,0.0,-0.3476212807135509
3011,6.0,7.0,160.0,0.58,8840.0,7800.0,25.0,78.0,113.33333333333331,76.62292340891258,5.0,6.41025641025641,0.9065471553673684,3.0,0.0,4690.0,3200.0,19.0,32.0,146.5625,112.05783735213276,2.0,6.25,1.804219591217581,1.0,0.0,-0.07636751103593288,-0.25632455340219823,-0.12357456406704544,-0.2563245534021981,0.1585706469766807,-0.06441935701503146,0.034788962186421794,-0.1676728204711477,-0.29366190661437336,0.14154005049362303,0.0,-0.9034456063512017
3014,6.0,7.0,161.0,0.58,8840.0,8200.0,25.0,82.0,107.8048780487805,79.67347536636021,5.0,6.097560975609756,0.8623253429104238,3.0,0.0,4690.0,3600.0,19.0,36.0,130.27777777777777,93.94803730220931,2.0,5.555555555555555,1.6037507477489603,1.0,0.0,-0.07636751103593288,-0.18308896671585584,-0.12357456406704544,-0.1830889667158558,0.20825246486877858,-0.19666337811955062,0.034788962186421794,0.20817789144248483,-0.23896235202225138,0.14154005049362303,0.0,-0.40898636968518365
3017,6.0,7.0,162.0,0.58,8840.0,7900.0,25.0,79.0,111.8987341772152,77.46148443537678,5.0,6.329113924050633,0.8950718749196804,3.0,0.0,4690.0,3400.0,19.0,34.0,137.94117647058823,105.21582756586751,2.0,5.88235294117647,1.6980890270283109,1.0,0.0,-0.07636751103593288,-0.2380156567306126,-0.12357456406704544,-0.2380156567306125,0.17146276427779447,-0.10077169050353973,0.034788962186421794,-0.07014193953153466,-0.2794677183974305,0.14154005049362303,0.0,-0.778562960038869
3020,6.0,7.0,163.0,0.58,8840.0,8000.0,25.0,80.0,110.5,77.86629938381533,5.0,6.25,0.8838834764831844,3.0,0.0,4690.0,3400.0,19.0,34.0,137.94117647058823,112.52284791546955,2.0,5.88235294117647,1.6980890270283109,1.0,0.0,-0.07636751103593288,-0.219706760059027,-0.12357456406704544,-0.21970676005902695,0.1840325786463808,-0.11832076271456514,0.034788962186421794,0.024950669384588675,-0.26562838488591095,0.14154005049362303,0.0,-0.6379924821104941
3023,6.0,7.0,164.0,0.58,8840.0,7700.0,25.0,77.0,114.8051948051948,79.92975250286891,5.0,6.493506493506493,0.9183204950474644,3.0,0.0,4690.0,3700.0,19.0,37.0,126.75675675675674,99.45085357607915,2.0,5.405405405405405,1.5604061329449346,1.0,0.0,-0.07636751103593288,-0.27463345007378376,-0.12357456406704544,-0.2746334500737837,0.14534366948592717,-0.20777320988829673,0.034788962186421794,-0.26773697104555616,-0.30822477504474394,0.14154005049362303,0.0,-1.2112712490631705
