,racer_ID,racer_rank,racer_male,racer_age,racer_doub_win,racer_ave_st_time
0,1485,2,1,71,0.151,0.19
1,1710,2,1,70,0.277,0.22
2,1759,2,1,67,0.183,0.22
3,2014,3,1,66,0.388,0.14
4,2223,2,1,69,0.180,0.21
5,2273,2,1,64,0.321,0.19
6,2276,2,1,63,0.363,0.18
7,2349,1,1,66,0.061,0.25
8,2372,2,1,64,0.316,0.20
9,2377,2,1,63,0.320,0.17
10,2380,2,1,63,0.336,0.17
11,2504,2,1,62,0.202,0.22
12,2505,2,1,62,0.137,0.22
13,2528,2,1,65,0.284,0.17
14,2538,2,1,64,0.224,0.20
15,2568,2,1,64,0.269,0.19
16,2585,2,1,61,0.267,0.20
17,2596,2,1,65,0.133,0.20
18,2606,2,1,64,0.173,0.24
19,2613,2,1,63,0.190,0.20
20,2698,2,1,59,0.215,0.21
21,2712,2,1,64,0.212,0.22
22,2752,2,1,61,0.104,0.20
23,2757,1,1,61,0.042,0.19
24,2776,2,1,60,0.242,0.20
25,2781,2,1,59,0.125,0.23
26,2785,2,1,59,0.242,0.19
27,2787,3,1,58,0.405,0.14
28,2788,2,1,58,0.121,0.18
29,2789,1,1,58,0.000,0.00
30,2793,2,1,57,0.105,0.24
31,2795,1,1,57,0.068,0.23
32,2800,2,1,61,0.125,0.22
33,2803,1,1,60,0.000,0.00
34,2808,1,1,58,0.000,0.29
35,2809,2,1,57,0.188,0.20
36,2816,2,1,60,0.250,0.23
37,2820,1,1,60,0.000,0.30
38,2823,2,1,60,0.204,0.21
39,2837,2,1,57,0.291,0.17
40,2838,2,1,57,0.217,0.18
41,2841,3,1,57,0.337,0.18
42,2842,2,1,57,0.254,0.18
43,2843,2,1,56,0.166,0.18
44,2844,2,1,56,0.345,0.21
45,2850,2,1,61,0.128,0.21
46,2871,2,1,57,0.135,0.17
47,2874,1,1,56,0.088,0.20
48,2876,4,1,56,0.531,0.17
49,2878,3,1,55,0.369,0.21
50,2883,2,1,60,0.220,0.23
51,2885,2,1,59,0.152,0.21
52,2887,2,1,58,0.150,0.21
53,2888,2,1,58,0.125,0.22
54,2902,1,1,54,0.000,0.00
55,2903,3,1,54,0.401,0.17
56,2904,2,1,54,0.306,0.19
57,2905,1,1,60,0.036,0.20
58,2907,2,1,59,0.134,0.21
59,2909,1,1,58,0.120,0.23
60,2910,2,1,58,0.221,0.19
61,2912,3,1,58,0.350,0.18
62,2914,4,1,56,0.527,0.16
63,2930,3,1,57,0.329,0.19
64,2935,2,1,55,0.189,0.19
65,2941,2,1,53,0.214,0.19
66,2942,3,1,53,0.496,0.12
67,2958,3,1,56,0.350,0.19
68,2959,2,1,55,0.276,0.19
69,2969,2,1,57,0.214,0.20
70,2970,1,1,57,0.085,0.18
71,2972,2,1,56,0.236,0.19
72,2974,2,1,56,0.346,0.15
73,2983,3,0,54,0.367,0.17
74,2988,1,0,52,0.100,0.23
75,2989,2,1,52,0.296,0.19
76,2992,4,1,52,0.509,0.16
77,2994,2,1,52,0.252,0.23
78,2995,2,0,52,0.223,0.26
79,2997,2,1,51,0.345,0.23
80,3004,1,1,56,0.000,0.25
81,3005,2,1,56,0.305,0.20
82,3006,2,1,56,0.273,0.21
83,3008,1,1,56,0.068,0.18
84,3010,4,1,55,0.646,0.14
85,3013,2,1,55,0.215,0.23
86,3020,2,1,53,0.280,0.23
87,3022,4,1,53,0.594,0.17
88,3024,1,1,52,0.510,0.17
89,3025,3,1,51,0.351,0.19
90,3036,2,1,55,0.306,0.16
91,3044,3,1,53,0.345,0.17
92,3051,2,1,51,0.324,0.18
93,3052,2,1,51,0.224,0.21
94,3054,4,1,50,0.500,0.15
95,3056,4,1,57,0.508,0.18
96,3058,2,1,56,0.271,0.20
97,3060,2,1,55,0.192,0.20
98,3064,4,1,54,0.480,0.16
99,3065,2,1,54,0.293,0.22
100,3066,2,1,53,0.315,0.20
101,3070,4,1,52,0.593,0.15
102,3072,4,1,52,0.484,0.15
103,3073,2,1,51,0.226,0.17
104,3075,4,1,51,0.464,0.14
105,3076,1,0,51,0.000,0.00
106,3078,1,1,50,0.062,0.23
107,3079,2,1,50,0.346,0.18
108,3081,3,1,50,0.438,0.17
109,3083,2,0,54,0.123,0.24
110,3085,3,1,53,0.367,0.18
111,3086,2,1,53,0.188,0.19
112,3089,1,0,52,0.061,0.25
113,3090,2,1,52,0.177,0.19
114,3091,2,1,52,0.224,0.23
115,3092,2,0,52,0.150,0.21
116,3094,1,0,51,0.000,0.00
117,3095,2,1,51,0.235,0.19
118,3100,2,0,50,0.240,0.16
119,3103,2,1,50,0.237,0.19
120,3104,2,1,50,0.155,0.23
121,3105,2,1,50,0.356,0.19
122,3107,3,1,50,0.376,0.19
123,3108,2,1,50,0.229,0.19
124,3114,2,0,53,0.111,0.24
125,3115,2,1,52,0.150,0.22
126,3117,2,0,52,0.120,0.26
127,3120,2,1,52,0.236,0.19
128,3121,3,1,52,0.433,0.17
129,3122,2,1,52,0.231,0.18
130,3123,2,1,51,0.247,0.18
131,3128,2,0,50,0.190,0.19
132,3135,2,1,55,0.319,0.19
133,3136,2,1,54,0.192,0.17
134,3137,2,1,53,0.181,0.21
135,3138,2,1,53,0.178,0.23
136,3139,2,0,53,0.160,0.22
137,3141,2,1,52,0.317,0.18
138,3142,2,0,51,0.169,0.24
139,3151,3,1,49,0.417,0.16
140,3153,3,1,49,0.351,0.21
141,3156,4,1,49,0.514,0.14
142,3158,4,1,48,0.512,0.16
143,3159,4,1,48,0.587,0.15
144,3161,4,1,53,0.503,0.19
145,3162,1,1,53,0.000,0.21
146,3164,2,1,52,0.313,0.23
147,3166,2,1,52,0.125,0.20
148,3169,2,0,51,0.137,0.20
149,3170,2,1,50,0.281,0.22
150,3171,2,1,50,0.109,0.21
151,3174,2,1,50,0.208,0.19
152,3175,2,0,50,0.285,0.18
153,3176,4,1,49,0.450,0.18
154,3177,2,0,49,0.184,0.22
155,3181,2,1,49,0.294,0.21
156,3182,3,0,48,0.336,0.19
157,3186,3,1,53,0.391,0.19
158,3187,3,1,52,0.407,0.20
159,3188,4,0,52,0.496,0.17
160,3189,2,1,51,0.175,0.20
161,3190,2,1,51,0.233,0.18
162,3191,2,1,51,0.123,0.25
163,3195,1,0,50,0.095,0.21
164,3200,4,1,48,0.558,0.14
165,3202,3,1,48,0.363,0.19
166,3207,2,0,48,0.220,0.20
167,3211,2,1,51,0.283,0.18
168,3212,4,1,51,0.450,0.17
169,3214,2,1,51,0.201,0.18
170,3215,2,1,51,0.330,0.22
171,3220,3,1,49,0.330,0.17
172,3224,2,1,48,0.284,0.17
173,3225,2,0,48,0.147,0.24
174,3226,2,1,48,0.289,0.17
175,3227,4,1,48,0.492,0.17
176,3228,2,1,48,0.112,0.23
177,3231,3,1,47,0.431,0.18
178,3232,4,0,47,0.487,0.18
179,3233,3,1,46,0.412,0.17
180,3234,2,1,46,0.243,0.17
181,3235,1,1,51,0.100,0.24
182,3236,2,1,51,0.307,0.20
183,3243,2,1,49,0.333,0.19
184,3245,4,1,49,0.513,0.17
185,3246,3,1,49,0.400,0.17
186,3251,4,1,47,0.534,0.17
187,3254,2,0,46,0.285,0.20
188,3256,4,1,46,0.583,0.13
189,3257,4,1,46,0.563,0.14
190,3261,2,1,50,0.204,0.19
191,3265,4,1,48,0.688,0.17
192,3268,3,1,48,0.434,0.17
193,3269,2,1,48,0.146,0.22
194,3273,3,1,48,0.347,0.18
195,3276,2,1,47,0.279,0.21
196,3277,2,1,47,0.280,0.18
197,3278,4,1,47,0.468,0.18
198,3280,3,0,46,0.383,0.19
199,3281,2,1,46,0.211,0.22
200,3282,3,1,46,0.400,0.17
201,3283,3,1,46,0.365,0.17
202,3284,3,1,46,0.401,0.21
203,3286,3,1,45,0.372,0.17
204,3289,3,0,50,0.398,0.19
205,3290,4,1,50,0.546,0.16
206,3291,2,1,49,0.160,0.20
207,3293,2,1,48,0.280,0.21
208,3294,2,1,48,0.266,0.16
209,3295,4,1,47,0.537,0.16
210,3296,2,1,46,0.103,0.22
211,3297,4,1,46,0.666,0.20
212,3298,2,0,46,0.200,0.19
213,3299,2,0,46,0.188,0.23
214,3300,4,1,46,0.557,0.14
215,3302,3,0,46,0.458,0.20
216,3303,2,1,46,0.336,0.20
217,3304,4,1,46,0.537,0.16
218,3305,3,1,46,0.368,0.19
219,3306,2,1,45,0.288,0.19
220,3307,1,1,45,0.000,0.00
221,3308,2,1,50,0.174,0.24
222,3309,2,1,50,0.283,0.18
223,3310,2,1,49,0.165,0.18
224,3312,3,1,48,0.435,0.20
225,3313,2,1,48,0.250,0.20
226,3314,2,1,48,0.226,0.17
227,3315,2,1,48,0.316,0.17
228,3317,2,0,47,0.205,0.21
229,3319,4,1,46,0.434,0.16
230,3324,2,0,46,0.139,0.21
231,3325,2,1,46,0.239,0.19
232,3326,2,1,46,0.369,0.18
233,3327,4,1,46,0.496,0.17
234,3328,1,0,46,0.090,0.21
235,3329,2,1,46,0.451,0.16
236,3331,4,1,45,0.523,0.15
237,3333,4,1,45,0.486,0.16
238,3334,3,0,45,0.310,0.20
239,3335,2,1,44,0.351,0.18
240,3336,2,1,49,0.288,0.17
241,3338,2,1,48,0.211,0.18
242,3339,2,1,48,0.376,0.17
243,3340,2,1,48,0.177,0.24
244,3341,2,1,48,0.118,0.21
245,3342,2,1,48,0.226,0.16
246,3343,3,1,48,0.343,0.19
247,3344,2,1,47,0.173,0.18
248,3346,3,1,47,0.318,0.16
249,3347,4,1,46,0.492,0.16
250,3349,4,1,45,0.439,0.20
251,3350,4,1,45,0.530,0.16
252,3352,3,1,45,0.331,0.14
253,3353,2,1,45,0.267,0.19
254,3354,2,1,45,0.171,0.21
255,3355,2,0,45,0.179,0.28
256,3357,3,0,45,0.326,0.21
257,3358,2,1,44,0.170,0.22
258,3360,3,1,44,0.383,0.20
259,3361,3,1,44,0.374,0.16
260,3362,4,1,44,0.478,0.18
261,3363,1,1,49,0.095,0.21
262,3365,2,1,48,0.283,0.18
263,3368,2,1,48,0.189,0.21
264,3370,2,1,47,0.247,0.18
265,3372,2,1,47,0.173,0.22
266,3373,2,1,46,0.250,0.19
267,3374,1,1,46,0.093,0.23
268,3376,2,1,46,0.170,0.24
269,3377,2,1,46,0.318,0.18
270,3378,2,1,45,0.120,0.25
271,3379,3,1,45,0.445,0.18
272,3380,1,1,45,0.040,0.20
273,3381,4,1,45,0.451,0.15
274,3382,4,1,45,0.455,0.17
275,3385,3,1,44,0.375,0.22
276,3388,4,1,44,0.675,0.17
277,3390,2,1,48,0.154,0.23
278,3391,4,1,48,0.476,0.15
279,3392,2,1,48,0.297,0.21
280,3393,2,1,48,0.264,0.18
281,3394,2,1,47,0.204,0.20
282,3396,2,1,47,0.131,0.19
283,3397,2,1,47,0.168,0.21
284,3398,2,1,46,0.148,0.22
285,3400,2,1,46,0.243,0.18
286,3401,3,1,46,0.423,0.18
287,3404,2,1,46,0.235,0.20
288,3405,2,1,45,0.109,0.23
289,3406,4,1,45,0.534,0.16
290,3407,1,1,45,0.081,0.20
291,3408,2,1,44,0.178,0.19
292,3409,3,1,44,0.460,0.18
293,3411,2,1,44,0.203,0.20
294,3412,4,1,44,0.504,0.16
295,3413,2,1,44,0.100,0.25
296,3414,3,1,44,0.379,0.17
297,3415,4,1,44,0.459,0.17
298,3417,2,1,44,0.259,0.16
299,3419,2,1,44,0.208,0.22
300,3422,4,1,42,0.392,0.15
301,3424,2,1,47,0.150,0.20
302,3425,2,1,47,0.168,0.22
303,3426,2,1,47,0.320,0.19
304,3427,4,1,46,0.592,0.17
305,3428,2,1,46,0.302,0.19
306,3430,1,1,45,0.409,0.16
307,3432,3,1,45,0.433,0.15
308,3433,2,1,45,0.204,0.22
309,3434,3,1,44,0.365,0.19
310,3435,4,0,44,0.511,0.16
311,3436,4,1,44,0.614,0.15
312,3438,2,1,44,0.238,0.22
313,3439,4,1,44,0.442,0.15
314,3440,3,1,44,0.367,0.18
315,3441,2,1,44,0.314,0.18
316,3442,3,1,44,0.435,0.18
317,3443,3,1,44,0.433,0.19
318,3444,2,1,44,0.229,0.18
319,3445,3,1,44,0.404,0.19
320,3446,2,0,44,0.102,0.22
321,3448,3,1,43,0.357,0.17
322,3452,3,1,43,0.439,0.16
323,3453,2,1,42,0.135,0.25
324,3454,3,1,42,0.392,0.17
325,3455,2,1,42,0.324,0.16
326,3456,2,1,42,0.237,0.23
327,3458,3,1,47,0.370,0.18
328,3459,2,1,46,0.220,0.18
329,3460,2,1,46,0.261,0.19
330,3461,2,1,46,0.299,0.17
331,3462,4,1,46,0.541,0.16
332,3463,3,1,46,0.406,0.18
333,3465,2,1,46,0.100,0.27
334,3466,2,1,45,0.187,0.23
335,3467,2,1,45,0.283,0.16
336,3468,3,1,44,0.426,0.16
337,3469,2,0,44,0.138,0.22
338,3470,3,0,44,0.396,0.17
339,3471,3,1,43,0.354,0.20
340,3472,2,1,43,0.136,0.22
341,3473,4,1,43,0.596,0.15
342,3474,3,0,43,0.390,0.16
343,3475,3,1,43,0.407,0.19
344,3476,2,1,43,0.158,0.25
345,3477,3,1,43,0.396,0.18
346,3478,2,1,43,0.260,0.18
347,3480,2,1,43,0.175,0.21
348,3482,2,1,42,0.217,0.17
349,3483,2,0,42,0.197,0.23
350,3484,4,1,42,0.517,0.16
351,3485,3,1,42,0.385,0.20
352,3486,3,0,47,0.349,0.17
353,3488,3,1,46,0.357,0.14
354,3489,4,1,46,0.562,0.19
355,3491,2,1,46,0.166,0.21
356,3492,2,1,46,0.117,0.22
357,3493,2,1,45,0.228,0.19
358,3494,2,1,45,0.116,0.21
359,3496,2,1,45,0.202,0.18
360,3497,3,1,45,0.453,0.16
361,3498,2,1,45,0.247,0.17
362,3499,4,1,45,0.533,0.15
363,3501,3,1,44,0.416,0.15
364,3502,4,1,44,0.572,0.20
365,3503,2,1,44,0.294,0.17
366,3505,4,1,42,0.514,0.15
367,3506,2,1,42,0.151,0.24
368,3507,3,1,42,0.343,0.20
369,3508,2,1,42,0.313,0.21
370,3509,1,0,42,0.000,0.00
371,3514,4,1,46,0.493,0.16
372,3516,3,1,46,0.351,0.17
373,3517,4,1,46,0.500,0.17
374,3518,4,0,45,0.431,0.18
375,3519,3,1,45,0.408,0.18
376,3520,1,1,45,0.061,0.20
377,3521,2,1,45,0.206,0.17
378,3522,4,1,45,0.598,0.18
379,3523,3,1,45,0.389,0.20
380,3524,2,1,44,0.100,0.20
381,3527,4,1,42,0.431,0.18
382,3528,2,0,42,0.273,0.20
383,3529,4,1,42,0.526,0.16
384,3532,4,1,42,0.475,0.17
385,3533,3,1,41,0.333,0.19
386,3534,4,1,41,0.485,0.15
387,3535,2,1,41,0.360,0.19
388,3536,2,1,47,0.314,0.19
389,3537,2,1,45,0.171,0.19
390,3538,3,1,45,0.390,0.19
391,3539,2,1,45,0.175,0.23
392,3540,2,1,45,0.133,0.22
393,3541,4,1,45,0.414,0.14
394,3542,2,1,45,0.366,0.20
395,3543,4,1,45,0.425,0.14
396,3544,2,1,45,0.267,0.19
397,3545,2,1,44,0.170,0.23
398,3546,3,1,44,0.405,0.17
399,3548,4,1,43,0.554,0.13
400,3549,2,1,42,0.195,0.28
401,3550,4,1,42,0.513,0.16
402,3551,2,0,42,0.178,0.20
403,3552,3,1,42,0.360,0.18
404,3553,2,1,41,0.317,0.18
405,3554,4,1,41,0.535,0.17
406,3555,4,1,41,0.506,0.14
407,3556,4,1,41,0.495,0.16
408,3557,4,1,40,0.514,0.14
409,3558,4,1,40,0.442,0.16
410,3559,3,1,45,0.380,0.18
411,3560,2,1,45,0.285,0.19
412,3561,2,1,45,0.222,0.20
413,3562,4,1,44,0.628,0.17
414,3563,4,1,44,0.453,0.17
415,3564,2,1,43,0.304,0.14
416,3565,2,1,43,0.182,0.21
417,3566,3,1,43,0.434,0.18
418,3567,2,1,43,0.157,0.25
419,3568,4,1,42,0.516,0.17
420,3569,2,1,42,0.230,0.20
421,3571,2,1,42,0.221,0.20
422,3572,4,1,42,0.532,0.19
423,3573,4,1,41,0.521,0.19
424,3574,4,1,41,0.524,0.18
425,3575,2,1,41,0.373,0.16
426,3576,4,1,41,0.508,0.17
427,3577,4,1,41,0.456,0.15
428,3578,3,1,41,0.352,0.17
429,3579,4,0,41,0.472,0.17
430,3580,3,0,40,0.333,0.21
431,3581,2,1,40,0.218,0.18
432,3582,4,1,40,0.526,0.16
433,3583,2,1,40,0.229,0.19
434,3584,4,1,40,0.485,0.16
435,3585,2,1,40,0.263,0.20
436,3586,2,1,40,0.208,0.20
437,3587,3,1,40,0.343,0.15
438,3588,2,1,40,0.294,0.20
439,3589,4,1,40,0.505,0.17
440,3590,4,1,40,0.489,0.13
441,3591,3,1,45,0.389,0.17
442,3592,2,1,45,0.305,0.18
443,3593,2,1,45,0.250,0.19
444,3594,2,1,45,0.109,0.21
445,3595,2,1,45,0.153,0.23
446,3596,2,1,44,0.228,0.19
447,3599,1,1,43,0.040,0.23
448,3600,2,1,43,0.419,0.20
449,3601,2,1,43,0.229,0.21
450,3602,2,1,43,0.330,0.21
451,3604,3,0,43,0.345,0.22
452,3605,3,1,42,0.348,0.17
453,3606,4,1,42,0.481,0.16
454,3607,2,1,41,0.250,0.20
455,3608,2,1,41,0.144,0.20
456,3609,2,1,41,0.193,0.18
457,3610,2,1,41,0.333,0.22
458,3611,3,0,41,0.438,0.16
459,3612,4,1,41,0.465,0.16
460,3613,4,1,41,0.567,0.15
461,3614,2,1,40,0.250,0.18
462,3615,3,1,40,0.450,0.15
463,3616,3,1,40,0.401,0.16
464,3617,2,1,40,0.217,0.22
465,3618,4,0,40,0.444,0.16
466,3619,3,1,40,0.366,0.21
467,3620,2,1,39,0.285,0.20
468,3621,4,1,39,0.496,0.17
469,3622,4,1,39,0.388,0.16
470,3623,4,1,39,0.575,0.17
471,3624,2,1,44,0.322,0.17
472,3626,2,1,44,0.212,0.15
473,3627,2,1,44,0.217,0.23
474,3628,2,1,44,0.197,0.19
475,3629,3,1,44,0.450,0.15
476,3630,2,1,44,0.301,0.18
477,3631,3,1,44,0.341,0.20
478,3632,2,1,43,0.200,0.18
479,3633,2,1,43,0.197,0.19
480,3635,4,1,43,0.524,0.16
481,3636,2,1,43,0.247,0.18
482,3637,2,1,43,0.374,0.19
483,3638,1,1,43,0.081,0.25
484,3639,2,1,43,0.180,0.17
485,3641,4,1,42,0.507,0.17
486,3642,1,1,42,0.200,0.21
487,3643,2,1,41,0.315,0.19
488,3644,2,1,41,0.219,0.21
489,3645,3,0,41,0.487,0.16
490,3647,3,1,41,0.354,0.17
491,3648,2,1,40,0.134,0.21
492,3649,2,1,40,0.175,0.22
493,3650,2,0,40,0.404,0.17
494,3651,2,1,40,0.227,0.21
495,3652,2,1,40,0.252,0.20
496,3653,3,1,40,0.325,0.19
497,3654,4,1,40,0.492,0.18
498,3655,2,1,40,0.289,0.18
499,3656,3,1,40,0.431,0.16
500,3658,2,1,39,0.217,0.18
501,3659,3,1,39,0.430,0.16
502,3660,2,1,44,0.237,0.18
503,3661,2,1,44,0.310,0.22
504,3662,3,1,44,0.482,0.17
505,3663,2,1,43,0.293,0.17
506,3664,4,1,43,0.486,0.17
507,3666,2,1,43,0.309,0.18
508,3667,2,1,42,0.104,0.19
509,3668,2,1,42,0.303,0.19
510,3669,1,1,42,0.058,0.24
511,3670,2,1,42,0.239,0.15
512,3671,2,1,41,0.215,0.20
513,3672,2,1,41,0.241,0.19
514,3673,2,1,41,0.287,0.23
515,3674,3,0,41,0.366,0.17
516,3675,2,1,41,0.197,0.22
517,3676,2,0,41,0.196,0.21
518,3677,1,0,40,0.000,0.00
519,3678,2,1,40,0.148,0.18
520,3679,4,1,40,0.402,0.16
521,3680,3,1,40,0.383,0.21
522,3681,4,1,40,0.435,0.17
523,3682,2,1,40,0.280,0.18
524,3683,2,1,40,0.308,0.17
525,3684,4,1,39,0.520,0.19
526,3685,4,1,39,0.416,0.14
527,3686,3,1,38,0.355,0.16
528,3687,1,1,44,0.000,0.00
529,3688,2,1,43,0.262,0.18
530,3689,2,1,43,0.154,0.24
531,3690,3,1,43,0.340,0.19
532,3691,2,1,43,0.266,0.18
533,3692,2,1,42,0.311,0.18
534,3693,2,0,42,0.369,0.17
535,3694,2,1,42,0.311,0.17
536,3695,2,1,42,0.105,0.21
537,3696,3,1,41,0.405,0.18
538,3697,4,1,41,0.546,0.16
539,3698,2,1,41,0.192,0.20
540,3699,3,1,41,0.424,0.17
541,3701,2,1,40,0.350,0.14
542,3702,3,1,40,0.345,0.17
543,3703,4,1,40,0.503,0.17
544,3704,2,0,40,0.315,0.20
545,3705,2,1,39,0.327,0.19
546,3707,2,0,39,0.261,0.24
547,3708,3,1,39,0.390,0.19
548,3709,2,1,39,0.155,0.20
549,3710,3,1,39,0.343,0.17
550,3711,4,1,39,0.504,0.16
551,3712,4,1,39,0.462,0.18
552,3713,4,1,39,0.483,0.16
553,3714,2,1,39,0.312,0.15
554,3715,2,1,39,0.322,0.17
555,3716,4,1,39,0.343,0.15
556,3717,4,1,38,0.507,0.15
557,3718,2,1,38,0.301,0.20
558,3719,4,1,38,0.516,0.16
559,3720,2,1,38,0.147,0.15
560,3721,4,1,38,0.715,0.13
561,3722,2,1,43,0.272,0.18
562,3723,2,1,43,0.168,0.18
563,3725,3,1,42,0.358,0.18
564,3726,3,1,42,0.405,0.16
565,3727,2,1,42,0.193,0.16
566,3729,2,1,42,0.195,0.22
567,3730,4,1,41,0.524,0.17
568,3731,4,1,40,0.513,0.18
569,3734,4,1,40,0.597,0.18
570,3736,3,1,40,0.333,0.17
571,3737,4,1,40,0.542,0.19
572,3739,2,1,39,0.151,0.21
573,3740,4,1,39,0.527,0.16
574,3741,2,1,39,0.225,0.19
575,3742,3,1,39,0.431,0.17
576,3743,4,1,39,0.512,0.15
577,3744,4,1,39,0.576,0.15
578,3745,2,1,39,0.260,0.18
579,3746,4,1,38,0.554,0.18
580,3747,3,1,38,0.367,0.16
581,3748,2,1,38,0.234,0.15
582,3749,4,1,37,0.628,0.16
583,3750,2,1,43,0.309,0.20
584,3752,2,1,42,0.323,0.16
585,3753,3,1,42,0.379,0.18
586,3754,1,1,42,0.087,0.22
587,3755,2,1,42,0.284,0.20
588,3757,3,1,42,0.403,0.18
589,3758,1,1,42,0.065,0.22
590,3759,2,1,41,0.252,0.18
591,3761,4,1,41,0.438,0.18
592,3762,2,1,41,0.144,0.18
593,3764,2,1,41,0.170,0.18
594,3765,2,1,41,0.135,0.23
595,3766,1,0,40,0.108,0.22
596,3768,2,1,40,0.122,0.22
597,3769,4,1,40,0.458,0.18
598,3770,2,1,39,0.188,0.18
599,3771,4,1,39,0.477,0.15
600,3772,2,1,39,0.296,0.16
601,3773,3,1,39,0.425,0.18
602,3775,2,1,39,0.309,0.16
603,3776,2,1,38,0.315,0.16
604,3777,4,1,38,0.493,0.18
605,3778,2,0,38,0.178,0.23
606,3779,1,1,38,0.260,0.12
607,3780,4,1,38,0.570,0.17
608,3781,2,1,37,0.315,0.18
609,3782,4,1,37,0.587,0.13
610,3783,4,1,37,0.625,0.13
611,3784,3,1,37,0.408,0.17
612,3785,2,1,42,0.160,0.21
613,3786,2,1,42,0.229,0.21
614,3787,2,1,42,0.207,0.20
615,3788,3,1,42,0.350,0.16
616,3789,2,1,41,0.150,0.19
617,3790,2,1,41,0.342,0.21
618,3791,2,1,41,0.277,0.16
619,3792,4,1,41,0.503,0.17
620,3793,3,1,41,0.363,0.16
621,3794,2,1,40,0.192,0.20
622,3795,4,1,40,0.535,0.13
623,3796,2,1,40,0.254,0.18
624,3797,2,1,40,0.317,0.18
625,3798,2,1,40,0.208,0.21
626,3799,3,1,40,0.415,0.14
627,3800,3,1,39,0.472,0.17
628,3801,2,0,39,0.308,0.19
629,3802,2,0,39,0.284,0.21
630,3804,3,1,39,0.444,0.16
631,3805,4,1,39,0.440,0.14
632,3806,1,1,39,0.042,0.24
633,3807,3,1,39,0.340,0.17
634,3808,2,1,38,0.174,0.16
635,3809,3,1,38,0.351,0.19
636,3810,1,1,38,0.062,0.24
637,3811,4,1,38,0.382,0.16
638,3812,2,1,37,0.166,0.18
639,3813,4,1,37,0.449,0.18
640,3814,4,1,37,0.465,0.19
641,3815,4,1,37,0.448,0.13
642,3817,2,0,36,0.389,0.20
643,3818,2,1,42,0.170,0.16
644,3819,2,1,41,0.155,0.20
645,3820,2,1,41,0.277,0.19
646,3821,1,1,41,0.022,0.22
647,3822,4,1,41,0.371,0.16
648,3823,2,1,41,0.288,0.19
649,3824,2,1,40,0.164,0.23
650,3825,2,1,40,0.197,0.15
651,3826,4,1,40,0.445,0.16
652,3827,2,1,40,0.250,0.17
653,3828,3,1,40,0.368,0.18
654,3829,2,1,40,0.177,0.20
655,3830,3,1,39,0.326,0.18
656,3831,2,1,39,0.347,0.13
657,3832,2,1,39,0.303,0.18
658,3833,3,1,39,0.506,0.16
659,3834,3,1,39,0.400,0.19
660,3835,2,1,38,0.175,0.22
661,3837,4,1,38,0.466,0.16
662,3838,3,1,38,0.426,0.15
663,3839,2,1,38,0.235,0.17
664,3841,3,1,37,0.470,0.19
665,3842,4,1,37,0.503,0.18
666,3843,3,1,37,0.422,0.17
667,3845,4,0,37,0.488,0.19
668,3846,2,1,37,0.125,0.18
669,3847,2,1,36,0.237,0.15
670,3848,3,1,36,0.408,0.16
671,3849,4,1,36,0.503,0.13
672,3850,2,1,41,0.270,0.18
673,3851,2,1,41,0.292,0.16
674,3852,2,1,41,0.250,0.16
675,3853,4,1,41,0.555,0.17
676,3854,4,1,41,0.543,0.13
677,3855,2,1,41,0.252,0.22
678,3856,2,1,41,0.131,0.20
679,3857,3,1,40,0.363,0.18
680,3858,2,1,40,0.325,0.17
681,3859,2,1,40,0.238,0.18
682,3860,3,1,40,0.377,0.20
683,3862,3,1,39,0.483,0.17
684,3863,2,1,39,0.388,0.17
685,3864,2,1,39,0.139,0.22
686,3865,2,1,38,0.219,0.20
687,3866,2,1,38,0.320,0.16
688,3867,2,1,38,0.293,0.18
689,3868,2,1,38,0.284,0.19
690,3869,2,1,38,0.238,0.18
691,3870,2,1,38,0.309,0.17
692,3871,3,0,38,0.402,0.20
693,3872,4,1,37,0.475,0.20
694,3873,3,1,37,0.335,0.18
695,3874,4,1,37,0.443,0.15
696,3875,3,1,37,0.304,0.18
697,3876,4,1,36,0.492,0.15
698,3877,3,1,36,0.359,0.19
699,3878,2,1,36,0.300,0.17
700,3879,2,1,41,0.145,0.20
701,3880,2,1,40,0.252,0.16
702,3881,3,1,40,0.378,0.18
703,3882,3,1,40,0.385,0.18
704,3883,2,1,40,0.162,0.21
705,3884,2,1,40,0.100,0.20
706,3885,4,1,39,0.458,0.17
707,3887,4,1,39,0.469,0.16
708,3888,4,1,38,0.615,0.15
709,3889,3,1,38,0.384,0.15
710,3890,3,1,38,0.396,0.18
711,3891,2,1,38,0.241,0.19
712,3892,4,1,37,0.492,0.16
713,3893,2,1,37,0.276,0.17
714,3894,3,0,37,0.390,0.17
715,3895,4,1,37,0.469,0.16
716,3896,2,1,37,0.294,0.16
717,3897,4,1,37,0.460,0.15
718,3898,4,1,37,0.528,0.16
719,3899,4,1,37,0.559,0.16
720,3900,4,0,36,0.516,0.18
721,3901,4,1,36,0.516,0.18
722,3902,3,1,36,0.378,0.20
723,3903,4,1,36,0.609,0.14
724,3904,3,1,36,0.412,0.18
725,3905,3,1,36,0.340,0.16
726,3906,2,1,36,0.333,0.19
727,3907,3,1,35,0.345,0.21
728,3908,4,1,35,0.507,0.14
729,3909,4,1,40,0.500,0.14
730,3910,2,1,40,0.305,0.21
731,3911,2,1,40,0.252,0.17
732,3912,3,1,39,0.408,0.16
733,3915,4,1,39,0.491,0.19
734,3916,2,1,39,0.225,0.21
735,3918,4,1,39,0.496,0.18
736,3919,3,1,39,0.442,0.21
737,3920,4,1,39,0.429,0.16
738,3921,3,1,38,0.398,0.19
739,3922,2,1,38,0.275,0.20
740,3924,2,1,38,0.125,0.22
741,3925,2,1,38,0.235,0.21
742,3926,2,1,38,0.276,0.20
743,3927,2,1,38,0.173,0.22
744,3928,2,1,38,0.265,0.18
745,3929,3,1,38,0.342,0.17
746,3930,3,1,37,0.393,0.15
747,3931,4,1,37,0.520,0.15
748,3932,3,0,37,0.393,0.17
749,3933,4,1,37,0.497,0.16
750,3934,2,1,36,0.275,0.17
751,3935,2,1,36,0.281,0.18
752,3936,2,1,36,0.354,0.18
753,3939,4,1,35,0.421,0.19
754,3940,4,1,35,0.520,0.14
755,3941,4,1,35,0.514,0.15
756,3942,4,1,35,0.430,0.16
757,3943,3,0,35,0.351,0.17
758,3944,4,1,34,0.493,0.19
759,3945,2,1,38,0.319,0.20
760,3946,4,1,37,0.506,0.17
761,3947,3,1,37,0.435,0.17
762,3948,2,1,37,0.225,0.18
763,3949,2,1,37,0.232,0.19
764,3950,2,1,37,0.221,0.18
765,3951,2,1,37,0.116,0.27
766,3952,4,1,37,0.516,0.15
767,3953,3,1,37,0.316,0.17
768,3955,4,1,36,0.492,0.19
769,3956,4,1,36,0.475,0.16
770,3957,4,1,36,0.448,0.21
771,3959,4,1,36,0.520,0.18
772,3960,4,1,35,0.390,0.12
773,3961,4,1,35,0.516,0.15
774,3963,3,1,34,0.349,0.19
775,3964,2,1,34,0.156,0.20
776,3965,2,1,34,0.333,0.16
777,3966,4,1,34,0.495,0.19
778,3967,3,1,34,0.470,0.16
779,3968,2,1,37,0.352,0.21
780,3969,2,1,37,0.191,0.23
781,3970,3,1,37,0.369,0.20
782,3971,1,1,37,0.153,0.18
783,3972,1,1,37,0.062,0.21
784,3973,2,1,37,0.330,0.19
785,3974,2,1,37,0.221,0.19
786,3975,3,1,36,0.340,0.20
787,3976,2,1,36,0.233,0.19
788,3977,3,1,36,0.333,0.17
789,3978,4,1,36,0.517,0.15
790,3979,2,1,36,0.176,0.22
791,3980,2,1,36,0.288,0.16
792,3981,4,1,36,0.485,0.13
793,3982,2,1,36,0.211,0.18
794,3983,4,1,36,0.491,0.15
795,3984,4,1,36,0.492,0.17
796,3985,3,1,35,0.392,0.17
797,3986,4,1,35,0.448,0.15
798,3987,3,1,35,0.434,0.17
799,3988,3,1,35,0.431,0.17
800,3989,2,1,35,0.206,0.25
801,3990,4,1,35,0.461,0.16
802,3992,3,1,35,0.438,0.14
803,3993,4,0,34,0.483,0.18
804,3994,2,0,34,0.209,0.20
805,3995,4,1,34,0.477,0.14
806,3996,4,1,34,0.503,0.17
807,3997,3,1,34,0.394,0.19
808,3998,2,1,34,0.241,0.20
809,3999,3,0,34,0.382,0.17
810,4000,4,1,36,0.432,0.17
811,4002,4,1,36,0.496,0.15
812,4003,3,1,36,0.311,0.19
813,4004,3,1,35,0.309,0.19
814,4005,2,1,35,0.319,0.19
815,4006,3,1,35,0.406,0.18
816,4007,3,1,34,0.390,0.13
817,4008,4,1,34,0.482,0.18
818,4009,3,1,34,0.396,0.14
819,4010,2,1,34,0.166,0.22
820,4011,3,0,34,0.426,0.17
821,4012,2,1,34,0.313,0.16
822,4013,4,1,34,0.493,0.15
823,4014,3,0,34,0.417,0.20
824,4015,4,1,34,0.508,0.16
825,4016,3,1,34,0.424,0.18
826,4017,3,0,33,0.366,0.18
827,4019,4,1,33,0.609,0.17
828,4020,2,1,33,0.250,0.21
829,4021,3,1,33,0.384,0.14
830,4022,3,1,33,0.396,0.16
831,4023,2,1,36,0.304,0.18
832,4024,4,1,36,0.488,0.15
833,4025,4,1,36,0.506,0.16
834,4026,2,1,36,0.262,0.19
835,4027,4,1,35,0.448,0.17
836,4028,4,1,35,0.476,0.15
837,4030,4,1,35,0.423,0.17
838,4031,3,1,35,0.349,0.18
839,4032,1,1,35,0.095,0.20
840,4033,4,1,35,0.532,0.14
841,4034,2,1,35,0.238,0.20
842,4035,2,1,35,0.260,0.17
843,4036,4,1,35,0.552,0.15
844,4037,2,1,35,0.268,0.18
845,4038,2,1,35,0.314,0.19
846,4039,3,1,35,0.451,0.14
847,4040,3,1,34,0.386,0.14
848,4041,2,1,34,0.301,0.21
849,4042,4,1,34,0.393,0.15
850,4043,4,1,34,0.467,0.18
851,4044,4,1,34,0.529,0.15
852,4045,2,0,34,0.351,0.14
853,4046,2,1,34,0.238,0.19
854,4047,3,1,33,0.352,0.17
855,4049,4,1,33,0.538,0.18
856,4050,4,0,32,0.500,0.18
857,4051,4,1,32,0.560,0.19
858,4052,4,1,32,0.496,0.15
859,4053,3,1,35,0.376,0.17
860,4054,2,1,35,0.182,0.17
861,4055,4,1,35,0.467,0.15
862,4056,2,1,35,0.209,0.21
863,4057,3,1,34,0.416,0.16
864,4058,3,1,34,0.376,0.18
865,4059,3,1,34,0.416,0.15
866,4060,2,1,34,0.315,0.19
867,4061,4,1,34,0.620,0.17
868,4062,3,1,34,0.363,0.15
869,4063,4,1,34,0.553,0.15
870,4064,4,1,34,0.476,0.20
871,4065,4,0,34,0.526,0.14
872,4066,4,1,33,0.467,0.18
873,4067,4,1,33,0.496,0.16
874,4068,3,1,33,0.407,0.16
875,4069,4,1,33,0.487,0.20
876,4070,1,1,33,0.000,0.00
877,4071,2,0,33,0.250,0.20
878,4072,2,1,32,0.482,0.19
879,4073,4,1,32,0.474,0.16
880,4074,4,1,32,0.452,0.13
881,4075,4,1,32,0.548,0.14
882,4076,3,1,35,0.337,0.21
883,4077,3,1,35,0.362,0.17
884,4078,2,1,35,0.271,0.18
885,4079,3,1,35,0.452,0.19
886,4080,4,1,34,0.553,0.11
887,4081,2,1,34,0.225,0.21
888,4082,3,1,34,0.403,0.18
889,4083,4,1,34,0.541,0.14
890,4084,4,1,34,0.468,0.17
891,4085,3,1,34,0.421,0.20
892,4086,4,1,33,0.496,0.16
893,4087,2,1,33,0.189,0.20
894,4088,2,0,33,0.222,0.22
895,4089,4,1,33,0.523,0.16
896,4090,2,1,33,0.325,0.15
897,4091,3,1,33,0.384,0.18
898,4092,2,1,32,0.345,0.15
899,4093,2,1,32,0.257,0.16
900,4094,2,1,32,0.287,0.20
901,4095,4,1,32,0.596,0.17
902,4096,4,1,32,0.496,0.16
903,4097,2,1,31,0.104,0.22
904,4098,2,0,31,0.182,0.21
905,4099,4,1,35,0.537,0.17
906,4100,2,1,34,0.267,0.17
907,4101,4,1,34,0.540,0.16
908,4102,4,1,34,0.476,0.16
909,4103,2,1,34,0.277,0.24
910,4104,2,1,34,0.294,0.17
911,4105,3,1,34,0.411,0.19
912,4106,3,1,34,0.361,0.21
913,4107,2,1,34,0.228,0.20
914,4108,4,1,34,0.542,0.16
915,4109,3,1,33,0.463,0.16
916,4110,2,1,33,0.339,0.17
917,4111,2,1,33,0.250,0.20
918,4112,4,1,33,0.490,0.19
919,4113,2,1,33,0.317,0.19
920,4114,2,1,33,0.330,0.17
921,4115,2,1,33,0.164,0.20
922,4116,3,1,32,0.372,0.19
923,4117,3,0,32,0.390,0.20
924,4118,3,1,32,0.386,0.18
925,4119,2,1,32,0.208,0.18
926,4120,3,1,32,0.385,0.17
927,4121,3,1,32,0.423,0.16
928,4122,3,1,32,0.400,0.17
929,4123,3,0,32,0.446,0.20
930,4124,2,1,31,0.292,0.18
931,4125,2,0,34,0.169,0.23
932,4126,2,1,34,0.206,0.17
933,4127,2,1,34,0.122,0.23
934,4128,3,1,33,0.409,0.17
935,4129,2,1,33,0.267,0.17
936,4130,2,0,33,0.148,0.24
937,4131,4,1,33,0.507,0.17
938,4132,1,1,33,0.000,0.21
939,4133,3,1,33,0.417,0.15
940,4134,3,1,33,0.386,0.16
941,4136,4,1,33,0.496,0.18
942,4137,4,1,33,0.560,0.15
943,4138,2,1,33,0.318,0.17
944,4139,2,1,33,0.250,0.20
945,4140,1,1,33,0.609,0.16
946,4141,2,1,32,0.105,0.18
947,4142,3,1,32,0.364,0.19
948,4143,2,1,32,0.295,0.14
949,4144,4,1,32,0.508,0.19
950,4145,2,1,32,0.259,0.23
951,4146,2,1,32,0.256,0.17
952,4147,2,1,32,0.105,0.19
953,4148,4,1,31,0.539,0.19
954,4149,3,1,31,0.376,0.17
955,4150,3,1,31,0.431,0.17
956,4151,2,1,31,0.259,0.21
957,4152,3,1,33,0.485,0.18
958,4153,2,1,33,0.188,0.19
959,4154,2,1,33,0.335,0.18
960,4155,3,1,33,0.400,0.15
961,4156,2,1,32,0.254,0.21
962,4157,2,1,32,0.152,0.19
963,4158,3,1,32,0.421,0.14
964,4159,3,1,32,0.449,0.16
965,4160,2,1,32,0.267,0.18
966,4161,2,1,32,0.207,0.19
967,4162,3,1,32,0.357,0.16
968,4163,3,1,31,0.438,0.19
969,4164,2,1,31,0.189,0.19
970,4166,4,1,31,0.380,0.14
971,4167,3,1,31,0.426,0.12
972,4168,4,1,31,0.536,0.16
973,4169,2,1,31,0.190,0.23
974,4170,2,0,31,0.180,0.21
975,4171,3,1,31,0.416,0.15
976,4172,4,1,31,0.518,0.15
977,4173,3,1,31,0.386,0.17
978,4174,4,1,31,0.548,0.18
979,4175,3,1,31,0.369,0.14
980,4176,3,1,31,0.440,0.12
981,4177,3,1,31,0.377,0.17
982,4179,3,1,30,0.352,0.18
983,4180,3,1,30,0.390,0.18
984,4181,2,1,30,0.308,0.19
985,4182,2,1,30,0.284,0.19
986,4183,4,0,27,0.557,0.14
987,4184,4,1,27,0.487,0.15
988,4185,2,1,33,0.168,0.18
989,4186,2,1,33,0.187,0.18
990,4187,2,1,32,0.189,0.17
991,4188,4,1,32,0.527,0.14
992,4189,4,1,32,0.416,0.19
993,4190,4,0,32,0.582,0.15
994,4191,3,1,32,0.423,0.21
995,4192,2,1,32,0.120,0.18
996,4193,4,1,32,0.560,0.14
997,4194,2,1,32,0.190,0.20
998,4195,2,1,31,0.269,0.16
999,4196,2,1,31,0.236,0.21
1000,4197,2,1,31,0.244,0.20
1001,4198,2,1,31,0.198,0.22
1002,4199,2,1,31,0.302,0.20
1003,4200,2,1,31,0.158,0.21
1004,4201,4,1,31,0.440,0.18
1005,4202,2,1,31,0.281,0.22
1006,4203,2,1,31,0.376,0.17
1007,4204,2,1,31,0.311,0.20
1008,4205,4,1,31,0.585,0.15
1009,4207,2,1,30,0.307,0.16
1010,4208,4,0,30,0.510,0.16
1011,4209,3,1,30,0.379,0.18
1012,4210,4,1,30,0.401,0.17
1013,4211,2,1,30,0.285,0.16
1014,4212,2,1,29,0.228,0.21
1015,4213,2,1,29,0.254,0.14
1016,4214,3,1,29,0.375,0.18
1017,4215,3,1,29,0.414,0.15
1018,4216,3,1,28,0.428,0.15
1019,4217,2,1,32,0.163,0.22
1020,4218,4,1,32,0.477,0.17
1021,4219,2,1,32,0.182,0.19
1022,4220,3,1,32,0.381,0.16
1023,4221,2,1,32,0.157,0.16
1024,4222,4,1,32,0.472,0.16
1025,4223,2,1,31,0.100,0.22
1026,4224,1,0,31,0.000,0.00
1027,4225,1,0,31,0.000,0.00
1028,4226,2,1,31,0.272,0.17
1029,4227,4,1,30,0.496,0.17
1030,4228,2,1,30,0.307,0.17
1031,4229,2,1,30,0.265,0.21
1032,4230,3,1,30,0.380,0.16
1033,4231,2,1,30,0.317,0.15
1034,4232,2,1,30,0.156,0.18
1035,4233,3,1,30,0.403,0.16
1036,4234,2,1,30,0.219,0.20
1037,4235,3,1,30,0.359,0.19
1038,4236,4,1,30,0.495,0.15
1039,4237,4,1,30,0.550,0.15
1040,4238,4,1,29,0.486,0.16
1041,4239,2,1,29,0.353,0.16
1042,4240,2,0,29,0.276,0.16
1043,4241,2,1,28,0.321,0.18
1044,4243,2,0,28,0.284,0.17
1045,4244,2,0,27,0.290,0.16
1046,4245,2,1,32,0.197,0.22
1047,4246,2,0,31,0.214,0.19
1048,4247,2,1,31,0.322,0.16
1049,4248,2,1,31,0.311,0.19
1050,4249,2,1,31,0.228,0.19
1051,4250,2,1,31,0.295,0.17
1052,4251,2,1,30,0.228,0.22
1053,4252,2,1,30,0.242,0.19
1054,4253,2,1,30,0.272,0.17
1055,4254,3,1,30,0.427,0.15
1056,4256,4,1,30,0.557,0.15
1057,4257,3,1,30,0.367,0.14
1058,4258,2,1,30,0.270,0.21
1059,4259,3,1,29,0.496,0.15
1060,4260,4,1,29,0.481,0.16
1061,4261,4,1,29,0.489,0.17
1062,4262,4,1,29,0.609,0.16
1063,4263,2,1,29,0.309,0.18
1064,4264,4,1,29,0.519,0.18
1065,4265,2,1,28,0.189,0.21
1066,4266,4,1,28,0.493,0.16
1067,4268,2,1,28,0.299,0.15
1068,4269,3,1,28,0.443,0.17
1069,4270,3,1,31,0.381,0.20
1070,4271,3,1,31,0.398,0.16
1071,4272,3,1,31,0.302,0.17
1072,4273,3,1,31,0.350,0.19
1073,4274,3,1,31,0.336,0.17
1074,4275,2,0,31,0.256,0.21
1075,4276,3,1,30,0.357,0.18
1076,4277,2,1,30,0.155,0.16
1077,4278,4,1,30,0.513,0.12
1078,4279,1,1,30,0.061,0.20
1079,4280,1,1,30,0.111,0.18
1080,4281,3,1,30,0.341,0.17
1081,4282,2,0,30,0.180,0.19
1082,4283,2,0,29,0.160,0.19
1083,4284,2,1,29,0.228,0.18
1084,4285,2,1,29,0.270,0.18
1085,4286,3,0,29,0.326,0.16
1086,4287,3,1,29,0.398,0.14
1087,4288,4,1,29,0.492,0.16
1088,4289,3,0,29,0.419,0.15
1089,4290,4,1,29,0.462,0.14
1090,4291,2,1,28,0.126,0.22
1091,4292,4,1,28,0.456,0.15
1092,4293,3,1,28,0.307,0.16
1093,4294,4,1,27,0.550,0.16
1094,4295,4,1,27,0.486,0.17
1095,4296,4,1,26,0.489,0.16
1096,4297,4,1,31,0.488,0.12
1097,4298,2,1,31,0.288,0.15
1098,4299,2,1,31,0.254,0.18
1099,4300,2,0,30,0.308,0.19
1100,4301,3,1,30,0.430,0.19
1101,4302,3,1,30,0.398,0.17
1102,4303,2,1,30,0.277,0.17
1103,4304,3,0,30,0.418,0.17
1104,4305,3,1,30,0.419,0.14
1105,4306,2,1,30,0.287,0.20
1106,4307,2,1,30,0.177,0.20
1107,4308,4,1,30,0.503,0.17
1108,4309,2,1,29,0.157,0.21
1109,4310,2,1,29,0.190,0.18
1110,4311,4,1,29,0.554,0.14
1111,4312,1,1,29,0.115,0.19
1112,4313,3,0,29,0.301,0.17
1113,4314,3,1,29,0.416,0.16
1114,4315,2,1,29,0.232,0.20
1115,4316,4,1,29,0.424,0.14
1116,4317,2,0,29,0.250,0.18
1117,4318,2,1,29,0.299,0.17
1118,4319,2,1,28,0.235,0.19
1119,4320,4,1,28,0.575,0.15
1120,4321,3,1,28,0.357,0.16
1121,4322,2,1,27,0.295,0.22
1122,4323,2,1,27,0.236,0.20
1123,4324,4,1,26,0.483,0.20
1124,4325,2,1,30,0.329,0.16
1125,4327,3,1,30,0.351,0.17
1126,4328,2,1,30,0.181,0.17
1127,4329,2,1,30,0.155,0.16
1128,4330,4,1,30,0.526,0.14
1129,4331,2,1,30,0.274,0.18
1130,4332,2,1,30,0.257,0.19
1131,4333,2,1,30,0.228,0.18
1132,4334,2,1,30,0.152,0.18
1133,4335,4,1,29,0.518,0.14
1134,4336,2,1,29,0.333,0.19
1135,4337,4,1,29,0.471,0.16
1136,4338,2,0,29,0.194,0.18
1137,4339,2,1,29,0.147,0.20
1138,4340,2,1,29,0.208,0.18
1139,4341,1,0,29,0.000,0.00
1140,4342,4,1,29,0.493,0.14
1141,4343,2,1,29,0.231,0.22
1142,4344,4,1,28,0.438,0.16
1143,4345,2,1,28,0.196,0.20
1144,4346,2,1,28,0.247,0.18
1145,4347,4,0,28,0.479,0.17
1146,4348,3,1,28,0.386,0.17
1147,4349,2,0,28,0.324,0.19
1148,4350,4,1,27,0.610,0.15
1149,4351,4,1,27,0.503,0.16
1150,4352,4,1,27,0.578,0.14
1151,4353,2,1,25,0.250,0.17
1152,4354,2,0,30,0.146,0.21
1153,4355,2,1,30,0.244,0.20
1154,4356,3,1,29,0.387,0.16
1155,4357,3,1,29,0.487,0.22
1156,4358,2,1,29,0.327,0.20
1157,4359,3,1,29,0.415,0.14
1158,4360,2,1,29,0.297,0.18
1159,4361,4,1,29,0.525,0.13
1160,4362,4,1,28,0.530,0.13
1161,4363,3,1,28,0.390,0.15
1162,4364,4,1,28,0.489,0.14
1163,4365,2,1,28,0.340,0.20
1164,4366,4,1,28,0.496,0.16
1165,4367,2,1,28,0.311,0.20
1166,4368,2,1,28,0.257,0.20
1167,4369,3,1,28,0.414,0.17
1168,4370,4,1,27,0.549,0.16
1169,4371,4,1,26,0.520,0.16
1170,4372,2,0,26,0.266,0.17
1171,4373,2,0,25,0.314,0.24
1172,4374,2,1,29,0.183,0.15
1173,4375,2,1,29,0.247,0.19
1174,4376,3,1,29,0.395,0.17
1175,4377,3,1,29,0.350,0.18
1176,4378,3,1,29,0.364,0.19
1177,4379,4,1,29,0.447,0.16
1178,4380,2,1,29,0.252,0.20
1179,4381,3,1,29,0.382,0.17
1180,4382,3,1,29,0.347,0.16
1181,4383,2,1,28,0.197,0.19
1182,4384,2,1,28,0.300,0.21
1183,4385,2,0,28,0.180,0.25
1184,4386,1,1,28,0.000,0.00
1185,4387,4,0,28,0.404,0.16
1186,4388,3,1,28,0.379,0.16
1187,4389,2,1,28,0.250,0.19
1188,4390,2,1,27,0.221,0.20
1189,4391,4,1,27,0.486,0.16
1190,4393,2,1,27,0.197,0.22
1191,4394,2,1,27,0.329,0.16
1192,4395,3,1,27,0.349,0.19
1193,4396,2,1,27,0.301,0.18
1194,4397,4,1,27,0.559,0.16
1195,4398,4,1,26,0.510,0.16
1196,4399,3,0,26,0.468,0.16
1197,4400,2,0,25,0.165,0.20
1198,4401,3,1,29,0.401,0.15
1199,4402,4,1,28,0.540,0.17
1200,4403,3,1,28,0.419,0.17
1201,4404,2,1,28,0.267,0.16
1202,4405,3,1,28,0.362,0.14
1203,4406,1,1,28,0.041,0.25
1204,4407,2,1,27,0.200,0.22
1205,4408,2,0,27,0.294,0.20
1206,4409,4,1,27,0.536,0.16
1207,4410,3,1,27,0.414,0.19
1208,4411,3,1,27,0.428,0.17
1209,4412,1,0,27,0.020,0.20
1210,4413,4,1,27,0.448,0.15
1211,4414,2,0,27,0.152,0.22
1212,4415,3,1,27,0.398,0.15
1213,4416,2,1,27,0.264,0.20
1214,4417,3,1,26,0.333,0.19
1215,4418,4,1,26,0.492,0.15
1216,4419,2,0,26,0.180,0.18
1217,4420,2,1,26,0.295,0.17
1218,4421,2,1,25,0.271,0.16
1219,4422,2,1,25,0.280,0.19
1220,4423,2,1,24,0.157,0.21
1221,4424,4,1,28,0.496,0.13
1222,4425,2,1,28,0.212,0.19
1223,4426,2,1,28,0.257,0.18
1224,4427,3,1,28,0.433,0.20
1225,4428,2,1,28,0.263,0.17
1226,4429,2,1,28,0.142,0.18
1227,4430,3,1,28,0.395,0.17
1228,4431,2,1,27,0.301,0.16
1229,4432,3,1,27,0.360,0.17
1230,4433,2,0,27,0.315,0.25
1231,4434,2,1,27,0.336,0.16
1232,4435,2,1,27,0.232,0.20
1233,4436,2,1,27,0.276,0.17
1234,4437,2,1,27,0.284,0.18
1235,4438,2,1,27,0.267,0.16
1236,4439,2,1,27,0.273,0.19
1237,4440,2,1,27,0.234,0.19
1238,4441,2,1,27,0.302,0.20
1239,4442,2,1,27,0.306,0.18
1240,4443,2,0,27,0.351,0.18
1241,4444,4,1,27,0.470,0.14
1242,4445,4,1,27,0.514,0.14
1243,4446,4,1,27,0.519,0.14
1244,4447,2,0,26,0.230,0.23
1245,4448,4,1,26,0.508,0.18
1246,4449,2,1,26,0.179,0.20
1247,4450,3,0,26,0.466,0.23
1248,4451,3,1,26,0.456,0.17
1249,4452,2,1,26,0.180,0.18
1250,4453,2,1,26,0.206,0.17
1251,4454,2,0,26,0.169,0.26
1252,4455,1,0,25,0.104,0.21
1253,4456,4,0,24,0.449,0.17
1254,4457,2,1,28,0.247,0.18
1255,4458,2,1,27,0.198,0.18
1256,4459,4,1,27,0.514,0.15
1257,4460,4,1,27,0.495,0.16
1258,4461,2,1,27,0.160,0.24
1259,4462,2,1,27,0.229,0.20
1260,4463,2,1,27,0.285,0.16
1261,4464,3,0,27,0.354,0.18
1262,4465,2,1,27,0.147,0.19
1263,4466,2,1,27,0.276,0.17
1264,4467,3,1,27,0.410,0.15
1265,4468,3,1,27,0.417,0.17
1266,4469,2,1,26,0.276,0.20
1267,4470,3,1,26,0.420,0.15
1268,4471,2,1,26,0.339,0.16
1269,4472,3,1,26,0.369,0.14
1270,4473,2,0,26,0.305,0.19
1271,4474,2,1,26,0.141,0.18
1272,4475,3,1,26,0.341,0.18
1273,4477,4,1,26,0.544,0.13
1274,4478,3,0,25,0.398,0.16
1275,4479,2,0,25,0.136,0.20
1276,4480,1,0,25,0.020,0.20
1277,4481,1,0,25,0.040,0.21
1278,4482,4,0,24,0.430,0.18
1279,4483,2,1,24,0.196,0.16
1280,4484,2,0,23,0.208,0.21
1281,4485,1,1,27,0.333,0.18
1282,4486,1,1,27,0.164,0.23
1283,4487,2,1,27,0.258,0.17
1284,4488,3,1,27,0.352,0.17
1285,4489,3,1,27,0.307,0.18
1286,4490,1,1,26,0.106,0.19
1287,4491,2,1,26,0.279,0.20
1288,4492,3,1,26,0.324,0.17
1289,4493,2,0,26,0.160,0.23
1290,4494,4,1,26,0.519,0.16
1291,4495,2,1,26,0.225,0.19
1292,4496,2,1,26,0.296,0.19
1293,4497,4,1,26,0.473,0.16
1294,4498,2,1,26,0.284,0.19
1295,4499,3,0,26,0.377,0.17
1296,4500,4,1,26,0.600,0.16
1297,4501,3,0,25,0.371,0.16
1298,4502,4,0,25,0.461,0.16
1299,4503,4,1,25,0.507,0.15
1300,4504,4,1,25,0.367,0.15
1301,4505,3,1,25,0.404,0.18
1302,4506,2,1,25,0.274,0.16
1303,4508,2,1,25,0.215,0.20
1304,4509,2,1,25,0.235,0.20
1305,4510,2,0,24,0.147,0.26
1306,4511,2,1,24,0.263,0.18
1307,4512,4,1,24,0.441,0.15
1308,4513,3,1,24,0.311,0.17
1309,4514,2,1,24,0.292,0.21
1310,4515,3,1,27,0.367,0.18
1311,4516,2,1,27,0.197,0.18
1312,4517,2,1,26,0.114,0.19
1313,4518,3,1,26,0.376,0.17
1314,4519,2,0,26,0.366,0.15
1315,4520,2,1,26,0.290,0.16
1316,4521,2,1,26,0.300,0.16
1317,4522,3,1,26,0.392,0.15
1318,4523,2,1,25,0.381,0.17
1319,4524,4,1,25,0.603,0.15
1320,4525,2,0,25,0.207,0.17
1321,4526,2,1,25,0.275,0.17
1322,4527,2,1,25,0.164,0.22
1323,4528,4,1,25,0.471,0.17
1324,4529,2,1,25,0.269,0.19
1325,4530,4,0,25,0.491,0.18
1326,4531,3,1,25,0.450,0.19
1327,4532,4,1,25,0.486,0.15
1328,4533,2,1,25,0.295,0.18
1329,4534,2,0,24,0.150,0.22
1330,4535,1,1,24,0.333,0.23
1331,4536,3,0,23,0.333,0.18
1332,4537,4,1,23,0.465,0.15
1333,4538,2,1,23,0.175,0.17
1334,4539,3,1,23,0.453,0.14
1335,4540,2,1,26,0.228,0.18
1336,4541,1,1,26,0.062,0.18
1337,4542,2,1,26,0.129,0.20
1338,4543,3,1,26,0.370,0.18
1339,4544,3,1,26,0.400,0.21
1340,4545,3,1,25,0.435,0.15
1341,4546,3,0,25,0.564,0.13
1342,4547,4,1,25,0.533,0.15
1343,4548,2,0,25,0.127,0.22
1344,4549,2,1,25,0.161,0.22
1345,4550,2,1,25,0.234,0.16
1346,4551,2,1,25,0.282,0.19
1347,4552,2,1,24,0.194,0.21
1348,4553,3,1,24,0.333,0.18
1349,4554,1,1,24,0.000,0.00
1350,4555,2,1,24,0.145,0.22
1351,4556,3,0,24,0.432,0.18
1352,4557,2,1,23,0.129,0.19
1353,4558,2,1,23,0.192,0.20
1354,4559,3,1,23,0.467,0.18
1355,4560,2,1,22,0.250,0.18
1356,4561,2,1,22,0.234,0.20
1357,4562,2,1,26,0.304,0.19
1358,4563,2,1,26,0.225,0.21
1359,4564,2,1,26,0.131,0.18
1360,4565,2,1,26,0.149,0.20
1361,4566,2,1,26,0.241,0.18
1362,4567,2,1,26,0.155,0.17
1363,4568,2,1,25,0.226,0.17
1364,4569,2,0,25,0.204,0.21
1365,4570,2,1,25,0.271,0.18
1366,4571,3,1,25,0.388,0.17
1367,4572,2,1,25,0.265,0.17
1368,4573,4,1,25,0.525,0.16
1369,4574,2,1,25,0.236,0.21
1370,4575,2,1,25,0.214,0.17
1371,4577,1,0,24,0.102,0.22
1372,4578,2,1,24,0.281,0.23
1373,4579,3,1,24,0.400,0.18
1374,4580,2,1,24,0.300,0.18
1375,4581,2,1,24,0.233,0.18
1376,4583,2,1,24,0.285,0.17
1377,4584,2,1,24,0.247,0.15
1378,4585,1,0,23,0.062,0.24
1379,4586,4,1,23,0.513,0.14
1380,4587,2,1,23,0.333,0.17
1381,4588,2,1,22,0.250,0.20
1382,4589,2,0,21,0.200,0.24
1383,4590,2,0,21,0.276,0.16
1384,4591,2,1,33,0.118,0.21
1385,4592,2,1,33,0.163,0.17
1386,4593,2,1,33,0.217,0.18
1387,4594,3,1,32,0.422,0.15
1388,4595,2,1,31,0.100,0.24
1389,4596,2,1,30,0.217,0.18
1390,4597,1,1,29,0.102,0.20
1391,4598,3,1,29,0.318,0.15
1392,4599,1,0,29,0.173,0.19
1393,4600,3,1,29,0.351,0.15
1394,4601,3,1,28,0.401,0.15
1395,4602,2,1,28,0.125,0.22
1396,4603,2,1,25,0.194,0.16
1397,4604,4,1,25,0.504,0.14
1398,4605,1,0,25,0.090,0.25
1399,4606,1,1,25,0.020,0.19
1400,4607,2,1,24,0.322,0.21
1401,4608,3,1,24,0.367,0.15
1402,4609,1,1,23,0.069,0.20
1403,4610,2,1,23,0.117,0.18
1404,4611,3,0,23,0.411,0.18
1405,4612,1,1,22,0.113,0.15
1406,4613,1,1,39,0.013,0.21
1407,4614,2,1,33,0.171,0.19
1408,4615,1,1,33,0.032,0.20
1409,4616,1,1,32,0.073,0.18
1410,4617,1,1,31,0.084,0.20
1411,4618,2,1,30,0.265,0.19
1412,4619,2,1,30,0.265,0.20
1413,4620,1,1,30,0.079,0.18
1414,4621,1,0,30,0.052,0.18
1415,4622,2,1,29,0.125,0.18
1416,4623,2,1,29,0.180,0.18
1417,4624,2,1,28,0.344,0.16
1418,4625,2,1,27,0.221,0.16
1419,4626,1,1,27,0.041,0.24
1420,4627,2,0,27,0.149,0.18
1421,4628,1,1,27,0.103,0.17
1422,4629,2,0,27,0.152,0.19
1423,4630,2,1,26,0.168,0.18
1424,4631,1,1,26,0.078,0.21
1425,4632,1,1,24,0.084,0.21
1426,4633,2,1,24,0.233,0.17
1427,4634,2,1,24,0.125,0.15
1428,4635,1,1,23,0.059,0.14
1429,4636,1,1,23,0.125,0.16
1430,4637,2,1,23,0.204,0.21
1431,4638,2,1,23,0.129,0.20
1432,4639,1,1,23,0.087,0.18
1433,4640,1,1,22,0.178,0.15
1434,4641,2,1,22,0.153,0.17
1435,4642,2,0,22,0.255,0.16
1436,4643,2,1,20,0.282,0.17
1437,4644,1,1,34,0.079,0.18
1438,4645,2,1,33,0.275,0.16
1439,4646,1,1,33,0.087,0.22
1440,4647,1,1,31,0.023,0.18
1441,4648,2,1,29,0.166,0.17
1442,4649,2,1,29,0.107,0.17
1443,4650,2,1,29,0.220,0.18
1444,4651,1,1,29,0.040,0.18
1445,4652,1,1,28,0.053,0.20
1446,4653,2,1,27,0.303,0.16
1447,4654,2,1,27,0.116,0.21
1448,4655,1,1,26,0.000,0.20
1449,4656,2,1,26,0.193,0.15
1450,4657,3,1,26,0.422,0.14
1451,4658,1,1,22,0.016,0.20
1452,4659,2,1,22,0.301,0.18
1453,4660,1,1,22,0.033,0.26
1454,4661,1,1,21,0.014,0.25
1455,4662,1,1,31,0.017,0.20
1456,4663,2,1,31,0.113,0.17
1457,4664,1,1,30,0.089,0.17
1458,4665,1,1,30,0.016,0.17
1459,4666,1,1,30,0.083,0.18
1460,4667,2,1,29,0.116,0.16
1461,4668,1,1,29,0.032,0.19
1462,4669,1,1,28,0.029,0.18
1463,4670,2,0,28,0.128,0.22
1464,4671,1,1,28,0.014,0.21
1465,4672,2,1,27,0.152,0.18
1466,4673,1,0,27,0.096,0.17
1467,4674,2,1,26,0.120,0.18
1468,4675,2,1,26,0.106,0.16
1469,4676,2,1,25,0.179,0.18
1470,4677,1,1,25,0.065,0.20
1471,4678,2,0,25,0.144,0.16
1472,4679,2,1,24,0.120,0.21
1473,4680,2,0,23,0.107,0.19
1474,4681,2,1,23,0.100,0.21
1475,4682,2,1,23,0.280,0.15
1476,4683,1,1,23,0.054,0.19
1477,4684,2,1,23,0.162,0.15
1478,4685,3,1,23,0.422,0.15
1479,4686,2,1,22,0.233,0.15
1480,4687,2,0,21,0.109,0.20
1481,4688,2,1,21,0.284,0.17
1482,4689,1,0,20,0.063,0.18
1483,4690,2,0,20,0.157,0.21
1484,4691,2,1,30,0.116,0.18
1485,4692,2,1,29,0.145,0.14
1486,4693,1,1,29,0.089,0.14
1487,4694,2,0,28,0.103,0.17
1488,4695,1,1,28,0.051,0.23
1489,4696,1,1,27,0.000,0.22
1490,4697,1,1,27,0.057,0.20
1491,4698,1,1,27,0.047,0.19
1492,4699,1,0,27,0.000,0.20
1493,4700,2,1,26,0.107,0.15
1494,4701,1,1,26,0.000,0.18
1495,4702,2,1,26,0.263,0.15
1496,4703,1,1,25,0.087,0.18
1497,4704,2,1,25,0.185,0.14
1498,4705,1,1,25,0.078,0.12
1499,4706,2,1,25,0.140,0.17
1500,4707,1,1,25,0.093,0.13
1501,4708,1,1,24,0.086,0.23
1502,4709,1,1,24,0.066,0.19
1503,4710,2,1,24,0.206,0.19
1504,4711,2,1,23,0.212,0.18
1505,4712,1,1,23,0.000,0.18
1506,4713,2,1,23,0.154,0.17
1507,4714,2,0,23,0.153,0.16
1508,4715,2,1,21,0.174,0.17
1509,4716,1,1,21,0.037,0.15
1510,4717,1,1,21,0.152,0.16
1511,4718,2,1,20,0.100,0.20
1512,4719,2,1,19,0.100,0.17
1513,4720,2,0,19,0.107,0.21
1514,4721,1,1,29,0.000,0.19
1515,4722,1,0,29,0.014,0.19
1516,4723,1,1,28,0.000,0.18
1517,4724,1,1,27,0.047,0.16
1518,4725,1,1,27,0.051,0.17
1519,4726,1,0,26,0.031,0.13
1520,4727,1,1,26,0.000,0.15
1521,4728,1,1,26,0.016,0.20
1522,4729,1,1,24,0.039,0.17
1523,4730,2,0,24,0.195,0.15
1524,4731,1,1,24,0.082,0.18
1525,4732,1,1,24,0.067,0.13
1526,4733,1,0,24,0.095,0.17
1527,4734,1,1,24,0.135,0.18
1528,4735,1,1,23,0.034,0.18
1529,4736,1,1,22,0.015,0.19
1530,4737,2,1,22,0.117,0.13
1531,4738,1,0,22,0.029,0.19
1532,4739,1,1,22,0.058,0.14
1533,4740,1,1,21,0.037,0.22
1534,4741,1,1,21,0.013,0.19
1535,4742,1,0,21,0.000,0.25
1536,4743,2,1,21,0.120,0.17
1537,4744,1,0,21,0.048,0.20
1538,4745,1,1,21,0.031,0.19
1539,4746,1,0,19,0.053,0.15
1540,4747,1,1,28,0.000,0.17
1541,4748,1,1,27,0.074,0.19
1542,4749,1,1,27,0.000,0.25
1543,4750,1,1,26,0.016,0.19
1544,4751,1,1,26,0.000,0.23
1545,4752,1,1,25,0.000,0.23
1546,4753,1,1,25,0.000,0.22
1547,4754,1,1,25,0.042,0.22
1548,4755,1,1,25,0.000,0.19
1549,4756,1,1,24,0.017,0.13
1550,4757,1,1,24,0.075,0.16
1551,4758,1,0,24,0.017,0.20
1552,4759,2,1,24,0.108,0.20
1553,4760,1,1,24,0.043,0.19
1554,4761,1,1,23,0.018,0.14
1555,4762,1,1,23,0.010,0.16
1556,4763,1,1,23,0.000,0.21
1557,4764,1,0,23,0.019,0.21
1558,4765,1,0,23,0.000,0.16
1559,4766,1,1,22,0.000,0.17
1560,4767,1,0,22,0.000,0.17
1561,4768,1,1,21,0.000,0.21
1562,4769,1,1,21,0.111,0.15
1563,4770,1,0,21,0.016,0.25
1564,4771,1,1,20,0.117,0.14
1565,4772,1,1,20,0.015,0.17
1566,4773,1,0,20,0.000,0.20
1567,4774,1,1,20,0.000,0.25
1568,4775,1,0,20,0.016,0.21
1569,4776,1,1,20,0.000,0.14
1570,4777,1,1,29,0.000,0.00
1571,4778,1,1,28,0.000,0.00
1572,4779,1,1,27,0.000,0.00
1573,4780,1,1,27,0.000,0.00
1574,4781,1,0,27,0.000,0.00
1575,4782,1,1,26,0.000,0.00
1576,4783,1,0,26,0.000,0.00
1577,4784,1,0,26,0.000,0.00
1578,4785,1,1,26,0.000,0.00
1579,4786,1,1,25,0.000,0.00
1580,4787,1,1,25,0.000,0.00
1581,4788,1,1,24,0.000,0.00
1582,4789,1,1,24,0.000,0.00
1583,4790,1,1,24,0.000,0.00
1584,4791,1,0,24,0.000,0.00
1585,4792,1,1,23,0.000,0.00
1586,4793,1,1,23,0.000,0.00
1587,4794,1,1,23,0.000,0.00
1588,4795,1,1,23,0.000,0.00
1589,4796,1,1,22,0.000,0.00
1590,4797,1,1,21,0.000,0.00
1591,4798,1,1,20,0.000,0.00
1592,4799,1,1,20,0.000,0.00
1593,4800,1,1,20,0.000,0.00
1594,4801,1,0,20,0.000,0.00
1595,4802,1,1,20,0.000,0.00
1596,4803,1,1,20,0.000,0.00
1597,4804,1,0,19,0.000,0.00
1598,racer_ID,racer_rank,racer_male,racer_age,racer_doub_win,racer_ave_st_time
1599,1485,2,1,71,0.151,0.19
1600,1710,2,1,70,0.277,0.22
1601,1759,2,1,67,0.183,0.22
1602,2014,3,1,66,0.388,0.14
1603,2223,2,1,69,0.180,0.21
1604,2273,2,1,64,0.321,0.19
1605,2276,2,1,63,0.363,0.18
1606,2349,1,1,66,0.061,0.25
1607,2372,2,1,64,0.316,0.20
1608,2377,2,1,63,0.320,0.17
1609,2380,2,1,63,0.336,0.17
1610,2504,2,1,62,0.202,0.22
1611,2505,2,1,62,0.137,0.22
1612,2528,2,1,65,0.284,0.17
1613,2538,2,1,64,0.224,0.20
1614,2568,2,1,64,0.269,0.19
1615,2585,2,1,61,0.267,0.20
1616,2596,2,1,65,0.133,0.20
1617,2606,2,1,64,0.173,0.24
1618,2613,2,1,63,0.190,0.20
1619,2698,2,1,59,0.215,0.21
1620,2712,2,1,64,0.212,0.22
1621,2752,2,1,61,0.104,0.20
1622,2757,1,1,61,0.042,0.19
1623,2776,2,1,60,0.242,0.20
1624,2781,2,1,59,0.125,0.23
1625,2785,2,1,59,0.242,0.19
1626,2787,3,1,58,0.405,0.14
1627,2788,2,1,58,0.121,0.18
1628,2789,1,1,58,0.000,0.00
1629,2793,2,1,57,0.105,0.24
1630,2795,1,1,57,0.068,0.23
1631,2800,2,1,61,0.125,0.22
1632,2803,1,1,60,0.000,0.00
1633,2808,1,1,58,0.000,0.29
1634,2809,2,1,57,0.188,0.20
1635,2816,2,1,60,0.250,0.23
1636,2820,1,1,60,0.000,0.30
1637,2823,2,1,60,0.204,0.21
1638,2837,2,1,57,0.291,0.17
1639,2838,2,1,57,0.217,0.18
1640,2841,3,1,57,0.337,0.18
1641,2842,2,1,57,0.254,0.18
1642,2843,2,1,56,0.166,0.18
1643,2844,2,1,56,0.345,0.21
1644,2850,2,1,61,0.128,0.21
1645,2871,2,1,57,0.135,0.17
1646,2874,1,1,56,0.088,0.20
1647,2876,4,1,56,0.531,0.17
1648,2878,3,1,55,0.369,0.21
1649,2883,2,1,60,0.220,0.23
1650,2885,2,1,59,0.152,0.21
1651,2887,2,1,58,0.150,0.21
1652,2888,2,1,58,0.125,0.22
1653,2902,1,1,54,0.000,0.00
1654,2903,3,1,54,0.401,0.17
1655,2904,2,1,54,0.306,0.19
1656,2905,1,1,60,0.036,0.20
1657,2907,2,1,59,0.134,0.21
1658,2909,1,1,58,0.120,0.23
1659,2910,2,1,58,0.221,0.19
1660,2912,3,1,58,0.350,0.18
1661,2914,4,1,56,0.527,0.16
1662,2930,3,1,57,0.329,0.19
1663,2935,2,1,55,0.189,0.19
1664,2941,2,1,53,0.214,0.19
1665,2942,3,1,53,0.496,0.12
1666,2958,3,1,56,0.350,0.19
1667,2959,2,1,55,0.276,0.19
1668,2969,2,1,57,0.214,0.20
1669,2970,1,1,57,0.085,0.18
1670,2972,2,1,56,0.236,0.19
1671,2974,2,1,56,0.346,0.15
1672,2983,3,0,54,0.367,0.17
1673,2988,1,0,52,0.100,0.23
1674,2989,2,1,52,0.296,0.19
1675,2992,4,1,52,0.509,0.16
1676,2994,2,1,52,0.252,0.23
1677,2995,2,0,52,0.223,0.26
1678,2997,2,1,51,0.345,0.23
1679,3004,1,1,56,0.000,0.25
1680,3005,2,1,56,0.305,0.20
1681,3006,2,1,56,0.273,0.21
1682,3008,1,1,56,0.068,0.18
1683,3010,4,1,55,0.646,0.14
1684,3013,2,1,55,0.215,0.23
1685,3020,2,1,53,0.280,0.23
1686,3022,4,1,53,0.594,0.17
1687,3024,1,1,52,0.510,0.17
1688,3025,3,1,51,0.351,0.19
1689,3036,2,1,55,0.306,0.16
1690,3044,3,1,53,0.345,0.17
1691,3051,2,1,51,0.324,0.18
1692,3052,2,1,51,0.224,0.21
1693,3054,4,1,50,0.500,0.15
1694,3056,4,1,57,0.508,0.18
1695,3058,2,1,56,0.271,0.20
1696,3060,2,1,55,0.192,0.20
1697,3064,4,1,54,0.480,0.16
1698,3065,2,1,54,0.293,0.22
1699,3066,2,1,53,0.315,0.20
1700,3070,4,1,52,0.593,0.15
1701,3072,4,1,52,0.484,0.15
1702,3073,2,1,51,0.226,0.17
1703,3075,4,1,51,0.464,0.14
1704,3076,1,0,51,0.000,0.00
1705,3078,1,1,50,0.062,0.23
1706,3079,2,1,50,0.346,0.18
1707,3081,3,1,50,0.438,0.17
1708,3083,2,0,54,0.123,0.24
1709,3085,3,1,53,0.367,0.18
1710,3086,2,1,53,0.188,0.19
1711,3089,1,0,52,0.061,0.25
1712,3090,2,1,52,0.177,0.19
1713,3091,2,1,52,0.224,0.23
1714,3092,2,0,52,0.150,0.21
1715,3094,1,0,51,0.000,0.00
1716,3095,2,1,51,0.235,0.19
1717,3100,2,0,50,0.240,0.16
1718,3103,2,1,50,0.237,0.19
1719,3104,2,1,50,0.155,0.23
1720,3105,2,1,50,0.356,0.19
1721,3107,3,1,50,0.376,0.19
1722,3108,2,1,50,0.229,0.19
1723,3114,2,0,53,0.111,0.24
1724,3115,2,1,52,0.150,0.22
1725,3117,2,0,52,0.120,0.26
1726,3120,2,1,52,0.236,0.19
1727,3121,3,1,52,0.433,0.17
1728,3122,2,1,52,0.231,0.18
1729,3123,2,1,51,0.247,0.18
1730,3128,2,0,50,0.190,0.19
1731,3135,2,1,55,0.319,0.19
1732,3136,2,1,54,0.192,0.17
1733,3137,2,1,53,0.181,0.21
1734,3138,2,1,53,0.178,0.23
1735,3139,2,0,53,0.160,0.22
1736,3141,2,1,52,0.317,0.18
1737,3142,2,0,51,0.169,0.24
1738,3151,3,1,49,0.417,0.16
1739,3153,3,1,49,0.351,0.21
1740,3156,4,1,49,0.514,0.14
1741,3158,4,1,48,0.512,0.16
1742,3159,4,1,48,0.587,0.15
1743,3161,4,1,53,0.503,0.19
1744,3162,1,1,53,0.000,0.21
1745,3164,2,1,52,0.313,0.23
1746,3166,2,1,52,0.125,0.20
1747,3169,2,0,51,0.137,0.20
1748,3170,2,1,50,0.281,0.22
1749,3171,2,1,50,0.109,0.21
1750,3174,2,1,50,0.208,0.19
1751,3175,2,0,50,0.285,0.18
1752,3176,4,1,49,0.450,0.18
1753,3177,2,0,49,0.184,0.22
1754,3181,2,1,49,0.294,0.21
1755,3182,3,0,48,0.336,0.19
1756,3186,3,1,53,0.391,0.19
1757,3187,3,1,52,0.407,0.20
1758,3188,4,0,52,0.496,0.17
1759,3189,2,1,51,0.175,0.20
1760,3190,2,1,51,0.233,0.18
1761,3191,2,1,51,0.123,0.25
1762,3195,1,0,50,0.095,0.21
1763,3200,4,1,48,0.558,0.14
1764,3202,3,1,48,0.363,0.19
1765,3207,2,0,48,0.220,0.20
1766,3211,2,1,51,0.283,0.18
1767,3212,4,1,51,0.450,0.17
1768,3214,2,1,51,0.201,0.18
1769,3215,2,1,51,0.330,0.22
1770,3220,3,1,49,0.330,0.17
1771,3224,2,1,48,0.284,0.17
1772,3225,2,0,48,0.147,0.24
1773,3226,2,1,48,0.289,0.17
1774,3227,4,1,48,0.492,0.17
1775,3228,2,1,48,0.112,0.23
1776,3231,3,1,47,0.431,0.18
1777,3232,4,0,47,0.487,0.18
1778,3233,3,1,46,0.412,0.17
1779,3234,2,1,46,0.243,0.17
1780,3235,1,1,51,0.100,0.24
1781,3236,2,1,51,0.307,0.20
1782,3243,2,1,49,0.333,0.19
1783,3245,4,1,49,0.513,0.17
1784,3246,3,1,49,0.400,0.17
1785,3251,4,1,47,0.534,0.17
1786,3254,2,0,46,0.285,0.20
1787,3256,4,1,46,0.583,0.13
1788,3257,4,1,46,0.563,0.14
1789,3261,2,1,50,0.204,0.19
1790,3265,4,1,48,0.688,0.17
1791,3268,3,1,48,0.434,0.17
1792,3269,2,1,48,0.146,0.22
1793,3273,3,1,48,0.347,0.18
1794,3276,2,1,47,0.279,0.21
1795,3277,2,1,47,0.280,0.18
1796,3278,4,1,47,0.468,0.18
1797,3280,3,0,46,0.383,0.19
1798,3281,2,1,46,0.211,0.22
1799,3282,3,1,46,0.400,0.17
1800,3283,3,1,46,0.365,0.17
1801,3284,3,1,46,0.401,0.21
1802,3286,3,1,45,0.372,0.17
1803,3289,3,0,50,0.398,0.19
1804,3290,4,1,50,0.546,0.16
1805,3291,2,1,49,0.160,0.20
1806,3293,2,1,48,0.280,0.21
1807,3294,2,1,48,0.266,0.16
1808,3295,4,1,47,0.537,0.16
1809,3296,2,1,46,0.103,0.22
1810,3297,4,1,46,0.666,0.20
1811,3298,2,0,46,0.200,0.19
1812,3299,2,0,46,0.188,0.23
1813,3300,4,1,46,0.557,0.14
1814,3302,3,0,46,0.458,0.20
1815,3303,2,1,46,0.336,0.20
1816,3304,4,1,46,0.537,0.16
1817,3305,3,1,46,0.368,0.19
1818,3306,2,1,45,0.288,0.19
1819,3307,1,1,45,0.000,0.00
1820,3308,2,1,50,0.174,0.24
1821,3309,2,1,50,0.283,0.18
1822,3310,2,1,49,0.165,0.18
1823,3312,3,1,48,0.435,0.20
1824,3313,2,1,48,0.250,0.20
1825,3314,2,1,48,0.226,0.17
1826,3315,2,1,48,0.316,0.17
1827,3317,2,0,47,0.205,0.21
1828,3319,4,1,46,0.434,0.16
1829,3324,2,0,46,0.139,0.21
1830,3325,2,1,46,0.239,0.19
1831,3326,2,1,46,0.369,0.18
1832,3327,4,1,46,0.496,0.17
1833,3328,1,0,46,0.090,0.21
1834,3329,2,1,46,0.451,0.16
1835,3331,4,1,45,0.523,0.15
1836,3333,4,1,45,0.486,0.16
1837,3334,3,0,45,0.310,0.20
1838,3335,2,1,44,0.351,0.18
1839,3336,2,1,49,0.288,0.17
1840,3338,2,1,48,0.211,0.18
1841,3339,2,1,48,0.376,0.17
1842,3340,2,1,48,0.177,0.24
1843,3341,2,1,48,0.118,0.21
1844,3342,2,1,48,0.226,0.16
1845,3343,3,1,48,0.343,0.19
1846,3344,2,1,47,0.173,0.18
1847,3346,3,1,47,0.318,0.16
1848,3347,4,1,46,0.492,0.16
1849,3349,4,1,45,0.439,0.20
1850,3350,4,1,45,0.530,0.16
1851,3352,3,1,45,0.331,0.14
1852,3353,2,1,45,0.267,0.19
1853,3354,2,1,45,0.171,0.21
1854,3355,2,0,45,0.179,0.28
1855,3357,3,0,45,0.326,0.21
1856,3358,2,1,44,0.170,0.22
1857,3360,3,1,44,0.383,0.20
1858,3361,3,1,44,0.374,0.16
1859,3362,4,1,44,0.478,0.18
1860,3363,1,1,49,0.095,0.21
1861,3365,2,1,48,0.283,0.18
1862,3368,2,1,48,0.189,0.21
1863,3370,2,1,47,0.247,0.18
1864,3372,2,1,47,0.173,0.22
1865,3373,2,1,46,0.250,0.19
1866,3374,1,1,46,0.093,0.23
1867,3376,2,1,46,0.170,0.24
1868,3377,2,1,46,0.318,0.18
1869,3378,2,1,45,0.120,0.25
1870,3379,3,1,45,0.445,0.18
1871,3380,1,1,45,0.040,0.20
1872,3381,4,1,45,0.451,0.15
1873,3382,4,1,45,0.455,0.17
1874,3385,3,1,44,0.375,0.22
1875,3388,4,1,44,0.675,0.17
1876,3390,2,1,48,0.154,0.23
1877,3391,4,1,48,0.476,0.15
1878,3392,2,1,48,0.297,0.21
1879,3393,2,1,48,0.264,0.18
1880,3394,2,1,47,0.204,0.20
1881,3396,2,1,47,0.131,0.19
1882,3397,2,1,47,0.168,0.21
1883,3398,2,1,46,0.148,0.22
1884,3400,2,1,46,0.243,0.18
1885,3401,3,1,46,0.423,0.18
1886,3404,2,1,46,0.235,0.20
1887,3405,2,1,45,0.109,0.23
1888,3406,4,1,45,0.534,0.16
1889,3407,1,1,45,0.081,0.20
1890,3408,2,1,44,0.178,0.19
1891,3409,3,1,44,0.460,0.18
1892,3411,2,1,44,0.203,0.20
1893,3412,4,1,44,0.504,0.16
1894,3413,2,1,44,0.100,0.25
1895,3414,3,1,44,0.379,0.17
1896,3415,4,1,44,0.459,0.17
1897,3417,2,1,44,0.259,0.16
1898,3419,2,1,44,0.208,0.22
1899,3422,4,1,42,0.392,0.15
1900,3424,2,1,47,0.150,0.20
1901,3425,2,1,47,0.168,0.22
1902,3426,2,1,47,0.320,0.19
1903,3427,4,1,46,0.592,0.17
1904,3428,2,1,46,0.302,0.19
1905,3430,1,1,45,0.409,0.16
1906,3432,3,1,45,0.433,0.15
1907,3433,2,1,45,0.204,0.22
1908,3434,3,1,44,0.365,0.19
1909,3435,4,0,44,0.511,0.16
1910,3436,4,1,44,0.614,0.15
1911,3438,2,1,44,0.238,0.22
1912,3439,4,1,44,0.442,0.15
1913,3440,3,1,44,0.367,0.18
1914,3441,2,1,44,0.314,0.18
1915,3442,3,1,44,0.435,0.18
1916,3443,3,1,44,0.433,0.19
1917,3444,2,1,44,0.229,0.18
1918,3445,3,1,44,0.404,0.19
1919,3446,2,0,44,0.102,0.22
1920,3448,3,1,43,0.357,0.17
1921,3452,3,1,43,0.439,0.16
1922,3453,2,1,42,0.135,0.25
1923,3454,3,1,42,0.392,0.17
1924,3455,2,1,42,0.324,0.16
1925,3456,2,1,42,0.237,0.23
1926,3458,3,1,47,0.370,0.18
1927,3459,2,1,46,0.220,0.18
1928,3460,2,1,46,0.261,0.19
1929,3461,2,1,46,0.299,0.17
1930,3462,4,1,46,0.541,0.16
1931,3463,3,1,46,0.406,0.18
1932,3465,2,1,46,0.100,0.27
1933,3466,2,1,45,0.187,0.23
1934,3467,2,1,45,0.283,0.16
1935,3468,3,1,44,0.426,0.16
1936,3469,2,0,44,0.138,0.22
1937,3470,3,0,44,0.396,0.17
1938,3471,3,1,43,0.354,0.20
1939,3472,2,1,43,0.136,0.22
1940,3473,4,1,43,0.596,0.15
1941,3474,3,0,43,0.390,0.16
1942,3475,3,1,43,0.407,0.19
1943,3476,2,1,43,0.158,0.25
1944,3477,3,1,43,0.396,0.18
1945,3478,2,1,43,0.260,0.18
1946,3480,2,1,43,0.175,0.21
1947,3482,2,1,42,0.217,0.17
1948,3483,2,0,42,0.197,0.23
1949,3484,4,1,42,0.517,0.16
1950,3485,3,1,42,0.385,0.20
1951,3486,3,0,47,0.349,0.17
1952,3488,3,1,46,0.357,0.14
1953,3489,4,1,46,0.562,0.19
1954,3491,2,1,46,0.166,0.21
1955,3492,2,1,46,0.117,0.22
1956,3493,2,1,45,0.228,0.19
1957,3494,2,1,45,0.116,0.21
1958,3496,2,1,45,0.202,0.18
1959,3497,3,1,45,0.453,0.16
1960,3498,2,1,45,0.247,0.17
1961,3499,4,1,45,0.533,0.15
1962,3501,3,1,44,0.416,0.15
1963,3502,4,1,44,0.572,0.20
1964,3503,2,1,44,0.294,0.17
1965,3505,4,1,42,0.514,0.15
1966,3506,2,1,42,0.151,0.24
1967,3507,3,1,42,0.343,0.20
1968,3508,2,1,42,0.313,0.21
1969,3509,1,0,42,0.000,0.00
1970,3514,4,1,46,0.493,0.16
1971,3516,3,1,46,0.351,0.17
1972,3517,4,1,46,0.500,0.17
1973,3518,4,0,45,0.431,0.18
1974,3519,3,1,45,0.408,0.18
1975,3520,1,1,45,0.061,0.20
1976,3521,2,1,45,0.206,0.17
1977,3522,4,1,45,0.598,0.18
1978,3523,3,1,45,0.389,0.20
1979,3524,2,1,44,0.100,0.20
1980,3527,4,1,42,0.431,0.18
1981,3528,2,0,42,0.273,0.20
1982,3529,4,1,42,0.526,0.16
1983,3532,4,1,42,0.475,0.17
1984,3533,3,1,41,0.333,0.19
1985,3534,4,1,41,0.485,0.15
1986,3535,2,1,41,0.360,0.19
1987,3536,2,1,47,0.314,0.19
1988,3537,2,1,45,0.171,0.19
1989,3538,3,1,45,0.390,0.19
1990,3539,2,1,45,0.175,0.23
1991,3540,2,1,45,0.133,0.22
1992,3541,4,1,45,0.414,0.14
1993,3542,2,1,45,0.366,0.20
1994,3543,4,1,45,0.425,0.14
1995,3544,2,1,45,0.267,0.19
1996,3545,2,1,44,0.170,0.23
1997,3546,3,1,44,0.405,0.17
1998,3548,4,1,43,0.554,0.13
1999,3549,2,1,42,0.195,0.28
2000,3550,4,1,42,0.513,0.16
2001,3551,2,0,42,0.178,0.20
2002,3552,3,1,42,0.360,0.18
2003,3553,2,1,41,0.317,0.18
2004,3554,4,1,41,0.535,0.17
2005,3555,4,1,41,0.506,0.14
2006,3556,4,1,41,0.495,0.16
2007,3557,4,1,40,0.514,0.14
2008,3558,4,1,40,0.442,0.16
2009,3559,3,1,45,0.380,0.18
2010,3560,2,1,45,0.285,0.19
2011,3561,2,1,45,0.222,0.20
2012,3562,4,1,44,0.628,0.17
2013,3563,4,1,44,0.453,0.17
2014,3564,2,1,43,0.304,0.14
2015,3565,2,1,43,0.182,0.21
2016,3566,3,1,43,0.434,0.18
2017,3567,2,1,43,0.157,0.25
2018,3568,4,1,42,0.516,0.17
2019,3569,2,1,42,0.230,0.20
2020,3571,2,1,42,0.221,0.20
2021,3572,4,1,42,0.532,0.19
2022,3573,4,1,41,0.521,0.19
2023,3574,4,1,41,0.524,0.18
2024,3575,2,1,41,0.373,0.16
2025,3576,4,1,41,0.508,0.17
2026,3577,4,1,41,0.456,0.15
2027,3578,3,1,41,0.352,0.17
2028,3579,4,0,41,0.472,0.17
2029,3580,3,0,40,0.333,0.21
2030,3581,2,1,40,0.218,0.18
2031,3582,4,1,40,0.526,0.16
2032,3583,2,1,40,0.229,0.19
2033,3584,4,1,40,0.485,0.16
2034,3585,2,1,40,0.263,0.20
2035,3586,2,1,40,0.208,0.20
2036,3587,3,1,40,0.343,0.15
2037,3588,2,1,40,0.294,0.20
2038,3589,4,1,40,0.505,0.17
2039,3590,4,1,40,0.489,0.13
2040,3591,3,1,45,0.389,0.17
2041,3592,2,1,45,0.305,0.18
2042,3593,2,1,45,0.250,0.19
2043,3594,2,1,45,0.109,0.21
2044,3595,2,1,45,0.153,0.23
2045,3596,2,1,44,0.228,0.19
2046,3599,1,1,43,0.040,0.23
2047,3600,2,1,43,0.419,0.20
2048,3601,2,1,43,0.229,0.21
2049,3602,2,1,43,0.330,0.21
2050,3604,3,0,43,0.345,0.22
2051,3605,3,1,42,0.348,0.17
2052,3606,4,1,42,0.481,0.16
2053,3607,2,1,41,0.250,0.20
2054,3608,2,1,41,0.144,0.20
2055,3609,2,1,41,0.193,0.18
2056,3610,2,1,41,0.333,0.22
2057,3611,3,0,41,0.438,0.16
2058,3612,4,1,41,0.465,0.16
2059,3613,4,1,41,0.567,0.15
2060,3614,2,1,40,0.250,0.18
2061,3615,3,1,40,0.450,0.15
2062,3616,3,1,40,0.401,0.16
2063,3617,2,1,40,0.217,0.22
2064,3618,4,0,40,0.444,0.16
2065,3619,3,1,40,0.366,0.21
2066,3620,2,1,39,0.285,0.20
2067,3621,4,1,39,0.496,0.17
2068,3622,4,1,39,0.388,0.16
2069,3623,4,1,39,0.575,0.17
2070,3624,2,1,44,0.322,0.17
2071,3626,2,1,44,0.212,0.15
2072,3627,2,1,44,0.217,0.23
2073,3628,2,1,44,0.197,0.19
2074,3629,3,1,44,0.450,0.15
2075,3630,2,1,44,0.301,0.18
2076,3631,3,1,44,0.341,0.20
2077,3632,2,1,43,0.200,0.18
2078,3633,2,1,43,0.197,0.19
2079,3635,4,1,43,0.524,0.16
2080,3636,2,1,43,0.247,0.18
2081,3637,2,1,43,0.374,0.19
2082,3638,1,1,43,0.081,0.25
2083,3639,2,1,43,0.180,0.17
2084,3641,4,1,42,0.507,0.17
2085,3642,1,1,42,0.200,0.21
2086,3643,2,1,41,0.315,0.19
2087,3644,2,1,41,0.219,0.21
2088,3645,3,0,41,0.487,0.16
2089,3647,3,1,41,0.354,0.17
2090,3648,2,1,40,0.134,0.21
2091,3649,2,1,40,0.175,0.22
2092,3650,2,0,40,0.404,0.17
2093,3651,2,1,40,0.227,0.21
2094,3652,2,1,40,0.252,0.20
2095,3653,3,1,40,0.325,0.19
2096,3654,4,1,40,0.492,0.18
2097,3655,2,1,40,0.289,0.18
2098,3656,3,1,40,0.431,0.16
2099,3658,2,1,39,0.217,0.18
2100,3659,3,1,39,0.430,0.16
2101,3660,2,1,44,0.237,0.18
2102,3661,2,1,44,0.310,0.22
2103,3662,3,1,44,0.482,0.17
2104,3663,2,1,43,0.293,0.17
2105,3664,4,1,43,0.486,0.17
2106,3666,2,1,43,0.309,0.18
2107,3667,2,1,42,0.104,0.19
2108,3668,2,1,42,0.303,0.19
2109,3669,1,1,42,0.058,0.24
2110,3670,2,1,42,0.239,0.15
2111,3671,2,1,41,0.215,0.20
2112,3672,2,1,41,0.241,0.19
2113,3673,2,1,41,0.287,0.23
2114,3674,3,0,41,0.366,0.17
2115,3675,2,1,41,0.197,0.22
2116,3676,2,0,41,0.196,0.21
2117,3677,1,0,40,0.000,0.00
2118,3678,2,1,40,0.148,0.18
2119,3679,4,1,40,0.402,0.16
2120,3680,3,1,40,0.383,0.21
2121,3681,4,1,40,0.435,0.17
2122,3682,2,1,40,0.280,0.18
2123,3683,2,1,40,0.308,0.17
2124,3684,4,1,39,0.520,0.19
2125,3685,4,1,39,0.416,0.14
2126,3686,3,1,38,0.355,0.16
2127,3687,1,1,44,0.000,0.00
2128,3688,2,1,43,0.262,0.18
2129,3689,2,1,43,0.154,0.24
2130,3690,3,1,43,0.340,0.19
2131,3691,2,1,43,0.266,0.18
2132,3692,2,1,42,0.311,0.18
2133,3693,2,0,42,0.369,0.17
2134,3694,2,1,42,0.311,0.17
2135,3695,2,1,42,0.105,0.21
2136,3696,3,1,41,0.405,0.18
2137,3697,4,1,41,0.546,0.16
2138,3698,2,1,41,0.192,0.20
2139,3699,3,1,41,0.424,0.17
2140,3701,2,1,40,0.350,0.14
2141,3702,3,1,40,0.345,0.17
2142,3703,4,1,40,0.503,0.17
2143,3704,2,0,40,0.315,0.20
2144,3705,2,1,39,0.327,0.19
2145,3707,2,0,39,0.261,0.24
2146,3708,3,1,39,0.390,0.19
2147,3709,2,1,39,0.155,0.20
2148,3710,3,1,39,0.343,0.17
2149,3711,4,1,39,0.504,0.16
2150,3712,4,1,39,0.462,0.18
2151,3713,4,1,39,0.483,0.16
2152,3714,2,1,39,0.312,0.15
2153,3715,2,1,39,0.322,0.17
2154,3716,4,1,39,0.343,0.15
2155,3717,4,1,38,0.507,0.15
2156,3718,2,1,38,0.301,0.20
2157,3719,4,1,38,0.516,0.16
2158,3720,2,1,38,0.147,0.15
2159,3721,4,1,38,0.715,0.13
2160,3722,2,1,43,0.272,0.18
2161,3723,2,1,43,0.168,0.18
2162,3725,3,1,42,0.358,0.18
2163,3726,3,1,42,0.405,0.16
2164,3727,2,1,42,0.193,0.16
2165,3729,2,1,42,0.195,0.22
2166,3730,4,1,41,0.524,0.17
2167,3731,4,1,40,0.513,0.18
2168,3734,4,1,40,0.597,0.18
2169,3736,3,1,40,0.333,0.17
2170,3737,4,1,40,0.542,0.19
2171,3739,2,1,39,0.151,0.21
2172,3740,4,1,39,0.527,0.16
2173,3741,2,1,39,0.225,0.19
2174,3742,3,1,39,0.431,0.17
2175,3743,4,1,39,0.512,0.15
2176,3744,4,1,39,0.576,0.15
2177,3745,2,1,39,0.260,0.18
2178,3746,4,1,38,0.554,0.18
2179,3747,3,1,38,0.367,0.16
2180,3748,2,1,38,0.234,0.15
2181,3749,4,1,37,0.628,0.16
2182,3750,2,1,43,0.309,0.20
2183,3752,2,1,42,0.323,0.16
2184,3753,3,1,42,0.379,0.18
2185,3754,1,1,42,0.087,0.22
2186,3755,2,1,42,0.284,0.20
2187,3757,3,1,42,0.403,0.18
2188,3758,1,1,42,0.065,0.22
2189,3759,2,1,41,0.252,0.18
2190,3761,4,1,41,0.438,0.18
2191,3762,2,1,41,0.144,0.18
2192,3764,2,1,41,0.170,0.18
2193,3765,2,1,41,0.135,0.23
2194,3766,1,0,40,0.108,0.22
2195,3768,2,1,40,0.122,0.22
2196,3769,4,1,40,0.458,0.18
2197,3770,2,1,39,0.188,0.18
2198,3771,4,1,39,0.477,0.15
2199,3772,2,1,39,0.296,0.16
2200,3773,3,1,39,0.425,0.18
2201,3775,2,1,39,0.309,0.16
2202,3776,2,1,38,0.315,0.16
2203,3777,4,1,38,0.493,0.18
2204,3778,2,0,38,0.178,0.23
2205,3779,1,1,38,0.260,0.12
2206,3780,4,1,38,0.570,0.17
2207,3781,2,1,37,0.315,0.18
2208,3782,4,1,37,0.587,0.13
2209,3783,4,1,37,0.625,0.13
2210,3784,3,1,37,0.408,0.17
2211,3785,2,1,42,0.160,0.21
2212,3786,2,1,42,0.229,0.21
2213,3787,2,1,42,0.207,0.20
2214,3788,3,1,42,0.350,0.16
2215,3789,2,1,41,0.150,0.19
2216,3790,2,1,41,0.342,0.21
2217,3791,2,1,41,0.277,0.16
2218,3792,4,1,41,0.503,0.17
2219,3793,3,1,41,0.363,0.16
2220,3794,2,1,40,0.192,0.20
2221,3795,4,1,40,0.535,0.13
2222,3796,2,1,40,0.254,0.18
2223,3797,2,1,40,0.317,0.18
2224,3798,2,1,40,0.208,0.21
2225,3799,3,1,40,0.415,0.14
2226,3800,3,1,39,0.472,0.17
2227,3801,2,0,39,0.308,0.19
2228,3802,2,0,39,0.284,0.21
2229,3804,3,1,39,0.444,0.16
2230,3805,4,1,39,0.440,0.14
2231,3806,1,1,39,0.042,0.24
2232,3807,3,1,39,0.340,0.17
2233,3808,2,1,38,0.174,0.16
2234,3809,3,1,38,0.351,0.19
2235,3810,1,1,38,0.062,0.24
2236,3811,4,1,38,0.382,0.16
2237,3812,2,1,37,0.166,0.18
2238,3813,4,1,37,0.449,0.18
2239,3814,4,1,37,0.465,0.19
2240,3815,4,1,37,0.448,0.13
2241,3817,2,0,36,0.389,0.20
2242,3818,2,1,42,0.170,0.16
2243,3819,2,1,41,0.155,0.20
2244,3820,2,1,41,0.277,0.19
2245,3821,1,1,41,0.022,0.22
2246,3822,4,1,41,0.371,0.16
2247,3823,2,1,41,0.288,0.19
2248,3824,2,1,40,0.164,0.23
2249,3825,2,1,40,0.197,0.15
2250,3826,4,1,40,0.445,0.16
2251,3827,2,1,40,0.250,0.17
2252,3828,3,1,40,0.368,0.18
2253,3829,2,1,40,0.177,0.20
2254,3830,3,1,39,0.326,0.18
2255,3831,2,1,39,0.347,0.13
2256,3832,2,1,39,0.303,0.18
2257,3833,3,1,39,0.506,0.16
2258,3834,3,1,39,0.400,0.19
2259,3835,2,1,38,0.175,0.22
2260,3837,4,1,38,0.466,0.16
2261,3838,3,1,38,0.426,0.15
2262,3839,2,1,38,0.235,0.17
2263,3841,3,1,37,0.470,0.19
2264,3842,4,1,37,0.503,0.18
2265,3843,3,1,37,0.422,0.17
2266,3845,4,0,37,0.488,0.19
2267,3846,2,1,37,0.125,0.18
2268,3847,2,1,36,0.237,0.15
2269,3848,3,1,36,0.408,0.16
2270,3849,4,1,36,0.503,0.13
2271,3850,2,1,41,0.270,0.18
2272,3851,2,1,41,0.292,0.16
2273,3852,2,1,41,0.250,0.16
2274,3853,4,1,41,0.555,0.17
2275,3854,4,1,41,0.543,0.13
2276,3855,2,1,41,0.252,0.22
2277,3856,2,1,41,0.131,0.20
2278,3857,3,1,40,0.363,0.18
2279,3858,2,1,40,0.325,0.17
2280,3859,2,1,40,0.238,0.18
2281,3860,3,1,40,0.377,0.20
2282,3862,3,1,39,0.483,0.17
2283,3863,2,1,39,0.388,0.17
2284,3864,2,1,39,0.139,0.22
2285,3865,2,1,38,0.219,0.20
2286,3866,2,1,38,0.320,0.16
2287,3867,2,1,38,0.293,0.18
2288,3868,2,1,38,0.284,0.19
2289,3869,2,1,38,0.238,0.18
2290,3870,2,1,38,0.309,0.17
2291,3871,3,0,38,0.402,0.20
2292,3872,4,1,37,0.475,0.20
2293,3873,3,1,37,0.335,0.18
2294,3874,4,1,37,0.443,0.15
2295,3875,3,1,37,0.304,0.18
2296,3876,4,1,36,0.492,0.15
2297,3877,3,1,36,0.359,0.19
2298,3878,2,1,36,0.300,0.17
2299,3879,2,1,41,0.145,0.20
2300,3880,2,1,40,0.252,0.16
2301,3881,3,1,40,0.378,0.18
2302,3882,3,1,40,0.385,0.18
2303,3883,2,1,40,0.162,0.21
2304,3884,2,1,40,0.100,0.20
2305,3885,4,1,39,0.458,0.17
2306,3887,4,1,39,0.469,0.16
2307,3888,4,1,38,0.615,0.15
2308,3889,3,1,38,0.384,0.15
2309,3890,3,1,38,0.396,0.18
2310,3891,2,1,38,0.241,0.19
2311,3892,4,1,37,0.492,0.16
2312,3893,2,1,37,0.276,0.17
2313,3894,3,0,37,0.390,0.17
2314,3895,4,1,37,0.469,0.16
2315,3896,2,1,37,0.294,0.16
2316,3897,4,1,37,0.460,0.15
2317,3898,4,1,37,0.528,0.16
2318,3899,4,1,37,0.559,0.16
2319,3900,4,0,36,0.516,0.18
2320,3901,4,1,36,0.516,0.18
2321,3902,3,1,36,0.378,0.20
2322,3903,4,1,36,0.609,0.14
2323,3904,3,1,36,0.412,0.18
2324,3905,3,1,36,0.340,0.16
2325,3906,2,1,36,0.333,0.19
2326,3907,3,1,35,0.345,0.21
2327,3908,4,1,35,0.507,0.14
2328,3909,4,1,40,0.500,0.14
2329,3910,2,1,40,0.305,0.21
2330,3911,2,1,40,0.252,0.17
2331,3912,3,1,39,0.408,0.16
2332,3915,4,1,39,0.491,0.19
2333,3916,2,1,39,0.225,0.21
2334,3918,4,1,39,0.496,0.18
2335,3919,3,1,39,0.442,0.21
2336,3920,4,1,39,0.429,0.16
2337,3921,3,1,38,0.398,0.19
2338,3922,2,1,38,0.275,0.20
2339,3924,2,1,38,0.125,0.22
2340,3925,2,1,38,0.235,0.21
2341,3926,2,1,38,0.276,0.20
2342,3927,2,1,38,0.173,0.22
2343,3928,2,1,38,0.265,0.18
2344,3929,3,1,38,0.342,0.17
2345,3930,3,1,37,0.393,0.15
2346,3931,4,1,37,0.520,0.15
2347,3932,3,0,37,0.393,0.17
2348,3933,4,1,37,0.497,0.16
2349,3934,2,1,36,0.275,0.17
2350,3935,2,1,36,0.281,0.18
2351,3936,2,1,36,0.354,0.18
2352,3939,4,1,35,0.421,0.19
2353,3940,4,1,35,0.520,0.14
2354,3941,4,1,35,0.514,0.15
2355,3942,4,1,35,0.430,0.16
2356,3943,3,0,35,0.351,0.17
2357,3944,4,1,34,0.493,0.19
2358,3945,2,1,38,0.319,0.20
2359,3946,4,1,37,0.506,0.17
2360,3947,3,1,37,0.435,0.17
2361,3948,2,1,37,0.225,0.18
2362,3949,2,1,37,0.232,0.19
2363,3950,2,1,37,0.221,0.18
2364,3951,2,1,37,0.116,0.27
2365,3952,4,1,37,0.516,0.15
2366,3953,3,1,37,0.316,0.17
2367,3955,4,1,36,0.492,0.19
2368,3956,4,1,36,0.475,0.16
2369,3957,4,1,36,0.448,0.21
2370,3959,4,1,36,0.520,0.18
2371,3960,4,1,35,0.390,0.12
2372,3961,4,1,35,0.516,0.15
2373,3963,3,1,34,0.349,0.19
2374,3964,2,1,34,0.156,0.20
2375,3965,2,1,34,0.333,0.16
2376,3966,4,1,34,0.495,0.19
2377,3967,3,1,34,0.470,0.16
2378,3968,2,1,37,0.352,0.21
2379,3969,2,1,37,0.191,0.23
2380,3970,3,1,37,0.369,0.20
2381,3971,1,1,37,0.153,0.18
2382,3972,1,1,37,0.062,0.21
2383,3973,2,1,37,0.330,0.19
2384,3974,2,1,37,0.221,0.19
2385,3975,3,1,36,0.340,0.20
2386,3976,2,1,36,0.233,0.19
2387,3977,3,1,36,0.333,0.17
2388,3978,4,1,36,0.517,0.15
2389,3979,2,1,36,0.176,0.22
2390,3980,2,1,36,0.288,0.16
2391,3981,4,1,36,0.485,0.13
2392,3982,2,1,36,0.211,0.18
2393,3983,4,1,36,0.491,0.15
2394,3984,4,1,36,0.492,0.17
2395,3985,3,1,35,0.392,0.17
2396,3986,4,1,35,0.448,0.15
2397,3987,3,1,35,0.434,0.17
2398,3988,3,1,35,0.431,0.17
2399,3989,2,1,35,0.206,0.25
2400,3990,4,1,35,0.461,0.16
2401,3992,3,1,35,0.438,0.14
2402,3993,4,0,34,0.483,0.18
2403,3994,2,0,34,0.209,0.20
2404,3995,4,1,34,0.477,0.14
2405,3996,4,1,34,0.503,0.17
2406,3997,3,1,34,0.394,0.19
2407,3998,2,1,34,0.241,0.20
2408,3999,3,0,34,0.382,0.17
2409,4000,4,1,36,0.432,0.17
2410,4002,4,1,36,0.496,0.15
2411,4003,3,1,36,0.311,0.19
2412,4004,3,1,35,0.309,0.19
2413,4005,2,1,35,0.319,0.19
2414,4006,3,1,35,0.406,0.18
2415,4007,3,1,34,0.390,0.13
2416,4008,4,1,34,0.482,0.18
2417,4009,3,1,34,0.396,0.14
2418,4010,2,1,34,0.166,0.22
2419,4011,3,0,34,0.426,0.17
2420,4012,2,1,34,0.313,0.16
2421,4013,4,1,34,0.493,0.15
2422,4014,3,0,34,0.417,0.20
2423,4015,4,1,34,0.508,0.16
2424,4016,3,1,34,0.424,0.18
2425,4017,3,0,33,0.366,0.18
2426,4019,4,1,33,0.609,0.17
2427,4020,2,1,33,0.250,0.21
2428,4021,3,1,33,0.384,0.14
2429,4022,3,1,33,0.396,0.16
2430,4023,2,1,36,0.304,0.18
2431,4024,4,1,36,0.488,0.15
2432,4025,4,1,36,0.506,0.16
2433,4026,2,1,36,0.262,0.19
2434,4027,4,1,35,0.448,0.17
2435,4028,4,1,35,0.476,0.15
2436,4030,4,1,35,0.423,0.17
2437,4031,3,1,35,0.349,0.18
2438,4032,1,1,35,0.095,0.20
2439,4033,4,1,35,0.532,0.14
2440,4034,2,1,35,0.238,0.20
2441,4035,2,1,35,0.260,0.17
2442,4036,4,1,35,0.552,0.15
2443,4037,2,1,35,0.268,0.18
2444,4038,2,1,35,0.314,0.19
2445,4039,3,1,35,0.451,0.14
2446,4040,3,1,34,0.386,0.14
2447,4041,2,1,34,0.301,0.21
2448,4042,4,1,34,0.393,0.15
2449,4043,4,1,34,0.467,0.18
2450,4044,4,1,34,0.529,0.15
2451,4045,2,0,34,0.351,0.14
2452,4046,2,1,34,0.238,0.19
2453,4047,3,1,33,0.352,0.17
2454,4049,4,1,33,0.538,0.18
2455,4050,4,0,32,0.500,0.18
2456,4051,4,1,32,0.560,0.19
2457,4052,4,1,32,0.496,0.15
2458,4053,3,1,35,0.376,0.17
2459,4054,2,1,35,0.182,0.17
2460,4055,4,1,35,0.467,0.15
2461,4056,2,1,35,0.209,0.21
2462,4057,3,1,34,0.416,0.16
2463,4058,3,1,34,0.376,0.18
2464,4059,3,1,34,0.416,0.15
2465,4060,2,1,34,0.315,0.19
2466,4061,4,1,34,0.620,0.17
2467,4062,3,1,34,0.363,0.15
2468,4063,4,1,34,0.553,0.15
2469,4064,4,1,34,0.476,0.20
2470,4065,4,0,34,0.526,0.14
2471,4066,4,1,33,0.467,0.18
2472,4067,4,1,33,0.496,0.16
2473,4068,3,1,33,0.407,0.16
2474,4069,4,1,33,0.487,0.20
2475,4070,1,1,33,0.000,0.00
2476,4071,2,0,33,0.250,0.20
2477,4072,2,1,32,0.482,0.19
2478,4073,4,1,32,0.474,0.16
2479,4074,4,1,32,0.452,0.13
2480,4075,4,1,32,0.548,0.14
2481,4076,3,1,35,0.337,0.21
2482,4077,3,1,35,0.362,0.17
2483,4078,2,1,35,0.271,0.18
2484,4079,3,1,35,0.452,0.19
2485,4080,4,1,34,0.553,0.11
2486,4081,2,1,34,0.225,0.21
2487,4082,3,1,34,0.403,0.18
2488,4083,4,1,34,0.541,0.14
2489,4084,4,1,34,0.468,0.17
2490,4085,3,1,34,0.421,0.20
2491,4086,4,1,33,0.496,0.16
2492,4087,2,1,33,0.189,0.20
2493,4088,2,0,33,0.222,0.22
2494,4089,4,1,33,0.523,0.16
2495,4090,2,1,33,0.325,0.15
2496,4091,3,1,33,0.384,0.18
2497,4092,2,1,32,0.345,0.15
2498,4093,2,1,32,0.257,0.16
2499,4094,2,1,32,0.287,0.20
2500,4095,4,1,32,0.596,0.17
2501,4096,4,1,32,0.496,0.16
2502,4097,2,1,31,0.104,0.22
2503,4098,2,0,31,0.182,0.21
2504,4099,4,1,35,0.537,0.17
2505,4100,2,1,34,0.267,0.17
2506,4101,4,1,34,0.540,0.16
2507,4102,4,1,34,0.476,0.16
2508,4103,2,1,34,0.277,0.24
2509,4104,2,1,34,0.294,0.17
2510,4105,3,1,34,0.411,0.19
2511,4106,3,1,34,0.361,0.21
2512,4107,2,1,34,0.228,0.20
2513,4108,4,1,34,0.542,0.16
2514,4109,3,1,33,0.463,0.16
2515,4110,2,1,33,0.339,0.17
2516,4111,2,1,33,0.250,0.20
2517,4112,4,1,33,0.490,0.19
2518,4113,2,1,33,0.317,0.19
2519,4114,2,1,33,0.330,0.17
2520,4115,2,1,33,0.164,0.20
2521,4116,3,1,32,0.372,0.19
2522,4117,3,0,32,0.390,0.20
2523,4118,3,1,32,0.386,0.18
2524,4119,2,1,32,0.208,0.18
2525,4120,3,1,32,0.385,0.17
2526,4121,3,1,32,0.423,0.16
2527,4122,3,1,32,0.400,0.17
2528,4123,3,0,32,0.446,0.20
2529,4124,2,1,31,0.292,0.18
2530,4125,2,0,34,0.169,0.23
2531,4126,2,1,34,0.206,0.17
2532,4127,2,1,34,0.122,0.23
2533,4128,3,1,33,0.409,0.17
2534,4129,2,1,33,0.267,0.17
2535,4130,2,0,33,0.148,0.24
2536,4131,4,1,33,0.507,0.17
2537,4132,1,1,33,0.000,0.21
2538,4133,3,1,33,0.417,0.15
2539,4134,3,1,33,0.386,0.16
2540,4136,4,1,33,0.496,0.18
2541,4137,4,1,33,0.560,0.15
2542,4138,2,1,33,0.318,0.17
2543,4139,2,1,33,0.250,0.20
2544,4140,1,1,33,0.609,0.16
2545,4141,2,1,32,0.105,0.18
2546,4142,3,1,32,0.364,0.19
2547,4143,2,1,32,0.295,0.14
2548,4144,4,1,32,0.508,0.19
2549,4145,2,1,32,0.259,0.23
2550,4146,2,1,32,0.256,0.17
2551,4147,2,1,32,0.105,0.19
2552,4148,4,1,31,0.539,0.19
2553,4149,3,1,31,0.376,0.17
2554,4150,3,1,31,0.431,0.17
2555,4151,2,1,31,0.259,0.21
2556,4152,3,1,33,0.485,0.18
2557,4153,2,1,33,0.188,0.19
2558,4154,2,1,33,0.335,0.18
2559,4155,3,1,33,0.400,0.15
2560,4156,2,1,32,0.254,0.21
2561,4157,2,1,32,0.152,0.19
2562,4158,3,1,32,0.421,0.14
2563,4159,3,1,32,0.449,0.16
2564,4160,2,1,32,0.267,0.18
2565,4161,2,1,32,0.207,0.19
2566,4162,3,1,32,0.357,0.16
2567,4163,3,1,31,0.438,0.19
2568,4164,2,1,31,0.189,0.19
2569,4166,4,1,31,0.380,0.14
2570,4167,3,1,31,0.426,0.12
2571,4168,4,1,31,0.536,0.16
2572,4169,2,1,31,0.190,0.23
2573,4170,2,0,31,0.180,0.21
2574,4171,3,1,31,0.416,0.15
2575,4172,4,1,31,0.518,0.15
2576,4173,3,1,31,0.386,0.17
2577,4174,4,1,31,0.548,0.18
2578,4175,3,1,31,0.369,0.14
2579,4176,3,1,31,0.440,0.12
2580,4177,3,1,31,0.377,0.17
2581,4179,3,1,30,0.352,0.18
2582,4180,3,1,30,0.390,0.18
2583,4181,2,1,30,0.308,0.19
2584,4182,2,1,30,0.284,0.19
2585,4183,4,0,27,0.557,0.14
2586,4184,4,1,27,0.487,0.15
2587,4185,2,1,33,0.168,0.18
2588,4186,2,1,33,0.187,0.18
2589,4187,2,1,32,0.189,0.17
2590,4188,4,1,32,0.527,0.14
2591,4189,4,1,32,0.416,0.19
2592,4190,4,0,32,0.582,0.15
2593,4191,3,1,32,0.423,0.21
2594,4192,2,1,32,0.120,0.18
2595,4193,4,1,32,0.560,0.14
2596,4194,2,1,32,0.190,0.20
2597,4195,2,1,31,0.269,0.16
2598,4196,2,1,31,0.236,0.21
2599,4197,2,1,31,0.244,0.20
2600,4198,2,1,31,0.198,0.22
2601,4199,2,1,31,0.302,0.20
2602,4200,2,1,31,0.158,0.21
2603,4201,4,1,31,0.440,0.18
2604,4202,2,1,31,0.281,0.22
2605,4203,2,1,31,0.376,0.17
2606,4204,2,1,31,0.311,0.20
2607,4205,4,1,31,0.585,0.15
2608,4207,2,1,30,0.307,0.16
2609,4208,4,0,30,0.510,0.16
2610,4209,3,1,30,0.379,0.18
2611,4210,4,1,30,0.401,0.17
2612,4211,2,1,30,0.285,0.16
2613,4212,2,1,29,0.228,0.21
2614,4213,2,1,29,0.254,0.14
2615,4214,3,1,29,0.375,0.18
2616,4215,3,1,29,0.414,0.15
2617,4216,3,1,28,0.428,0.15
2618,4217,2,1,32,0.163,0.22
2619,4218,4,1,32,0.477,0.17
2620,4219,2,1,32,0.182,0.19
2621,4220,3,1,32,0.381,0.16
2622,4221,2,1,32,0.157,0.16
2623,4222,4,1,32,0.472,0.16
2624,4223,2,1,31,0.100,0.22
2625,4224,1,0,31,0.000,0.00
2626,4225,1,0,31,0.000,0.00
2627,4226,2,1,31,0.272,0.17
2628,4227,4,1,30,0.496,0.17
2629,4228,2,1,30,0.307,0.17
2630,4229,2,1,30,0.265,0.21
2631,4230,3,1,30,0.380,0.16
2632,4231,2,1,30,0.317,0.15
2633,4232,2,1,30,0.156,0.18
2634,4233,3,1,30,0.403,0.16
2635,4234,2,1,30,0.219,0.20
2636,4235,3,1,30,0.359,0.19
2637,4236,4,1,30,0.495,0.15
2638,4237,4,1,30,0.550,0.15
2639,4238,4,1,29,0.486,0.16
2640,4239,2,1,29,0.353,0.16
2641,4240,2,0,29,0.276,0.16
2642,4241,2,1,28,0.321,0.18
2643,4243,2,0,28,0.284,0.17
2644,4244,2,0,27,0.290,0.16
2645,4245,2,1,32,0.197,0.22
2646,4246,2,0,31,0.214,0.19
2647,4247,2,1,31,0.322,0.16
2648,4248,2,1,31,0.311,0.19
2649,4249,2,1,31,0.228,0.19
2650,4250,2,1,31,0.295,0.17
2651,4251,2,1,30,0.228,0.22
2652,4252,2,1,30,0.242,0.19
2653,4253,2,1,30,0.272,0.17
2654,4254,3,1,30,0.427,0.15
2655,4256,4,1,30,0.557,0.15
2656,4257,3,1,30,0.367,0.14
2657,4258,2,1,30,0.270,0.21
2658,4259,3,1,29,0.496,0.15
2659,4260,4,1,29,0.481,0.16
2660,4261,4,1,29,0.489,0.17
2661,4262,4,1,29,0.609,0.16
2662,4263,2,1,29,0.309,0.18
2663,4264,4,1,29,0.519,0.18
2664,4265,2,1,28,0.189,0.21
2665,4266,4,1,28,0.493,0.16
2666,4268,2,1,28,0.299,0.15
2667,4269,3,1,28,0.443,0.17
2668,4270,3,1,31,0.381,0.20
2669,4271,3,1,31,0.398,0.16
2670,4272,3,1,31,0.302,0.17
2671,4273,3,1,31,0.350,0.19
2672,4274,3,1,31,0.336,0.17
2673,4275,2,0,31,0.256,0.21
2674,4276,3,1,30,0.357,0.18
2675,4277,2,1,30,0.155,0.16
2676,4278,4,1,30,0.513,0.12
2677,4279,1,1,30,0.061,0.20
2678,4280,1,1,30,0.111,0.18
2679,4281,3,1,30,0.341,0.17
2680,4282,2,0,30,0.180,0.19
2681,4283,2,0,29,0.160,0.19
2682,4284,2,1,29,0.228,0.18
2683,4285,2,1,29,0.270,0.18
2684,4286,3,0,29,0.326,0.16
2685,4287,3,1,29,0.398,0.14
2686,4288,4,1,29,0.492,0.16
2687,4289,3,0,29,0.419,0.15
2688,4290,4,1,29,0.462,0.14
2689,4291,2,1,28,0.126,0.22
2690,4292,4,1,28,0.456,0.15
2691,4293,3,1,28,0.307,0.16
2692,4294,4,1,27,0.550,0.16
2693,4295,4,1,27,0.486,0.17
2694,4296,4,1,26,0.489,0.16
2695,4297,4,1,31,0.488,0.12
2696,4298,2,1,31,0.288,0.15
2697,4299,2,1,31,0.254,0.18
2698,4300,2,0,30,0.308,0.19
2699,4301,3,1,30,0.430,0.19
2700,4302,3,1,30,0.398,0.17
2701,4303,2,1,30,0.277,0.17
2702,4304,3,0,30,0.418,0.17
2703,4305,3,1,30,0.419,0.14
2704,4306,2,1,30,0.287,0.20
2705,4307,2,1,30,0.177,0.20
2706,4308,4,1,30,0.503,0.17
2707,4309,2,1,29,0.157,0.21
2708,4310,2,1,29,0.190,0.18
2709,4311,4,1,29,0.554,0.14
2710,4312,1,1,29,0.115,0.19
2711,4313,3,0,29,0.301,0.17
2712,4314,3,1,29,0.416,0.16
2713,4315,2,1,29,0.232,0.20
2714,4316,4,1,29,0.424,0.14
2715,4317,2,0,29,0.250,0.18
2716,4318,2,1,29,0.299,0.17
2717,4319,2,1,28,0.235,0.19
2718,4320,4,1,28,0.575,0.15
2719,4321,3,1,28,0.357,0.16
2720,4322,2,1,27,0.295,0.22
2721,4323,2,1,27,0.236,0.20
2722,4324,4,1,26,0.483,0.20
2723,4325,2,1,30,0.329,0.16
2724,4327,3,1,30,0.351,0.17
2725,4328,2,1,30,0.181,0.17
2726,4329,2,1,30,0.155,0.16
2727,4330,4,1,30,0.526,0.14
2728,4331,2,1,30,0.274,0.18
2729,4332,2,1,30,0.257,0.19
2730,4333,2,1,30,0.228,0.18
2731,4334,2,1,30,0.152,0.18
2732,4335,4,1,29,0.518,0.14
2733,4336,2,1,29,0.333,0.19
2734,4337,4,1,29,0.471,0.16
2735,4338,2,0,29,0.194,0.18
2736,4339,2,1,29,0.147,0.20
2737,4340,2,1,29,0.208,0.18
2738,4341,1,0,29,0.000,0.00
2739,4342,4,1,29,0.493,0.14
2740,4343,2,1,29,0.231,0.22
2741,4344,4,1,28,0.438,0.16
2742,4345,2,1,28,0.196,0.20
2743,4346,2,1,28,0.247,0.18
2744,4347,4,0,28,0.479,0.17
2745,4348,3,1,28,0.386,0.17
2746,4349,2,0,28,0.324,0.19
2747,4350,4,1,27,0.610,0.15
2748,4351,4,1,27,0.503,0.16
2749,4352,4,1,27,0.578,0.14
2750,4353,2,1,25,0.250,0.17
2751,4354,2,0,30,0.146,0.21
2752,4355,2,1,30,0.244,0.20
2753,4356,3,1,29,0.387,0.16
2754,4357,3,1,29,0.487,0.22
2755,4358,2,1,29,0.327,0.20
2756,4359,3,1,29,0.415,0.14
2757,4360,2,1,29,0.297,0.18
2758,4361,4,1,29,0.525,0.13
2759,4362,4,1,28,0.530,0.13
2760,4363,3,1,28,0.390,0.15
2761,4364,4,1,28,0.489,0.14
2762,4365,2,1,28,0.340,0.20
2763,4366,4,1,28,0.496,0.16
2764,4367,2,1,28,0.311,0.20
2765,4368,2,1,28,0.257,0.20
2766,4369,3,1,28,0.414,0.17
2767,4370,4,1,27,0.549,0.16
2768,4371,4,1,26,0.520,0.16
2769,4372,2,0,26,0.266,0.17
2770,4373,2,0,25,0.314,0.24
2771,4374,2,1,29,0.183,0.15
2772,4375,2,1,29,0.247,0.19
2773,4376,3,1,29,0.395,0.17
2774,4377,3,1,29,0.350,0.18
2775,4378,3,1,29,0.364,0.19
2776,4379,4,1,29,0.447,0.16
2777,4380,2,1,29,0.252,0.20
2778,4381,3,1,29,0.382,0.17
2779,4382,3,1,29,0.347,0.16
2780,4383,2,1,28,0.197,0.19
2781,4384,2,1,28,0.300,0.21
2782,4385,2,0,28,0.180,0.25
2783,4386,1,1,28,0.000,0.00
2784,4387,4,0,28,0.404,0.16
2785,4388,3,1,28,0.379,0.16
2786,4389,2,1,28,0.250,0.19
2787,4390,2,1,27,0.221,0.20
2788,4391,4,1,27,0.486,0.16
2789,4393,2,1,27,0.197,0.22
2790,4394,2,1,27,0.329,0.16
2791,4395,3,1,27,0.349,0.19
2792,4396,2,1,27,0.301,0.18
2793,4397,4,1,27,0.559,0.16
2794,4398,4,1,26,0.510,0.16
2795,4399,3,0,26,0.468,0.16
2796,4400,2,0,25,0.165,0.20
2797,4401,3,1,29,0.401,0.15
2798,4402,4,1,28,0.540,0.17
2799,4403,3,1,28,0.419,0.17
2800,4404,2,1,28,0.267,0.16
2801,4405,3,1,28,0.362,0.14
2802,4406,1,1,28,0.041,0.25
2803,4407,2,1,27,0.200,0.22
2804,4408,2,0,27,0.294,0.20
2805,4409,4,1,27,0.536,0.16
2806,4410,3,1,27,0.414,0.19
2807,4411,3,1,27,0.428,0.17
2808,4412,1,0,27,0.020,0.20
2809,4413,4,1,27,0.448,0.15
2810,4414,2,0,27,0.152,0.22
2811,4415,3,1,27,0.398,0.15
2812,4416,2,1,27,0.264,0.20
2813,4417,3,1,26,0.333,0.19
2814,4418,4,1,26,0.492,0.15
2815,4419,2,0,26,0.180,0.18
2816,4420,2,1,26,0.295,0.17
2817,4421,2,1,25,0.271,0.16
2818,4422,2,1,25,0.280,0.19
2819,4423,2,1,24,0.157,0.21
2820,4424,4,1,28,0.496,0.13
2821,4425,2,1,28,0.212,0.19
2822,4426,2,1,28,0.257,0.18
2823,4427,3,1,28,0.433,0.20
2824,4428,2,1,28,0.263,0.17
2825,4429,2,1,28,0.142,0.18
2826,4430,3,1,28,0.395,0.17
2827,4431,2,1,27,0.301,0.16
2828,4432,3,1,27,0.360,0.17
2829,4433,2,0,27,0.315,0.25
2830,4434,2,1,27,0.336,0.16
2831,4435,2,1,27,0.232,0.20
2832,4436,2,1,27,0.276,0.17
2833,4437,2,1,27,0.284,0.18
2834,4438,2,1,27,0.267,0.16
2835,4439,2,1,27,0.273,0.19
2836,4440,2,1,27,0.234,0.19
2837,4441,2,1,27,0.302,0.20
2838,4442,2,1,27,0.306,0.18
2839,4443,2,0,27,0.351,0.18
2840,4444,4,1,27,0.470,0.14
2841,4445,4,1,27,0.514,0.14
2842,4446,4,1,27,0.519,0.14
2843,4447,2,0,26,0.230,0.23
2844,4448,4,1,26,0.508,0.18
2845,4449,2,1,26,0.179,0.20
2846,4450,3,0,26,0.466,0.23
2847,4451,3,1,26,0.456,0.17
2848,4452,2,1,26,0.180,0.18
2849,4453,2,1,26,0.206,0.17
2850,4454,2,0,26,0.169,0.26
2851,4455,1,0,25,0.104,0.21
2852,4456,4,0,24,0.449,0.17
2853,4457,2,1,28,0.247,0.18
2854,4458,2,1,27,0.198,0.18
2855,4459,4,1,27,0.514,0.15
2856,4460,4,1,27,0.495,0.16
2857,4461,2,1,27,0.160,0.24
2858,4462,2,1,27,0.229,0.20
2859,4463,2,1,27,0.285,0.16
2860,4464,3,0,27,0.354,0.18
2861,4465,2,1,27,0.147,0.19
2862,4466,2,1,27,0.276,0.17
2863,4467,3,1,27,0.410,0.15
2864,4468,3,1,27,0.417,0.17
2865,4469,2,1,26,0.276,0.20
2866,4470,3,1,26,0.420,0.15
2867,4471,2,1,26,0.339,0.16
2868,4472,3,1,26,0.369,0.14
2869,4473,2,0,26,0.305,0.19
2870,4474,2,1,26,0.141,0.18
2871,4475,3,1,26,0.341,0.18
2872,4477,4,1,26,0.544,0.13
2873,4478,3,0,25,0.398,0.16
2874,4479,2,0,25,0.136,0.20
2875,4480,1,0,25,0.020,0.20
2876,4481,1,0,25,0.040,0.21
2877,4482,4,0,24,0.430,0.18
2878,4483,2,1,24,0.196,0.16
2879,4484,2,0,23,0.208,0.21
2880,4485,1,1,27,0.333,0.18
2881,4486,1,1,27,0.164,0.23
2882,4487,2,1,27,0.258,0.17
2883,4488,3,1,27,0.352,0.17
2884,4489,3,1,27,0.307,0.18
2885,4490,1,1,26,0.106,0.19
2886,4491,2,1,26,0.279,0.20
2887,4492,3,1,26,0.324,0.17
2888,4493,2,0,26,0.160,0.23
2889,4494,4,1,26,0.519,0.16
2890,4495,2,1,26,0.225,0.19
2891,4496,2,1,26,0.296,0.19
2892,4497,4,1,26,0.473,0.16
2893,4498,2,1,26,0.284,0.19
2894,4499,3,0,26,0.377,0.17
2895,4500,4,1,26,0.600,0.16
2896,4501,3,0,25,0.371,0.16
2897,4502,4,0,25,0.461,0.16
2898,4503,4,1,25,0.507,0.15
2899,4504,4,1,25,0.367,0.15
2900,4505,3,1,25,0.404,0.18
2901,4506,2,1,25,0.274,0.16
2902,4508,2,1,25,0.215,0.20
2903,4509,2,1,25,0.235,0.20
2904,4510,2,0,24,0.147,0.26
2905,4511,2,1,24,0.263,0.18
2906,4512,4,1,24,0.441,0.15
2907,4513,3,1,24,0.311,0.17
2908,4514,2,1,24,0.292,0.21
2909,4515,3,1,27,0.367,0.18
2910,4516,2,1,27,0.197,0.18
2911,4517,2,1,26,0.114,0.19
2912,4518,3,1,26,0.376,0.17
2913,4519,2,0,26,0.366,0.15
2914,4520,2,1,26,0.290,0.16
2915,4521,2,1,26,0.300,0.16
2916,4522,3,1,26,0.392,0.15
2917,4523,2,1,25,0.381,0.17
2918,4524,4,1,25,0.603,0.15
2919,4525,2,0,25,0.207,0.17
2920,4526,2,1,25,0.275,0.17
2921,4527,2,1,25,0.164,0.22
2922,4528,4,1,25,0.471,0.17
2923,4529,2,1,25,0.269,0.19
2924,4530,4,0,25,0.491,0.18
2925,4531,3,1,25,0.450,0.19
2926,4532,4,1,25,0.486,0.15
2927,4533,2,1,25,0.295,0.18
2928,4534,2,0,24,0.150,0.22
2929,4535,1,1,24,0.333,0.23
2930,4536,3,0,23,0.333,0.18
2931,4537,4,1,23,0.465,0.15
2932,4538,2,1,23,0.175,0.17
2933,4539,3,1,23,0.453,0.14
2934,4540,2,1,26,0.228,0.18
2935,4541,1,1,26,0.062,0.18
2936,4542,2,1,26,0.129,0.20
2937,4543,3,1,26,0.370,0.18
2938,4544,3,1,26,0.400,0.21
2939,4545,3,1,25,0.435,0.15
2940,4546,3,0,25,0.564,0.13
2941,4547,4,1,25,0.533,0.15
2942,4548,2,0,25,0.127,0.22
2943,4549,2,1,25,0.161,0.22
2944,4550,2,1,25,0.234,0.16
2945,4551,2,1,25,0.282,0.19
2946,4552,2,1,24,0.194,0.21
2947,4553,3,1,24,0.333,0.18
2948,4554,1,1,24,0.000,0.00
2949,4555,2,1,24,0.145,0.22
2950,4556,3,0,24,0.432,0.18
2951,4557,2,1,23,0.129,0.19
2952,4558,2,1,23,0.192,0.20
2953,4559,3,1,23,0.467,0.18
2954,4560,2,1,22,0.250,0.18
2955,4561,2,1,22,0.234,0.20
2956,4562,2,1,26,0.304,0.19
2957,4563,2,1,26,0.225,0.21
2958,4564,2,1,26,0.131,0.18
2959,4565,2,1,26,0.149,0.20
2960,4566,2,1,26,0.241,0.18
2961,4567,2,1,26,0.155,0.17
2962,4568,2,1,25,0.226,0.17
2963,4569,2,0,25,0.204,0.21
2964,4570,2,1,25,0.271,0.18
2965,4571,3,1,25,0.388,0.17
2966,4572,2,1,25,0.265,0.17
2967,4573,4,1,25,0.525,0.16
2968,4574,2,1,25,0.236,0.21
2969,4575,2,1,25,0.214,0.17
2970,4577,1,0,24,0.102,0.22
2971,4578,2,1,24,0.281,0.23
2972,4579,3,1,24,0.400,0.18
2973,4580,2,1,24,0.300,0.18
2974,4581,2,1,24,0.233,0.18
2975,4583,2,1,24,0.285,0.17
2976,4584,2,1,24,0.247,0.15
2977,4585,1,0,23,0.062,0.24
2978,4586,4,1,23,0.513,0.14
2979,4587,2,1,23,0.333,0.17
2980,4588,2,1,22,0.250,0.20
2981,4589,2,0,21,0.200,0.24
2982,4590,2,0,21,0.276,0.16
2983,4591,2,1,33,0.118,0.21
2984,4592,2,1,33,0.163,0.17
2985,4593,2,1,33,0.217,0.18
2986,4594,3,1,32,0.422,0.15
2987,4595,2,1,31,0.100,0.24
2988,4596,2,1,30,0.217,0.18
2989,4597,1,1,29,0.102,0.20
2990,4598,3,1,29,0.318,0.15
2991,4599,1,0,29,0.173,0.19
2992,4600,3,1,29,0.351,0.15
2993,4601,3,1,28,0.401,0.15
2994,4602,2,1,28,0.125,0.22
2995,4603,2,1,25,0.194,0.16
2996,4604,4,1,25,0.504,0.14
2997,4605,1,0,25,0.090,0.25
2998,4606,1,1,25,0.020,0.19
2999,4607,2,1,24,0.322,0.21
3000,4608,3,1,24,0.367,0.15
3001,4609,1,1,23,0.069,0.20
3002,4610,2,1,23,0.117,0.18
3003,4611,3,0,23,0.411,0.18
3004,4612,1,1,22,0.113,0.15
3005,4613,1,1,39,0.013,0.21
3006,4614,2,1,33,0.171,0.19
3007,4615,1,1,33,0.032,0.20
3008,4616,1,1,32,0.073,0.18
3009,4617,1,1,31,0.084,0.20
3010,4618,2,1,30,0.265,0.19
3011,4619,2,1,30,0.265,0.20
3012,4620,1,1,30,0.079,0.18
3013,4621,1,0,30,0.052,0.18
3014,4622,2,1,29,0.125,0.18
3015,4623,2,1,29,0.180,0.18
3016,4624,2,1,28,0.344,0.16
3017,4625,2,1,27,0.221,0.16
3018,4626,1,1,27,0.041,0.24
3019,4627,2,0,27,0.149,0.18
3020,4628,1,1,27,0.103,0.17
3021,4629,2,0,27,0.152,0.19
3022,4630,2,1,26,0.168,0.18
3023,4631,1,1,26,0.078,0.21
3024,4632,1,1,24,0.084,0.21
3025,4633,2,1,24,0.233,0.17
3026,4634,2,1,24,0.125,0.15
3027,4635,1,1,23,0.059,0.14
3028,4636,1,1,23,0.125,0.16
3029,4637,2,1,23,0.204,0.21
3030,4638,2,1,23,0.129,0.20
3031,4639,1,1,23,0.087,0.18
3032,4640,1,1,22,0.178,0.15
3033,4641,2,1,22,0.153,0.17
3034,4642,2,0,22,0.255,0.16
3035,4643,2,1,20,0.282,0.17
3036,4644,1,1,34,0.079,0.18
3037,4645,2,1,33,0.275,0.16
3038,4646,1,1,33,0.087,0.22
3039,4647,1,1,31,0.023,0.18
3040,4648,2,1,29,0.166,0.17
3041,4649,2,1,29,0.107,0.17
3042,4650,2,1,29,0.220,0.18
3043,4651,1,1,29,0.040,0.18
3044,4652,1,1,28,0.053,0.20
3045,4653,2,1,27,0.303,0.16
3046,4654,2,1,27,0.116,0.21
3047,4655,1,1,26,0.000,0.20
3048,4656,2,1,26,0.193,0.15
3049,4657,3,1,26,0.422,0.14
3050,4658,1,1,22,0.016,0.20
3051,4659,2,1,22,0.301,0.18
3052,4660,1,1,22,0.033,0.26
3053,4661,1,1,21,0.014,0.25
3054,4662,1,1,31,0.017,0.20
3055,4663,2,1,31,0.113,0.17
3056,4664,1,1,30,0.089,0.17
3057,4665,1,1,30,0.016,0.17
3058,4666,1,1,30,0.083,0.18
3059,4667,2,1,29,0.116,0.16
3060,4668,1,1,29,0.032,0.19
3061,4669,1,1,28,0.029,0.18
3062,4670,2,0,28,0.128,0.22
3063,4671,1,1,28,0.014,0.21
3064,4672,2,1,27,0.152,0.18
3065,4673,1,0,27,0.096,0.17
3066,4674,2,1,26,0.120,0.18
3067,4675,2,1,26,0.106,0.16
3068,4676,2,1,25,0.179,0.18
3069,4677,1,1,25,0.065,0.20
3070,4678,2,0,25,0.144,0.16
3071,4679,2,1,24,0.120,0.21
3072,4680,2,0,23,0.107,0.19
3073,4681,2,1,23,0.100,0.21
3074,4682,2,1,23,0.280,0.15
3075,4683,1,1,23,0.054,0.19
3076,4684,2,1,23,0.162,0.15
3077,4685,3,1,23,0.422,0.15
3078,4686,2,1,22,0.233,0.15
3079,4687,2,0,21,0.109,0.20
3080,4688,2,1,21,0.284,0.17
3081,4689,1,0,20,0.063,0.18
3082,4690,2,0,20,0.157,0.21
3083,4691,2,1,30,0.116,0.18
3084,4692,2,1,29,0.145,0.14
3085,4693,1,1,29,0.089,0.14
3086,4694,2,0,28,0.103,0.17
3087,4695,1,1,28,0.051,0.23
3088,4696,1,1,27,0.000,0.22
3089,4697,1,1,27,0.057,0.20
3090,4698,1,1,27,0.047,0.19
3091,4699,1,0,27,0.000,0.20
3092,4700,2,1,26,0.107,0.15
3093,4701,1,1,26,0.000,0.18
3094,4702,2,1,26,0.263,0.15
3095,4703,1,1,25,0.087,0.18
3096,4704,2,1,25,0.185,0.14
3097,4705,1,1,25,0.078,0.12
3098,4706,2,1,25,0.140,0.17
3099,4707,1,1,25,0.093,0.13
3100,4708,1,1,24,0.086,0.23
3101,4709,1,1,24,0.066,0.19
3102,4710,2,1,24,0.206,0.19
3103,4711,2,1,23,0.212,0.18
3104,4712,1,1,23,0.000,0.18
3105,4713,2,1,23,0.154,0.17
3106,4714,2,0,23,0.153,0.16
3107,4715,2,1,21,0.174,0.17
3108,4716,1,1,21,0.037,0.15
3109,4717,1,1,21,0.152,0.16
3110,4718,2,1,20,0.100,0.20
3111,4719,2,1,19,0.100,0.17
3112,4720,2,0,19,0.107,0.21
3113,4721,1,1,29,0.000,0.19
3114,4722,1,0,29,0.014,0.19
3115,4723,1,1,28,0.000,0.18
3116,4724,1,1,27,0.047,0.16
3117,4725,1,1,27,0.051,0.17
3118,4726,1,0,26,0.031,0.13
3119,4727,1,1,26,0.000,0.15
3120,4728,1,1,26,0.016,0.20
3121,4729,1,1,24,0.039,0.17
3122,4730,2,0,24,0.195,0.15
3123,4731,1,1,24,0.082,0.18
3124,4732,1,1,24,0.067,0.13
3125,4733,1,0,24,0.095,0.17
3126,4734,1,1,24,0.135,0.18
3127,4735,1,1,23,0.034,0.18
3128,4736,1,1,22,0.015,0.19
3129,4737,2,1,22,0.117,0.13
3130,4738,1,0,22,0.029,0.19
3131,4739,1,1,22,0.058,0.14
3132,4740,1,1,21,0.037,0.22
3133,4741,1,1,21,0.013,0.19
3134,4742,1,0,21,0.000,0.25
3135,4743,2,1,21,0.120,0.17
3136,4744,1,0,21,0.048,0.20
3137,4745,1,1,21,0.031,0.19
3138,4746,1,0,19,0.053,0.15
3139,4747,1,1,28,0.000,0.17
3140,4748,1,1,27,0.074,0.19
3141,4749,1,1,27,0.000,0.25
3142,4750,1,1,26,0.016,0.19
3143,4751,1,1,26,0.000,0.23
3144,4752,1,1,25,0.000,0.23
3145,4753,1,1,25,0.000,0.22
3146,4754,1,1,25,0.042,0.22
3147,4755,1,1,25,0.000,0.19
3148,4756,1,1,24,0.017,0.13
3149,4757,1,1,24,0.075,0.16
3150,4758,1,0,24,0.017,0.20
3151,4759,2,1,24,0.108,0.20
3152,4760,1,1,24,0.043,0.19
3153,4761,1,1,23,0.018,0.14
3154,4762,1,1,23,0.010,0.16
3155,4763,1,1,23,0.000,0.21
3156,4764,1,0,23,0.019,0.21
3157,4765,1,0,23,0.000,0.16
3158,4766,1,1,22,0.000,0.17
3159,4767,1,0,22,0.000,0.17
3160,4768,1,1,21,0.000,0.21
3161,4769,1,1,21,0.111,0.15
3162,4770,1,0,21,0.016,0.25
3163,4771,1,1,20,0.117,0.14
3164,4772,1,1,20,0.015,0.17
3165,4773,1,0,20,0.000,0.20
3166,4774,1,1,20,0.000,0.25
3167,4775,1,0,20,0.016,0.21
3168,4776,1,1,20,0.000,0.14
3169,4777,1,1,29,0.000,0.00
3170,4778,1,1,28,0.000,0.00
3171,4779,1,1,27,0.000,0.00
3172,4780,1,1,27,0.000,0.00
3173,4781,1,0,27,0.000,0.00
3174,4782,1,1,26,0.000,0.00
3175,4783,1,0,26,0.000,0.00
3176,4784,1,0,26,0.000,0.00
3177,4785,1,1,26,0.000,0.00
3178,4786,1,1,25,0.000,0.00
3179,4787,1,1,25,0.000,0.00
3180,4788,1,1,24,0.000,0.00
3181,4789,1,1,24,0.000,0.00
3182,4790,1,1,24,0.000,0.00
3183,4791,1,0,24,0.000,0.00
3184,4792,1,1,23,0.000,0.00
3185,4793,1,1,23,0.000,0.00
3186,4794,1,1,23,0.000,0.00
3187,4795,1,1,23,0.000,0.00
3188,4796,1,1,22,0.000,0.00
3189,4797,1,1,21,0.000,0.00
3190,4798,1,1,20,0.000,0.00
3191,4799,1,1,20,0.000,0.00
3192,4800,1,1,20,0.000,0.00
3193,4801,1,0,20,0.000,0.00
3194,4802,1,1,20,0.000,0.00
3195,4803,1,1,20,0.000,0.00
3196,4804,1,0,19,0.000,0.00
3197,2015,1,1,65,0.106,0.23
3198,2376,2,1,62,0.153,0.19
3199,2429,1,1,61,0.040,0.21
3200,2709,2,1,63,0.103,0.22
3201,2763,2,1,56,0.309,0.17
3202,2784,2,1,58,0.232,0.17
3203,2811,2,1,60,0.164,0.17
3204,2833,2,1,57,0.302,0.18
3205,2857,2,1,57,0.169,0.20
3206,2881,1,1,59,0.021,0.25
3207,2920,2,1,54,0.200,0.22
3208,2936,2,1,54,0.120,0.17
3209,2973,2,1,55,0.102,0.22
3210,2975,1,1,55,0.098,0.19
3211,3113,2,1,52,0.354,0.16
3212,3140,3,0,51,0.392,0.20
3213,3160,2,1,52,0.352,0.17
3214,3185,2,1,53,0.172,0.20
3215,3219,2,1,49,0.228,0.20
3216,3244,2,1,48,0.228,0.12
3217,3262,1,1,49,0.020,0.24
3218,3263,1,1,48,0.021,0.22
3219,3311,2,1,48,0.134,0.24
3220,3318,1,1,46,0.041,0.20
3221,3369,2,1,46,0.105,0.19
3222,3420,2,1,43,0.150,0.21
3223,3447,1,1,43,0.081,0.23
3224,3487,1,1,45,0.020,0.24
3225,3504,1,1,42,0.133,0.21
3226,3570,2,1,41,0.224,0.22
3227,3728,2,1,41,0.314,0.17
3228,3774,4,0,38,0.464,0.15
3229,3954,2,1,36,0.220,0.20
3230,4178,1,0,29,0.208,0.20
3231,4576,2,1,23,0.208,0.17
