,money,number_race,racer_1_ID,racer_2_ID,racer_3_ID,racer_4_ID,racer_5_ID,racer_6_ID,result_com
,1870.0,1,3333,4151,4382,4479,4737,4759,21
,700.0,2,3559,4525,3584,4236,4434,4625,19
,580.0,3,3379,3234,3842,4373,3455,4757,11
,310.0,4,3443,4047,3296,4364,4502,4661,3
,370.0,5,4498,4008,2380,4529,4327,4382,1
,410.0,6,4488,3885,4208,4359,4625,4233,2
,2250.0,8,3902,3296,4434,3455,4743,4737,4
,990.0,9,4466,3950,4502,3559,4759,4015,3
,230.0,11,4364,4313,4498,4151,4359,4715,2
,310.0,12,4236,3333,3443,4008,4208,3842,3
,2950.0,3,3455,2380,3379,4625,3333,4313,3
,220.0,4,4008,4015,4502,3584,4488,4765,1
,3160.0,6,3885,3559,3842,4737,3902,4498,26
,9380.0,7,2380,4757,4529,3234,3296,3950,21
,8400.0,8,4502,4382,3584,4466,4744,4704,15
,470.0,10,4233,4236,4737,4498,4743,4488,1
,1650.0,12,3842,3455,4359,3443,4364,4466,19
,2280.0,1,3842,3950,4313,4382,3296,4759,11
,210.0,4,4364,4529,4466,4233,3885,4373,2
,280.0,5,3333,4498,4382,3296,4661,2380,1
,420.0,6,3455,4737,4008,4047,4479,4765,11
,1200.0,7,3950,3584,4743,4625,4759,4744,22
,2030.0,8,4208,4434,4529,4488,4313,4151,8
,11470.0,9,3902,4233,4525,3443,2380,4661,11
,8870.0,10,3379,3333,4015,4479,3234,4359,15
,880.0,11,4502,3842,4364,4208,4047,3559,13
,550.0,12,4008,3902,4488,4236,4466,3885,1
,1050.0,1,3443,3950,4674,4382,4757,4434,4
,970.0,2,4208,4525,4313,4502,4479,4744,11
,1160.0,3,4488,3584,4364,4151,4015,4661,4
,710.0,4,4236,4047,4359,3902,4759,4625,4
,560.0,5,3842,3885,4757,2380,4529,4765,6
,620.0,6,4466,3333,3379,4434,4008,3455,1
,1470.0,7,3234,4151,4479,4674,4737,4743,3
,190.0,8,4498,3296,4525,3559,4744,4373,3
,880.0,9,4233,4359,4529,3455,4661,4502,2
,1240.0,10,4015,3443,4488,4466,3842,4313,4
,480.0,11,4364,4498,4208,4759,3234,4737,2
,4340.0,12,4008,4236,3902,4233,3379,3584,8
,760.0,1,4498,3296,4743,4525,4765,4151,3
,290.0,2,4488,4382,4625,4047,4757,4674,3
,400.0,3,3379,2380,4008,4479,3333,4373,11
,780.0,4,3443,4737,3455,4529,4313,4661,3
,850.0,5,3885,4466,4759,4434,4744,4765,6
,580.0,6,3902,4502,3559,4359,4743,4757,6
,580.0,7,3584,4625,4674,3296,4151,3234,1
,2850.0,8,4047,4479,4382,2380,4529,4525,23
,610.0,9,3559,3455,3885,3333,4373,3950,1
,970.0,10,4466,3234,3902,3443,3379,4737,4
,210.0,11,4008,4498,4488,4759,3584,4313,1
,800.0,12,4364,4236,4015,4233,4208,3842,3
,230.0,1,3514,4020,4650,3293,4250,4691,1
,3480.0,2,3699,4145,3807,3946,3951,4697,11
,500.0,3,3305,3587,4528,2997,4378,4527,12
,290.0,4,3484,3463,3527,3825,3353,4816,2
,990.0,5,3745,3329,4272,4020,4709,4821,7
,2020.0,6,4053,4650,3663,4145,3907,4684,14
,1150.0,7,2585,4195,4167,4588,4697,3293,16
,1020.0,8,3463,4087,4527,3699,4691,4808,20
,2200.0,9,3694,3825,3305,4709,3712,4301,19
,660.0,10,3663,4272,3353,3641,3807,4086,1
,240.0,11,3527,4588,4053,3745,3708,4378,2
,350.0,12,3946,3484,3329,3514,4528,3907,1
,790.0,1,3907,4250,4145,3587,4821,4816,16
,460.0,2,3712,4808,2997,4528,4087,4272,16
,240.0,3,3353,3951,3946,4588,3463,4684,11
,380.0,4,3329,3694,4195,4697,3745,4691,2
,190.0,5,4301,3514,4167,2585,4527,4821,1
,1540.0,6,3825,4378,4808,3484,4086,4053,8
,5000.0,7,2997,3807,3951,4020,3587,4650,25
,1110.0,9,3527,3712,2585,3907,4684,4086,2
,290.0,11,3641,3946,4250,3514,4053,3745,6
,500.0,12,4528,4301,3708,3694,3484,3463,2
,320.0,1,3946,4167,4527,4145,4691,4588,3
,360.0,2,3353,3293,4250,3484,4697,4821,16
,410.0,3,3641,4087,3329,4709,3527,3807,2
,260.0,4,3514,3708,4378,3712,4650,4684,1
,25780.0,5,3663,3907,3825,2997,4020,4195,25
,330.0,6,3293,4528,3745,3694,4816,4086,7
,3490.0,7,4272,2585,4588,3807,4808,4691,23
,1360.0,8,4053,4527,4650,3951,3699,4697,1
,5160.0,9,3587,3641,3712,3463,3825,4709,9
,1730.0,10,3745,3514,4301,4528,4145,4020,13
,1330.0,11,3708,3663,3484,4272,3329,3527,4
,300.0,12,3907,3353,3946,4378,3694,3699,2
,280.0,1,3484,4250,2585,4167,4808,4684,4
,4920.0,2,3463,4020,3951,3514,4697,4691,20
,560.0,3,3699,4650,4301,4087,3946,4816,23
,220.0,4,4528,4053,3641,3663,4821,4086,1
,530.0,5,4378,3329,4250,4272,2585,4145,1
,620.0,6,3807,3907,3587,3353,4684,2997,6
,6240.0,7,4195,3825,4167,4527,4816,4709,9
,760.0,8,3712,4588,4808,3527,3293,4821,1
,770.0,9,3951,3484,4087,3699,4086,3708,3
,700.0,11,4301,3527,3946,4195,3514,3587,1
,420.0,12,3329,3712,4528,3463,3663,3353,11
,330.0,1,3329,4527,3807,3825,4697,3951,3
,1510.0,2,3712,4145,4650,3946,4709,4167,19
,1030.0,3,3708,4020,4528,4588,3694,4684,14
,410.0,4,3907,3353,4195,3641,4378,4816,1
,240.0,5,3699,3484,4527,4272,4821,2997,6
,420.0,6,3527,3293,3663,3745,4053,4086,3
,400.0,7,4588,2585,4020,4808,4691,4650,3
,450.0,8,4301,3825,3587,3463,4087,4709,2
,1080.0,9,3514,3807,3353,4250,4195,3694,4
,1970.0,10,3484,3329,3527,3708,3951,4053,5
,180.0,11,3946,4301,3699,3712,3641,3745,1
,460.0,1,3527,2585,4087,3293,4816,4691,4
,2280.0,2,3907,3825,4195,3353,4709,4697,11
,360.0,3,3699,4167,3694,4684,3463,2997,2
,580.0,4,3329,4250,4378,4272,4086,4808,1
,210.0,5,3745,3708,4650,4145,3293,4821,1
,370.0,6,3712,4195,3587,4709,4691,3663,1
,500.0,7,3951,3807,4588,3825,4527,4087,3
,450.0,8,3641,4272,2585,4167,4697,4020,2
,3600.0,9,3694,4145,4250,4378,4821,4816,13
,2500.0,10,3587,3745,3951,3699,3329,3353,24
,5920.0,11,3708,3907,3641,3527,3712,4588,21
,340.0,12,3946,3484,3514,4528,4301,4053,1
,920.0,1,3024,3789,3444,2958,4708,4196,5
,390.0,2,4393,2816,3537,4236,4666,4265,19
,740.0,3,3485,3705,4230,4121,3890,3521,1
,290.0,4,3746,3711,3070,3501,4596,4789,1
,210.0,5,3843,4051,4552,4291,3564,4708,1
,830.0,6,3186,3717,2958,4395,4366,4163,6
,340.0,7,3705,4429,3789,3325,4647,4666,1
,2170.0,8,3501,3444,2816,4090,4789,4121,18
,1330.0,9,3537,3070,3757,4552,3521,3743,28
,770.0,10,3711,3843,4196,3186,4265,3890,2
,880.0,11,3717,4393,3564,3485,4395,4596,5
,420.0,1,4051,3521,3325,4708,2816,4774,4
,880.0,2,3757,4666,3875,3024,3537,3705,2
,210.0,3,3070,4265,4236,3789,3843,3444,2
,680.0,4,4366,3564,3743,4393,3186,4647,3
,4980.0,5,4395,4230,4429,3325,2958,4291,4
,2280.0,6,4596,4552,4090,3717,3746,2816,19
,2020.0,7,4121,4708,4265,4196,4774,3537,20
,400.0,8,4163,3875,3564,3711,3444,4789,3
,1370.0,9,3890,4596,4051,4429,4647,3501,5
,540.0,10,4090,4366,3843,3757,4291,4393,3
,850.0,11,3743,4236,3705,3746,3485,3711,3
,450.0,12,4230,4163,3024,3070,3501,3717,1
,340.0,1,4230,2958,4666,3521,3875,3789,2
,5690.0,3,3757,3444,3743,3537,4236,4647,12
,200.0,4,3024,4090,4395,3843,4163,4774,1
,5160.0,5,3070,4366,3521,4265,4196,3564,7
,1600.0,6,2958,3890,4393,3746,4708,3485,13
,1670.0,7,2816,3325,3789,4429,4789,3875,27
,360.0,8,4090,3537,3186,4121,3705,4291,3
,520.0,9,3843,4265,4366,4596,3717,4666,11
,1240.0,10,3501,4230,3485,4196,3743,4552,2
,270.0,11,3711,3024,3890,2816,4051,4395,1
,300.0,12,3746,3757,4163,4236,4393,3186,1
,260.0,1,4236,4666,3521,3705,4429,4647,3
,260.0,2,4163,3564,3444,4366,3325,4774,3
,360.0,3,3485,3875,3024,4291,3711,2958,2
,260.0,4,3743,3717,4230,2816,3757,4708,1
,250.0,5,3890,3746,3537,4666,3789,4789,1
,2960.0,6,4552,3501,4596,4395,4774,3070,5
,6100.0,7,4196,3521,2958,3444,4121,4291,5
,1780.0,8,3186,3705,4265,3743,4647,3325,5
,2700.0,9,4393,3485,4051,3875,4090,3843,14
,680.0,10,4395,4163,3890,4552,4230,4429,6
,2280.0,11,3717,4236,4196,3501,3024,3757,7
,3290.0,12,4366,3186,3711,3746,3070,4090,11
,1740.0,1,3024,3325,4552,4429,3705,3564,6
,2550.0,2,3485,3789,2816,4051,3521,4265,4
,890.0,3,3743,3537,4366,4196,3711,4708,1
,360.0,4,4230,4393,4121,3501,4789,4647,3
,1070.0,6,3717,3186,3070,4395,4051,4163,11
,900.0,7,3444,2816,4265,3537,4291,4666,16
,2810.0,8,3746,4429,4708,4393,3564,4789,6
,9820.0,9,3757,4121,3843,3789,4596,3890,16
,210.0,11,4236,3743,4163,3717,3501,3325,1
,1600.0,12,4366,3485,3746,3757,3024,3186,21
,1030.0,1,3717,4265,4121,2958,3789,4291,11
,580.0,2,3711,3521,4429,4596,4647,4552,2
,9100.0,3,3485,4708,4051,3444,4395,4789,24
,510.0,5,4163,3501,3705,3875,3537,4121,3
,1590.0,6,3186,4196,3843,3789,3757,4647,6
,310.0,7,3325,2958,3521,4291,4789,3444,1
,3300.0,8,4596,3564,2816,4395,4774,4429,13
,14240.0,9,4051,3875,3890,4666,3843,4393,26
,1070.0,10,3501,4552,3485,3325,3186,4090,11
,33780.0,11,3757,4163,4196,3746,3717,3711,30
,320.0,12,4236,3024,3070,4366,3743,4230,1
,14110.0,1,3574,4475,4487,4848,4425,4831,27
,280.0,3,4566,3523,3853,4607,4336,4737,2
,5430.0,5,4180,4189,4332,4299,4549,4695,11
,4010.0,6,3539,4544,4475,4371,3593,4351,16
,770.0,7,3523,4679,4425,4736,4368,4729,4
,2220.0,8,3473,3851,4607,4079,4831,4567,19
,580.0,9,4487,3747,4180,3898,4737,4332,8
,1710.0,10,3726,4371,4299,4566,4848,4614,17
,1780.0,11,4079,4288,4314,4189,4351,4336,6
,430.0,12,4350,3473,3574,4544,3853,4287,3
,6210.0,2,4544,4299,4607,3898,4475,4729,21
,690.0,3,4614,4549,4287,4332,4350,4679,23
,490.0,4,3853,4425,3726,3539,4079,4487,1
,180.0,5,4288,3473,3851,3593,4855,3523,1
,1820.0,6,4368,4351,4336,3574,4729,3747,16
,830.0,7,4607,4567,4549,4737,4695,4848,16
,1550.0,8,4287,4180,4551,4189,4487,4831,20
,370.0,9,4314,4332,4350,4368,4566,4855,14
,1380.0,10,4336,3726,4544,3473,4679,4475,12
,1770.0,11,4351,3853,4288,4614,3523,3574,13
,4120.0,12,4189,3898,4371,4079,3747,4566,13
,290.0,1,3898,3593,4679,4695,3539,4299,1
,790.0,2,4287,4736,4425,4566,4729,4549,2
,900.0,3,3574,4737,3473,4332,4189,4368,11
,340.0,4,4371,4336,4475,4567,4288,4551,1
,180.0,5,3726,4350,3593,3523,4848,4607,6
,630.0,8,3747,4567,4371,4180,4332,4855,3
,1120.0,9,4351,4566,3853,4736,4544,4848,4
,9800.0,10,4614,3574,4189,3726,4831,4425,20
,640.0,11,4180,4287,3898,4475,3473,4288,7
,900.0,12,4079,3747,4350,4336,4314,3853,1
,610.0,1,3473,4607,4368,4487,4749,4729,3
,2230.0,2,3853,3523,4567,4287,4855,4831,29
,240.0,4,4189,3593,4351,3747,4180,4695,2
,1630.0,6,4425,4350,4566,4368,3851,4551,12
,560.0,7,4475,4549,4679,4607,4831,4855,3
,2060.0,8,4314,4299,3523,3898,4729,4736,17
,1980.0,9,4737,4544,4288,4189,4741,3726,7
,3750.0,10,4336,3853,3851,4371,4614,3539,10
,2650.0,11,4566,3747,4314,3574,4287,4180,16
,280.0,12,4350,3473,4079,4351,3726,3898,2
,500.0,1,4189,3539,3593,4736,4679,4831,3
,160.0,3,3898,3851,4350,4549,4314,4729,2
,750.0,4,3473,3726,4299,4607,4614,4749,4
,570.0,5,3853,3574,4736,3539,4368,4741,6
,3600.0,6,3747,4079,4695,4567,4288,4848,2
,350.0,7,4549,4332,4737,4729,3523,4475,2
,1680.0,8,4287,3593,4336,3851,4299,4551,5
,19170.0,9,4566,4180,4679,4614,4487,4351,25
,460.0,10,4544,3898,4189,3853,4831,4425,2
,1250.0,11,4079,4287,3473,3574,4475,4737,6
,410.0,12,4350,3747,4288,4371,4566,3726,2
,1430.0,1,3853,4299,3851,3539,4695,4332,4
,490.0,2,3747,4487,4368,4566,3593,4741,2
,2540.0,3,3473,4607,4351,3523,4314,4855,6
,300.0,4,4371,4549,4425,4180,4679,4848,1
,2290.0,6,3726,3851,3574,4487,4729,4749,16
,430.0,7,4737,3523,4607,4368,4741,4736,3
,1030.0,8,4180,4475,4695,4314,4332,4567,2
,4850.0,9,4351,4566,3593,4679,4855,4336,26
,3580.0,10,4831,4737,3726,3473,4425,4549,2
,570.0,11,3574,3853,4371,3898,3747,4475,3
,7220.0,12,4350,4544,4287,4079,4189,4288,12
,240.0,2,4512,3630,3363,3952,3875,4881,3
,560.0,3,4424,3755,3554,3773,3684,3832,3
,510.0,4,3362,3409,3566,3873,4686,4745,3
,350.0,5,3987,3514,4041,2785,3922,4772,6
,2160.0,7,2276,3709,4458,3630,3773,3669,24
,770.0,8,3409,3866,4686,3363,4820,3979,11
,300.0,9,4154,4041,4424,4745,3605,3683,2
,520.0,10,4037,3987,3548,3306,3566,3684,2
,460.0,11,4022,4512,4201,3832,4396,3873,2
,450.0,12,3554,3362,3327,3514,3952,4254,1
,270.0,1,3952,4772,3922,3669,4881,3755,1
,880.0,2,3684,2785,3979,3554,3866,3306,1
,350.0,3,4686,3875,3327,2276,4037,4041,4
,180.0,4,3514,3773,3683,4512,3987,4820,1
,300.0,5,3873,4254,3709,3755,3669,3346,6
,790.0,6,4396,3922,4154,4424,3362,4022,16
,490.0,7,2785,3832,4772,3875,4745,4881,3
,590.0,8,3566,4458,3866,3548,3363,2276,2
,370.0,9,4201,3605,3684,3327,3709,3409,1
,480.0,10,3683,3979,3873,3362,3630,4037,2
,520.0,11,3548,3952,4022,3514,4424,4512,2
,2800.0,12,4254,4396,3987,3566,3554,4154,14
,4280.0,1,3554,3630,3875,4041,3832,4458,21
,640.0,2,3362,4745,3363,4201,3346,2785,2
,280.0,4,3952,3709,3548,4396,4154,4772,2
,800.0,6,3327,3683,3630,3773,3409,3987,16
,560.0,7,3605,3306,4745,3755,4041,3922,4
,8930.0,8,4686,3669,4772,3566,3979,3875,19
,2500.0,9,4424,3684,3409,4458,3363,4512,4
,1390.0,10,3773,3605,4022,3873,3683,4154,4
,800.0,11,3514,2785,4686,3987,4396,3952,5
,640.0,12,4201,4424,4254,3554,3362,3548,1
,410.0,1,3362,3866,3363,4041,3669,4881,2
,480.0,2,3873,3875,3346,3554,2276,4820,1
,740.0,3,4686,3922,4037,3709,3327,3755,11
,4170.0,4,4254,3987,3409,3684,3979,3306,11
,4830.0,5,3548,3952,4745,3866,4458,3669,7
,1410.0,6,3566,4512,4154,4772,4881,3605,6
,1760.0,7,3832,3363,2276,3922,2785,3709,16
,550.0,8,4022,4041,3875,4037,3755,3630,1
,310.0,9,3952,3684,4512,3327,3409,3346,1
,960.0,10,3605,3548,4686,4154,4254,3832,2
,2840.0,11,3554,3873,2785,3362,4022,3987,21
,370.0,12,3773,4201,3514,4424,3683,4396,2
,3030.0,1,4294,3808,4440,3804,4239,4553,26
,370.0,2,3604,3528,4589,3993,4282,4722,16
,310.0,4,3999,4680,3802,4286,4629,4775,3
,780.0,5,3151,4402,4066,3808,3872,3867,4
,960.0,6,3128,3801,4590,3528,4349,4791,4
,4720.0,7,2842,4371,4227,4361,3800,4239,14
,460.0,8,3932,3299,4627,4722,4589,4585,4
,820.0,9,3804,4294,3867,4402,4369,4076,9
,7070.0,10,3518,3802,3128,3801,4775,4773,19
,320.0,11,4102,4440,4371,3872,4361,4066,2
,900.0,12,3993,3604,3932,3999,4286,4590,4
,22340.0,1,3999,4585,3528,3299,3128,3518,17
,680.0,2,4066,3867,4553,4371,4197,3804,16
,2680.0,3,3604,4627,3932,4349,3993,4775,13
,1480.0,4,4361,4369,4402,3151,4031,4284,6
,230.0,5,4590,4286,4629,4585,4722,3802,1
,3030.0,6,4272,3800,3872,4076,4440,4227,16
,2130.0,7,3299,4282,3604,4627,3518,4791,21
,500.0,8,4369,4239,4102,4284,4294,2842,4
,2530.0,9,3801,4589,3993,4590,4680,4773,7
,4290.0,10,4553,4076,4031,3800,3808,3151,19
,1980.0,11,4286,4349,4282,3999,3932,4629,6
,3430.0,12,3872,4102,4294,4361,4402,4371,18
,1170.0,1,4371,3804,4197,4239,4553,4272,21
,500.0,2,3932,3802,4680,3604,4585,4773,2
,870.0,3,4402,4284,3151,3867,4102,4440,21
,2130.0,4,3993,4629,3128,4590,4722,4791,4
,1400.0,5,4076,4294,4361,3872,4227,4197,14
,880.0,6,4589,4286,3999,4773,3299,3801,7
,2250.0,7,3808,4031,4402,4066,4272,4102,11
,1900.0,8,4590,3528,3802,4282,4791,4627,13
,480.0,9,4284,4371,4076,3804,3151,4361,10
,340.0,10,4349,3993,3801,4589,4775,3604,6
,4560.0,11,3800,3872,4553,4294,4066,4369,12
,480.0,12,4286,3518,3932,4680,3999,3128,1
,1760.0,1,3932,4585,3528,3518,4722,4629,17
,710.0,2,3872,4239,4440,4227,4553,3808,16
,1000.0,3,3604,4349,4286,4775,3993,4791,14
,510.0,4,4361,4272,4197,4294,4369,3800,4
,290.0,6,4102,4031,4284,4239,4371,4227,4
,2810.0,7,4349,3932,3604,4590,3802,3801,17
,350.0,8,4553,4294,4402,4440,4272,3151,1
,620.0,9,3993,3518,3299,4680,3128,4775,2
,550.0,10,4369,4361,3808,3872,4031,4284,3
,510.0,11,4286,3999,4589,4585,4282,4722,2
,380.0,12,4371,3800,4102,4076,4066,3804,1
,460.0,1,4294,3804,3808,4239,4197,4553,1
,2470.0,2,3604,4282,3128,3993,4589,4722,8
,410.0,3,3999,4627,4590,4680,4286,4585,2
,660.0,4,3932,3528,4349,3299,4791,4775,1
,2900.0,5,3872,4402,4066,4440,4076,4031,21
,690.0,6,4361,4272,4371,3800,4369,4227,3
,3920.0,7,3518,3801,4282,4627,3128,3802,17
,230.0,8,4102,4066,3151,4284,4031,4197,1
,1110.0,9,4369,4553,3872,4361,3808,4402,16
,320.0,12,3993,4590,3299,4349,3518,3999,3
,470.0,2,3299,4479,3528,3999,3801,3932,16
,380.0,3,3518,4282,3128,3802,4589,4791,3
,190.0,4,4066,4212,4553,4197,4722,3800,2
,210.0,5,3151,4031,4440,4627,4272,4227,1
,770.0,6,3804,4076,4479,4284,3528,4286,10
,660.0,7,4680,4197,3801,4791,3800,4589,4
,1380.0,8,4031,3802,4212,3128,4227,4722,6
,1810.0,9,4076,4402,3808,3151,4553,4066,5
,7540.0,10,3999,3518,3299,4680,4627,4282,24
,590.0,12,3993,3604,4349,4585,4590,4775,4
,270.0,1,3517,3361,3850,4495,3404,4747,3
,1160.0,2,3616,2887,3480,3534,4616,4861,1
,6530.0,3,3430,3601,4500,4603,3857,4489,6
,860.0,4,3853,4177,4314,4113,3824,4768,6
,340.0,5,4122,3568,4495,3658,3970,4010,1
,400.0,6,2887,3433,3995,4469,4463,3577,15
,1190.0,7,3361,3671,4489,3878,4861,3973,1
,1080.0,8,3828,3520,3824,3404,3480,3857,4
,940.0,9,4113,4122,4603,3533,4747,3838,2
,400.0,10,3985,3616,3970,3577,3850,4314,3
,600.0,11,4177,4247,4235,3430,3445,4469,4
,470.0,12,3568,3853,3517,3995,3534,4500,2
,400.0,1,3995,4010,3878,3850,4603,4861,3
,630.0,3,3445,3658,3838,3671,3517,4247,14
,460.0,4,4500,3480,3828,3973,3985,4747,4
,6920.0,5,4314,3534,3520,4463,3878,4495,24
,4500.0,6,3824,4235,3433,3568,3857,3430,29
,7180.0,7,3601,3404,3658,4010,2887,4616,7
,330.0,8,4469,3970,3973,3616,4768,3671,1
,510.0,9,3533,4500,3577,4247,3520,4122,11
,610.0,10,4235,4113,4463,3517,4177,3828,3
,210.0,11,3838,3995,3601,3361,3853,3857,1
,920.0,12,3534,3533,3568,3445,3616,3985,3
,3510.0,1,3534,3850,3480,4495,4747,3601,17
,9130.0,2,3985,3970,3404,4500,4489,4463,29
,2630.0,3,3828,4616,3568,3824,3838,3878,15
,470.0,4,3517,4469,3430,2887,4122,4861,4
,1500.0,5,3533,3853,4010,4603,3361,4768,2
,1380.0,6,3850,4314,4489,3995,3658,3445,8
,400.0,7,3970,3824,3433,3520,4247,4747,4
,570.0,8,4113,3973,2887,3480,4861,3857,2
,920.0,9,4469,3828,3671,4177,4495,4603,19
,760.0,10,3616,3404,3995,4122,3568,3361,11
,930.0,11,4314,4500,3838,3517,3577,4235,3
,3210.0,12,3853,3985,4113,3534,3430,4177,20
,250.0,1,4500,4010,3973,3433,4616,3520,2
,340.0,3,4177,2887,3853,3658,3616,3404,1
,240.0,4,3568,4489,3838,3577,3533,4768,3
,230.0,5,3430,3517,3361,4010,3601,4747,6
,1460.0,6,3878,4235,3828,3534,3857,3970,6
,1360.0,7,4495,4603,3520,4616,3480,3658,5
,290.0,8,4122,4247,3671,3616,3433,4861,1
,300.0,9,3445,3985,3601,3853,3973,3857,3
,26810.0,10,3577,3878,3534,4463,4314,4113,30
,370.0,11,3838,3568,4177,4500,4469,3850,1
,280.0,12,3995,3445,4122,3517,3828,3533,3
,240.0,1,3568,3480,3970,3601,4247,4861,2
,560.0,2,3577,3520,3850,3517,4010,4495,2
,540.0,3,4500,3404,3534,3361,4122,4768,4
,4890.0,4,3853,3433,3430,4469,4489,4603,21
,250.0,5,3445,3995,3671,3480,4747,2887,6
,2220.0,6,3838,3973,3533,3828,4177,4235,5
,390.0,7,4463,3824,3361,3850,3878,4010,2
,290.0,8,4113,3658,3601,4314,4768,4489,3
,620.0,9,3534,4616,4603,3616,3985,3857,5
,470.0,10,4177,3568,3445,4500,2887,3970,3
,410.0,11,3517,4495,4113,3853,3430,3533,1
,280.0,12,3995,3838,3577,4463,4314,4122,1
,8250.0,1,3853,4247,4616,3520,3973,4768,16
,7170.0,2,4314,4603,3658,3857,3878,3850,30
,230.0,3,3445,3601,3616,3433,3577,4861,4
,350.0,4,4113,4489,3828,3985,4235,4747,3
,200.0,5,4122,3568,3480,3973,3404,4616,1
,4980.0,6,3430,3970,4469,3658,3534,4463,23
,490.0,7,2887,3520,4010,3878,4861,3671,3
,460.0,8,3533,3361,3850,4247,4747,3433,3
,500.0,9,3616,3828,3985,3404,4469,3824,2
,7040.0,10,3577,3853,3445,4122,3970,4113,26
,280.0,11,3568,3533,4463,3430,4314,2887,1
,240.0,12,3995,3517,4177,3838,4495,4500,1
,230.0,1,3532,4416,4449,4285,4034,3894,1
,250.0,2,4220,3358,4046,4049,4744,3964,3
,1780.0,3,4175,3608,4292,4300,4123,3829,1
,450.0,4,3662,4260,3714,3944,4379,4591,3
,170.0,5,3379,4506,3925,3225,4268,4034,1
,1010.0,6,4046,3381,4416,4118,4222,3815,6
,4740.0,7,3177,4300,3894,4479,4823,4744,9
,540.0,8,4260,4194,3829,3809,4449,3561,16
,920.0,9,3559,4285,4105,3614,3225,3944,1
,11950.0,10,3381,3925,4123,3714,3385,4222,28
,420.0,11,3441,4175,4506,4220,3815,4379,1
,340.0,12,4049,3379,3532,3662,4118,4292,2
,380.0,1,4118,3964,3225,4823,4591,3614,5
,320.0,2,4105,4479,3177,3532,3358,4268,3
,1550.0,3,3385,4449,3944,4194,3662,3925,23
,210.0,4,4049,4220,3441,3561,3559,4285,1
,14910.0,5,3815,4292,3964,4744,4416,3608,24
,1830.0,6,4379,3809,4479,3379,4300,3381,8
,6480.0,7,3894,3225,4034,3358,4194,3714,24
,490.0,8,4222,3561,4268,3559,3925,4823,2
,12830.0,9,4123,3177,3662,4591,3608,4506,27
,2670.0,10,3809,3385,3614,4118,4046,4260,6
,1170.0,11,3944,4049,3815,3381,3532,4175,4
,2240.0,12,4292,4105,4222,4123,3379,3441,5
,520.0,1,3379,4591,4046,3894,4285,4479,1
,250.0,2,3662,3714,3964,4105,4744,3358,3
,440.0,3,4506,4034,4049,4449,3809,4300,11
,1980.0,4,4118,4222,4175,4194,3385,4823,11
,3470.0,5,4292,4379,3925,4416,3561,4046,13
,4240.0,6,4260,3559,3532,3714,3894,4220,28
,390.0,7,3614,4268,4285,3608,3964,4449,1
,1270.0,8,4123,3225,4300,4823,4479,4744,11
,600.0,9,3441,3662,3385,4034,3381,3177,6
,440.0,10,3944,3614,3559,3379,4175,4416,2
,490.0,11,3815,4118,4506,4292,4220,3809,1
,420.0,12,3532,3441,4379,4260,4049,4105,4
,170.0,1,4292,3925,4591,4744,3714,4194,1
,450.0,2,3809,3561,4268,3662,4479,3225,2
,400.0,3,3944,3608,4049,3177,4105,3964,11
,4770.0,4,3379,3381,4506,3815,4260,4123,13
,210.0,5,4175,3532,4300,3925,4046,4285,1
,930.0,6,4118,3385,4449,4222,4220,4034,16
,470.0,7,4416,3894,3177,3561,4591,4823,1
,4680.0,8,3559,3358,4194,3381,3225,4268,17
,2710.0,9,3441,4379,4222,3608,3614,3815,3
,270.0,10,3662,3944,4175,4506,3385,4292,1
,500.0,11,3532,4118,3809,4416,4300,3559,2
,740.0,12,4049,4220,3441,4123,3379,4105,4
,330.0,1,4118,4479,4300,3894,3177,4744,1
,300.0,2,3441,4268,4034,3815,4823,4194,3
,920.0,3,3385,4285,3559,3358,4379,3614,11
,4060.0,5,3381,4105,4046,4479,3608,4416,10
,1570.0,6,4506,4034,3225,4123,4175,3177,24
,2790.0,7,3925,4591,4268,4285,3358,3894,4
,8860.0,8,4222,3964,4194,3714,4744,3561,20
,410.0,9,4260,4046,3614,4379,4449,4823,2
,2850.0,10,4105,4220,4118,4506,4300,3385,8
,390.0,11,4175,4416,4292,3559,4123,3441,2
,290.0,12,4049,3532,3662,3944,3809,3379,1
,300.0,1,3940,3851,3682,4736,4111,4727,3
,280.0,2,3064,4654,4607,3257,4778,3855,16
,2210.0,3,4393,3585,3997,3753,3602,4327,18
,2750.0,4,3439,3567,3939,3051,4169,4798,5
,450.0,5,3690,3771,3789,3862,4727,4668,3
,740.0,6,3095,4653,4330,3990,4216,4111,7
,1130.0,7,2910,4736,4654,3839,3753,4816,6
,350.0,8,4120,4607,3851,4393,3860,4348,3
,520.0,9,3051,3696,4325,3602,3682,4778,16
,3680.0,10,4133,3064,3567,4653,3862,4216,27
,1690.0,11,3990,3690,3855,4314,4327,3939,17
,280.0,12,3257,3439,3771,3940,3997,4330,1
,320.0,1,3997,4169,4736,3585,4668,4816,1
,9660.0,2,4216,3753,3789,3439,4607,3095,21
,230.0,4,3257,2910,4653,3860,4393,4778,2
,160.0,5,3602,4330,3862,4325,4654,4736,1
,690.0,6,3585,3051,4607,3939,4816,4133,2
,520.0,7,4348,3789,4668,4798,3851,3567,4
,340.0,8,3771,4327,4169,3064,4727,3860,3
,470.0,9,4653,3682,3839,4120,3439,3862,3
,13390.0,10,4314,4325,4393,3940,3095,3690,28
,3030.0,11,3939,3997,2910,3771,4798,3990,27
,360.0,12,4330,4120,3257,3696,4133,3064,2
,230.0,1,3439,4668,4348,3682,4654,3585,2
,510.0,2,3771,3839,4169,4216,3855,4778,16
,280.0,3,3602,3095,3257,3567,3051,2910,2
,230.0,4,4330,3990,3690,4327,4120,4727,1
,10690.0,5,3064,3940,3753,3851,3585,4798,22
,830.0,6,4607,4133,3855,4653,3789,3696,6
,800.0,7,4736,3682,3860,4668,2910,4325,1
,270.0,8,3997,4327,4654,4314,3567,4816,3
,830.0,9,3851,4393,3439,4169,4727,3051,7
,1750.0,10,3939,3602,4133,4330,3753,4653,7
,880.0,11,3990,3860,3771,3257,4348,4314,2
,1110.0,12,3940,4216,3696,3997,3690,4120,6
,370.0,2,3940,2910,3585,3051,3839,4668,3
,620.0,3,3771,3753,3997,3789,4393,4727,11
,240.0,4,3439,3602,4314,4133,3696,4816,1
,170.0,5,4216,3257,4736,3855,4327,4798,1
,370.0,6,3690,3051,4120,3990,4778,3939,3
,950.0,7,4169,3789,4607,4654,3682,3851,11
,3350.0,8,4653,4325,4393,4816,4727,3839,17
,15580.0,9,3064,4314,4668,4798,3939,4327,19
,3410.0,10,3602,3439,3690,4736,3585,4169,8
,2460.0,11,3997,4216,3990,3940,4133,4607,18
,2840.0,12,3257,4330,3771,3064,4348,4653,11
,400.0,1,4216,3851,3855,4753,4778,4654,2
,200.0,2,4314,3860,3839,3997,4668,4325,3
,770.0,3,4393,3789,3602,2910,4653,4727,14
,220.0,4,4330,3051,4327,3690,4798,3753,3
,590.0,6,4133,4607,3860,3939,4325,3696,2
,1040.0,7,3585,3855,4668,3789,4727,4753,6
,1230.0,8,3051,2910,4169,4314,3839,4798,18
,1740.0,9,4120,4327,4393,4816,3753,4778,18
,3780.0,10,3602,3585,4653,4607,4216,4330,22
,3150.0,12,3439,3940,3771,3257,3990,4736,12
,510.0,1,3795,2912,2776,3560,3607,4421,3
,320.0,2,3631,3460,4620,3737,4675,4060,16
,270.0,3,3730,4667,4230,4612,3890,4647,2
,340.0,4,3777,4423,3599,3713,4249,4782,1
,800.0,5,4040,3959,3607,4365,4789,3976,8
,700.0,6,3584,3550,4148,4402,3967,4162,2
,420.0,8,3519,4078,4442,4377,4782,4675,1
,370.0,9,4384,3560,4040,4060,4647,3713,3
,23070.0,10,4402,4620,3890,3976,4162,4363,10
,3760.0,11,3550,3158,3730,3631,4365,4377,5
,2470.0,12,3959,3737,3795,3777,4230,4148,11
,250.0,1,4230,4365,4423,4667,3599,4789,1
,330.0,2,3890,3976,3847,3959,4442,2912,16
,1890.0,3,3967,4249,3737,2776,3550,3691,13
,3930.0,5,4363,3777,3584,4612,4078,4620,19
,2500.0,6,3607,3713,3460,4782,3795,3730,5
,6850.0,7,4060,2776,4647,4675,4789,4442,8
,2740.0,8,4377,3847,4249,4886,4402,3599,14
,1680.0,9,3158,4363,4667,4148,3560,4040,4
,4060.0,10,4162,3519,4078,3795,4423,3550,4
,4260.0,11,3713,4230,4421,3967,3959,3584,25
,340.0,12,3737,3890,3777,3158,3730,4384,3
,280.0,1,3777,4675,4667,4647,4782,3560,1
,1270.0,2,3730,3599,4365,4148,2912,4078,18
,1230.0,3,3713,4060,3959,3607,4377,4612,1
,190.0,4,3737,3847,4402,4040,3976,3691,2
,210.0,5,3550,3795,3460,4675,4620,4886,1
,1450.0,7,4423,3584,3560,2912,4421,3607,2
,500.0,9,3460,3777,4060,3631,2776,3519,8
,890.0,10,4040,3959,4620,3890,4384,4365,8
,1450.0,11,4363,3737,3713,4162,4148,3967,7
,4350.0,12,3795,3730,4377,4230,3519,4402,24
,360.0,1,4148,4421,3599,2776,4886,3460,3
,230.0,2,4162,4249,4078,3959,3691,4620,16
,1280.0,3,3550,4442,3631,3847,3737,4782,23
,520.0,4,4230,2912,3890,3584,3158,4789,3
,240.0,5,4402,3795,4675,3599,4667,4423,1
,6010.0,6,2776,3967,4421,3730,3777,3691,20
,900.0,7,3560,3976,4620,4442,4060,4886,16
,220.0,8,4384,4078,4612,4363,4789,3847,1
,630.0,9,3519,4365,3795,4249,3713,4667,11
,1530.0,10,3967,3607,4402,4230,3584,3631,13
,4450.0,11,4377,4148,4423,3737,4040,3158,2
,250.0,12,3959,3519,3777,3550,4363,3890,2
,170.0,1,3777,4667,3584,4782,4612,3976,2
,270.0,2,4148,4620,3607,3730,4421,4423,3
,5560.0,3,4402,4675,3959,2912,4377,3560,23
,280.0,4,3795,4040,4384,4060,4162,4886,2
,200.0,5,3519,3737,3847,3460,4249,2776,6
,200.0,6,3158,4363,4442,4230,3691,3967,3
,170.0,8,3713,4060,3976,4040,2912,4789,1
,350.0,9,3631,3550,3460,4162,3890,4612,1
,420.0,10,4230,4423,3730,3158,4384,4377,1
,260.0,11,3737,4148,3777,3560,4402,3713,1
,190.0,12,3959,3519,3795,4365,2776,4442,2
,210.0,1,4402,3847,2776,3584,4421,3607,3
,3260.0,2,3713,4667,4612,3519,4886,4789,5
,200.0,3,3158,3976,3550,3599,3730,3691,2
,300.0,4,3777,3890,4249,3631,4620,4782,1
,200.0,5,4377,4162,3847,3607,3560,4078,1
,2410.0,6,4384,3967,2912,4363,4365,4040,17
,410.0,7,4442,3584,4675,4060,4789,3460,1
,200.0,8,3890,4249,3599,4421,3691,4886,1
,780.0,9,4363,4612,3967,4667,3631,3550,1
,1210.0,10,3730,4402,4384,3713,2776,4365,16
,7900.0,11,3519,3777,4442,4377,3158,3560,10
,200.0,1,3529,3482,3344,3764,4214,3953,1
,500.0,2,3497,3542,3907,3822,4293,4835,16
,7320.0,3,3211,4213,3156,3471,4352,4578,5
,670.0,4,3360,3563,3663,3888,4695,4846,16
,250.0,5,4263,4287,3948,3953,4401,4202,1
,950.0,7,3907,3764,4213,4531,3397,4745,16
,270.0,8,3563,4538,4112,3482,4835,4367,2
,1040.0,9,3372,4082,4695,3211,3948,4293,17
,1720.0,10,3156,3497,3888,4401,3344,3546,5
,3410.0,11,3484,4263,4531,4112,4020,3663,8
,1600.0,12,3822,3360,3529,4287,4264,4352,16
,5740.0,1,4264,4020,3542,4745,4538,3471,9
,300.0,2,3663,4202,4367,4352,3670,4401,3
,7180.0,3,3947,4293,3822,4578,3211,4846,6
,7460.0,5,3546,3360,3372,3471,4213,3907,28
,1360.0,6,4214,3663,3529,3563,4745,4835,8
,1850.0,7,4020,3953,3482,4202,4846,4695,16
,250.0,8,4082,3542,4578,3156,3764,3670,3
,3370.0,9,4531,3947,4287,4538,3372,4263,18
,710.0,10,3888,4367,3397,3907,3529,3211,16
,2200.0,11,3563,3822,3948,3360,3497,3156,8
,570.0,12,4352,3546,4264,4082,4263,4112,1
,920.0,1,3360,3471,4293,3344,4695,4531,11
,4430.0,2,3888,3948,3764,4287,3482,4774,5
,1020.0,3,3546,4401,3484,4213,3822,4745,21
,710.0,4,4264,4538,3947,4214,4082,4835,3
,3060.0,5,3497,3529,3953,4293,4367,4846,11
,470.0,6,3471,3156,3397,4352,3563,3764,19
,710.0,7,3948,3670,4401,4695,3907,3372,23
,300.0,8,3663,3344,3482,3546,4835,4020,3
,980.0,9,4202,3211,4213,4264,4531,3542,6
,1320.0,10,3156,4214,4263,3360,3953,4082,16
,3800.0,11,4112,4352,4578,3497,4287,3563,16
,430.0,12,3529,3888,3663,3822,3484,3947,3
,1590.0,1,4287,4367,3542,3670,4202,4846,16
,440.0,2,4112,3764,4020,3529,4774,4695,16
,5080.0,3,3947,3372,3360,3397,3546,3344,25
,420.0,4,4352,3211,3482,4263,4213,4745,3
,3080.0,6,4578,4264,3907,3484,4846,3888,3
,1700.0,7,3953,4531,3372,4020,3542,4214,11
,310.0,8,4263,3670,4538,3497,4745,4774,3
,1560.0,9,4293,3947,3529,4401,3156,3397,21
,9690.0,10,3484,4082,4352,4578,3663,3482,20
,5310.0,11,3211,4287,3563,3907,3360,4538,10
,880.0,12,3822,4112,4264,3546,3888,3497,4
,950.0,1,4352,3482,3953,4695,4367,4835,4
,23590.0,2,3888,3344,4401,3822,3372,4531,26
,560.0,3,4264,4202,3156,3471,3563,3764,1
,220.0,4,3529,3542,3663,4214,4293,4774,2
,260.0,5,3546,4287,3397,4213,3953,3670,1
,1840.0,6,3497,4082,4578,4263,4401,4112,6
,300.0,7,4538,3907,3471,3344,4835,4846,1
,2590.0,8,3211,4214,3764,3484,4531,4745,17
,3040.0,9,3360,4020,4695,3663,3947,4213,24
,7890.0,10,3156,3529,3546,3888,4264,4082,20
,360.0,11,3822,4293,4263,3563,3497,4538,2
,700.0,12,4287,4578,3907,4352,3211,4020,1
,200.0,1,3529,3482,4531,3542,4846,3397,1
,330.0,2,4264,3953,3372,3484,4202,4774,1
,1170.0,3,3546,4367,3360,4214,3156,4745,21
,310.0,4,4352,4538,3947,3670,4695,4835,1
,210.0,5,3497,3663,4401,4213,3764,4531,1
,8560.0,6,3211,3542,4112,3563,4774,4293,28
,1580.0,7,3907,4020,3482,4367,3344,3372,5
,3450.0,8,3484,3670,4202,3360,4745,4846,18
,310.0,9,3663,3471,3953,4112,4214,3947,3
,2590.0,10,3156,3211,3907,4293,3529,3497,14
,1140.0,11,3563,3546,4538,4020,4352,4264,6
,250.0,12,4287,3822,3888,4263,4082,4578,1
,470.0,1,3956,4709,3121,4639,3868,4868,4
,1160.0,2,3659,4333,3246,4042,4359,4847,18
,3300.0,3,4496,4147,4297,3928,3432,4861,18
,2320.0,4,3514,4245,3837,4146,4128,4821,14
,190.0,5,4142,3717,4461,4755,4639,4803,1
,4000.0,6,3246,3349,4140,4171,4808,4512,5
,2160.0,7,3121,3935,4147,4847,4677,4428,29
,560.0,8,3726,3376,4245,3659,4861,3928,16
,790.0,9,4146,3575,3868,4359,3644,4058,3
,520.0,11,3837,4496,3726,4142,4512,4808,3
,290.0,12,4042,3514,3956,3717,4140,4297,2
,5640.0,1,4140,3935,4333,4821,4147,4861,21
,310.0,2,3644,4428,4677,3956,4803,3376,16
,2680.0,3,4058,4639,4042,4868,3726,3575,12
,1590.0,4,3717,4512,4496,4171,4461,4847,2
,4350.0,5,3432,4297,4709,3935,4245,4394,16
,2680.0,6,3868,3514,4128,4428,3659,3349,25
,650.0,7,3928,4359,3575,4803,4333,4755,2
,290.0,8,4512,4677,3376,4146,3121,4868,3
,330.0,9,4808,3956,3432,3837,3246,4821,8
,290.0,10,4171,3717,3726,4755,3349,4709,1
,890.0,11,4128,4042,3659,4140,4142,4146,8
,910.0,1,3717,3928,4461,4147,4755,4394,2
,230.0,2,4171,4245,3121,3956,4847,4359,3
,230.0,3,4512,4428,3837,4861,4058,3868,2
,390.0,4,4297,3575,4142,3644,4803,4868,3
,1890.0,5,4146,4042,4639,4333,4709,4821,9
,1550.0,7,3935,4461,3868,3246,3376,4861,11
,1270.0,9,3349,3644,4058,4808,4639,3432,11
,280.0,10,3837,3717,4171,4142,3935,4140,1
,1280.0,11,3956,4297,3928,4512,4146,4128,2
,190.0,12,4042,3659,3246,4428,3349,3121,1
,7030.0,1,3349,3575,4677,4861,4709,4755,9
,300.0,2,3726,3376,4245,4297,4821,3246,16
,720.0,3,4142,3868,3644,4868,4171,4333,22
,230.0,4,4140,4461,3121,4496,4147,4394,2
,160.0,5,4512,4128,4709,4359,4803,4861,1
,1150.0,6,4146,4808,3376,3432,3514,4847,2
,2470.0,7,4428,4639,3575,4245,4868,3935,10
,6600.0,8,3644,4677,4128,4755,4333,4821,21
,1600.0,9,3432,3726,4461,4058,4496,4803,2
,320.0,10,4171,3246,4140,4512,4428,3868,3
,330.0,11,4297,3121,3935,4146,3349,4142,1
,330.0,12,4042,3956,3837,3717,3659,3928,2
,260.0,3,3462,4484,3527,4651,4006,3775,2
,810.0,4,3574,2878,3448,4144,4252,4644,2
,1240.0,5,3312,4378,4354,3846,3755,4844,3
,820.0,6,3974,4080,4073,3641,3772,4145,6
,960.0,7,3817,3299,3943,4484,4849,4884,1
,250.0,8,4144,4527,4138,4314,4651,4523,3
,1230.0,9,3305,3642,3022,3462,3683,4252,1
,470.0,10,4080,4000,3005,3755,4281,3448,4
,3540.0,11,3641,3350,2878,3312,4314,4006,25
,330.0,12,4444,3022,3574,3613,3527,4073,3
,290.0,1,4073,4651,3299,4644,4527,3755,3
,320.0,2,3448,3683,3775,3022,4354,4849,3
,400.0,3,4281,4145,4444,3642,3462,4844,2
,430.0,4,3527,4314,4378,4138,3350,4884,2
,960.0,5,4000,3613,4523,3299,3791,3943,2
,1970.0,6,3772,3448,3755,3574,3305,3817,17
,6460.0,7,3005,4644,4252,4354,4844,4527,27
,2590.0,8,2878,3775,4484,3312,4884,3846,6
,2090.0,10,4314,4281,4073,3943,3974,3462,4
,780.0,11,4006,4444,4000,3791,3574,4144,2
,9770.0,12,3022,3772,3613,3305,3312,3350,21
,2730.0,2,3022,4354,3974,4281,3817,4484,19
,970.0,3,3527,4252,4006,4145,3448,3005,4
,370.0,4,3613,3791,4527,3772,4080,4651,2
,550.0,5,3641,4444,4523,4138,3775,3299,7
,590.0,6,3305,3312,4144,3817,4644,2878,1
,400.0,7,3683,3755,4145,4252,4484,4844,3
,830.0,8,4073,3943,4651,4000,3005,4849,4
,590.0,9,4006,3846,3022,4527,3299,4281,5
,250.0,10,4144,4523,3527,3791,3772,3974,2
,310.0,11,3462,3613,3350,3574,4000,4314,1
,320.0,12,4444,3641,3305,4073,2878,4080,3
,260.0,1,4444,4644,3775,3755,4252,4354,1
,420.0,2,4000,3299,3943,3613,4884,3683,20
,910.0,3,3574,4651,3312,3791,4144,3846,1
,650.0,4,3022,4484,3350,4138,3305,4844,1
,580.0,5,4080,3527,3974,3817,4145,3755,6
,730.0,6,4314,3772,2878,4252,4006,4281,5
,400.0,7,4523,4527,3005,4644,3943,3791,1
,2320.0,8,4073,3775,4354,3462,4844,4138,17
,360.0,9,3448,3817,4000,2878,3350,4884,2
,2670.0,10,3305,4080,4281,3683,3312,4527,4
,530.0,12,3527,4314,4073,3448,4444,3022,1
,2460.0,1,3022,3846,3299,4145,4484,3775,21
,400.0,2,3448,3005,4354,3574,4884,4651,16
,1880.0,4,4444,4736,3974,3772,3683,4523,6
,950.0,5,3462,3350,4527,4138,3817,4644,5
,360.0,6,4281,3791,3005,3846,3775,4006,2
,460.0,8,4000,4145,3772,4736,4651,4252,16
,570.0,9,2878,3974,4644,3350,4006,3943,2
,1480.0,10,3574,4281,3022,3448,4523,4080,4
,350.0,11,4073,3683,3462,4527,4444,4000,2
,1140.0,12,3613,3527,3305,4314,3312,4144,16
,350.0,1,4504,4736,3926,4164,4607,4588,4
,570.0,2,3944,3670,4521,4350,4698,4831,18
,600.0,3,4236,3869,4193,2816,4092,4463,11
,290.0,4,3265,3989,3379,3576,3714,4866,3
,190.0,5,4136,3986,4679,4736,4094,4121,1
,2940.0,6,3670,4504,4555,4287,3898,4554,4
,3380.0,7,2816,3789,4346,4588,4521,4616,12
,480.0,9,4549,4679,3576,4607,4463,4698,2
,490.0,10,3566,4136,3898,3989,4164,4092,6
,700.0,11,3379,4236,3944,4522,4241,4614,2
,260.0,12,4350,3265,4079,3986,4193,4287,1
,270.0,1,3576,4346,4463,3789,4866,4495,1
,2840.0,2,4092,3714,4554,4504,4474,3989,18
,350.0,3,4614,4588,4350,4094,4236,4555,14
,400.0,4,3662,3944,4549,4079,3670,4241,2
,1890.0,5,4522,3898,4164,3869,4495,4679,2
,910.0,6,3789,4092,3986,3714,3265,3566,23
,1400.0,7,4607,4094,4121,4831,4554,4866,11
,230.0,8,4287,4698,4474,4549,3926,4736,3
,790.0,9,4346,4079,3869,3944,4555,4136,5
,5790.0,10,4193,4614,3265,4241,3566,2816,21
,2120.0,12,3898,3576,3662,4236,4136,4504,16
,3650.0,2,4287,4164,4736,3576,4588,3714,6
,1240.0,3,4522,4241,4193,4463,4079,4521,3
,240.0,5,3566,3898,3989,3670,4121,4866,1
,910.0,6,4495,3379,4588,3926,3986,3662,9
,2650.0,7,4736,4698,4463,3714,4679,3869,19
,1330.0,8,3576,4555,2816,4504,4831,4607,19
,880.0,9,3944,4554,4164,4193,4549,4350,16
,3730.0,10,3379,4236,4521,3265,3789,4079,13
,420.0,11,4136,4287,4094,3566,4346,3986,3
,360.0,12,4504,4522,3898,4092,3662,4549,1
,460.0,1,4136,4588,4607,3989,4866,4555,1
,3210.0,2,4549,4495,4474,3265,4094,4346,6
,450.0,3,4079,4121,3576,2816,4350,3789,4
,390.0,4,3986,3662,4236,4554,4287,4698,1
,140.0,5,4193,3566,3670,3869,4555,4164,1
,1250.0,6,4092,3926,3379,4504,3944,4474,19
,380.0,7,4121,4607,4094,4495,4736,4831,1
,620.0,8,4236,4679,4521,3898,4698,4866,1
,240.0,9,3662,4193,3789,4522,3869,4554,1
,430.0,10,3576,4463,4092,3986,4346,4350,5
,2010.0,11,3265,3714,4287,4549,4504,3944,5
,440.0,1,4193,4346,4679,3953,3714,4463,2
,1040.0,2,4079,4736,3989,4350,2816,4607,20
,320.0,3,4287,4164,3986,4588,3944,3670,2
,21170.0,4,4504,3869,3265,4092,4094,4866,21
,2330.0,5,3379,4236,4463,4831,4495,4121,9
,280.0,6,3662,4474,4549,3714,3576,3926,2
,290.0,8,3898,4554,4736,4698,4092,4588,4
,350.0,9,4522,3789,3926,2816,4350,3944,21
,670.0,11,3265,4521,4504,3662,3986,4831,1
,500.0,12,4236,4193,4522,3898,4121,4679,2
,310.0,1,4504,4094,4474,3714,4736,3869,3
,3010.0,2,3986,3670,4495,3944,3789,4729,4
,520.0,3,4549,4588,4287,4463,3662,4698,11
,540.0,4,3898,2816,4607,3953,4866,4164,1
,1510.0,5,4092,4193,4094,3926,4555,4831,3
,300.0,6,3379,4495,4121,4554,4350,4736,21
,250.0,8,3944,3953,4698,3869,4164,3789,1
,5020.0,9,4287,3714,4555,4092,4554,4866,18
,2040.0,11,3662,3898,3379,4504,4121,4346,19
,300.0,12,4236,3265,3576,4521,4522,4079,1
,750.0,1,4025,3639,4627,3358,4874,3408,5
,8120.0,2,3968,4129,3741,3813,4270,3261,8
,320.0,3,4180,4429,4261,4691,3799,4694,14
,1100.0,4,4033,4182,3684,4002,4539,4641,4
,710.0,5,4014,3295,3722,3066,3408,4665,7
,1750.0,6,3137,4471,4051,4432,3957,3965,24
,17200.0,7,3357,4627,4694,4765,4843,4874,18
,4690.0,8,2876,4649,3639,4180,3261,3492,10
,2650.0,9,3066,3848,4429,4539,3741,3981,9
,760.0,10,3684,3722,3968,4471,4691,3957,3
,570.0,11,4002,3544,4014,3799,3965,4270,4
,510.0,12,3295,3813,4025,4033,4051,4261,3
,1370.0,1,4051,4641,4432,4182,3357,3722,4
,280.0,3,3981,4270,3295,3492,4002,4843,2
,230.0,4,4261,3799,3137,3957,3639,4765,1
,260.0,5,4471,3813,3544,4627,4432,3357,1
,330.0,6,3741,2876,4539,4033,3722,4874,3
,3670.0,7,4129,3492,4641,4649,3358,4691,5
,220.0,8,3957,3261,4665,3684,4843,3137,1
,210.0,9,3848,3408,4051,3544,4765,4014,2
,400.0,10,4539,4261,4182,2876,3968,3066,1
,280.0,11,3799,3295,4471,4129,4025,4429,1
,960.0,12,3813,3981,3848,3965,4033,4002,3
,560.0,1,4033,4691,3408,3261,4694,3639,1
,220.0,2,3957,4641,4429,3295,3066,4874,3
,2680.0,3,3848,3358,3813,3722,3684,4627,21
,1150.0,4,4025,4014,4129,3965,3981,4843,16
,220.0,5,2876,4261,4270,3408,3741,4649,6
,1480.0,6,3544,3968,4051,3639,3137,4539,5
,3560.0,7,3261,3722,3066,4691,4429,4665,22
,560.0,8,4014,3357,4694,4627,4874,4765,3
,3820.0,9,4270,4033,3799,3957,3492,4432,28
,2520.0,10,3968,4129,3295,4002,4649,3684,7
,710.0,11,4471,4025,3741,2876,3813,4182,6
,530.0,12,4261,3848,4539,3981,4051,3799,3
,250.0,1,3295,3261,4649,3492,3544,4765,1
,220.0,2,4002,3066,4627,4025,4182,4843,3
,1010.0,3,3965,3137,4261,3741,4014,4641,13
,340.0,4,4051,4429,3357,3358,3848,4874,1
,9450.0,5,3981,3813,4270,3261,4129,4691,7
,1740.0,7,3722,3408,3137,4182,4765,4627,16
,360.0,8,3684,3639,3957,4429,4843,3544,11
,1130.0,9,3492,3295,3981,4641,4471,3741,12
,2440.0,10,4539,4649,4033,3357,2876,3848,3
,1130.0,11,3799,3684,4025,4432,4261,4129,21
,4860.0,12,3813,3957,4051,3965,3968,4471,19
,1030.0,1,4025,3358,4487,3261,4874,3137,1
,390.0,2,3813,4129,4649,4014,4429,4432,1
,190.0,3,4539,3066,3295,4270,4471,3408,2
,230.0,4,4033,4691,4002,3722,3981,4765,2
,1360.0,5,3957,4261,4641,4627,3261,4694,7
,1720.0,6,3799,3544,3684,3965,4014,4874,18
,2440.0,7,3741,4487,3357,3639,4270,4649,12
,4970.0,8,3848,4182,3066,2876,3722,3492,19
,2530.0,9,4051,4627,4691,3968,3408,4843,6
,850.0,10,3965,4025,3813,4471,4002,3741,6
,710.0,12,4261,4033,4539,3684,4051,3848,3
,200.0,1,3813,4432,4627,4641,4765,4649,1
,700.0,2,4002,4429,4694,4033,3722,4843,1
,1190.0,3,3848,3492,3968,3544,3799,3066,11
,1660.0,4,4051,3137,3957,4487,4182,4691,4
,410.0,5,4539,2876,3741,3261,4270,3358,2
,490.0,6,4627,3357,4014,4694,4843,4874,1
,280.0,7,4487,3408,4429,4649,4129,3544,2
,510.0,8,4471,3639,4691,3137,3968,4765,1
,1370.0,9,2876,4641,3492,4014,3957,4182,16
,2330.0,11,4033,3813,3357,4539,4471,4129,19
,230.0,12,4261,3295,4025,3965,3684,3981,1
,510.0,1,4061,4363,3893,4248,4676,4778,2
,2390.0,2,3519,3503,3025,4330,4091,4805,24
,1160.0,3,4059,3361,4191,4619,4072,4749,1
,1450.0,4,3654,4424,3550,4329,4581,4881,3
,220.0,5,4062,3297,4198,3893,4713,4041,1
,880.0,6,4109,3797,4248,4601,3656,4415,5
,1370.0,7,3025,4458,4516,3361,4778,4602,4
,9150.0,8,4424,3643,4676,3708,4805,4077,29
,1420.0,9,4191,4062,4329,4363,4207,4323,19
,3200.0,10,4060,4619,3797,3519,4415,4713,16
,1060.0,11,3550,4059,4109,3656,3998,4581,6
,1170.0,12,3297,3654,4061,4072,4330,4601,11
,490.0,1,4330,4041,4713,4516,4881,3503,3
,2610.0,3,3797,4091,4061,4363,3550,4198,17
,240.0,4,4601,4323,3656,3998,3643,4805,1
,390.0,5,4207,4072,3503,4077,3025,4619,6
,750.0,6,4581,3519,3654,4059,4458,4060,8
,1740.0,8,4415,4329,4602,3797,4516,3643,5
,6810.0,9,3998,3708,4191,4061,4198,4778,4
,410.0,10,4323,4077,4330,4060,4424,4062,2
,3890.0,11,3656,3297,4207,4091,3654,4109,21
,1270.0,12,4072,4415,4601,4581,4191,3550,11
,200.0,1,4072,4516,3643,4778,4248,3361,1
,2020.0,2,4061,4713,4619,3519,3503,4329,17
,360.0,3,4601,3893,4424,4041,3708,4805,1
,320.0,4,3297,4191,4077,4207,4059,4749,1
,2040.0,5,4062,4330,4363,3025,4602,4248,11
,610.0,6,4109,4060,4323,3654,4778,3797,2
,900.0,7,3643,4198,4713,3893,4619,4458,3
,1090.0,8,3550,4676,4091,4415,4805,4881,17
,3490.0,9,4207,4581,3998,4061,3361,3025,4
,1840.0,10,3656,4072,4060,4062,4329,3708,8
,3090.0,11,3654,4424,4676,4601,4363,3519,8
,5610.0,12,4330,3998,3297,4109,4323,4059,26
,870.0,1,3297,4458,4077,4516,4713,4676,5
,710.0,2,4323,3893,4602,4072,4041,4198,1
,760.0,3,4061,3503,4059,3643,4191,4881,3
,360.0,4,4330,3797,4091,4060,4581,4778,3
,170.0,5,4415,4601,4619,3361,4516,4749,1
,6110.0,6,3656,3708,3550,4207,4109,4424,24
,690.0,7,4363,4329,3503,4602,4077,4805,2
,460.0,8,3654,3025,4041,4198,4062,4713,1
,33830.0,9,3519,4248,4191,4581,3998,3550,10
,810.0,10,4601,4330,4676,4061,3643,3893,6
,1580.0,11,4072,4363,4415,4323,4091,3656,11
,440.0,12,4059,3519,3297,3654,4207,4109,2
,330.0,2,4207,4516,3643,4424,3503,4749,1
,360.0,3,4060,4713,3519,3025,3797,4602,1
,220.0,4,4061,3893,3708,3998,4778,4881,1
,840.0,5,4109,3550,4619,4041,4329,4805,3
,460.0,6,4323,4581,4062,3656,4191,4363,3
,640.0,7,4676,4091,3025,4516,4458,3361,2
,360.0,8,4424,4077,4248,4060,4881,4778,1
,260.0,9,3998,3708,4329,3797,4749,4062,1
,710.0,10,4363,3654,4207,3893,4323,4676,3
,590.0,11,3519,3643,4061,4091,3656,4109,11
,1940.0,12,4059,4330,4415,4601,3297,4072,7
,300.0,1,4530,3778,4088,4282,4764,4224,3
,2770.0,2,4433,3169,3474,3188,4385,4770,19
,320.0,3,3334,4744,4183,4569,3579,4098,2
,420.0,4,4556,4484,4678,4286,4642,4722,2
,2550.0,5,4347,3435,4510,4244,4841,4687,2
,930.0,7,3328,4282,4385,4744,4313,4885,7
,260.0,8,4286,4585,3778,4399,4849,4569,3
,1000.0,9,3169,3334,4642,3435,4844,4764,18
,3180.0,10,3128,4433,4484,4224,4183,4841,17
,410.0,12,3188,4556,4347,3579,4399,4499,1
,240.0,1,4183,4510,4313,4722,4885,3169,1
,350.0,2,3579,4244,4585,3435,3528,4744,16
,320.0,3,3999,3328,3334,4088,4556,4849,2
,250.0,4,3188,4347,4282,4530,4844,4841,3
,200.0,5,4399,4433,4590,4385,3778,4885,1
,1590.0,6,4313,3474,4286,3317,4687,4484,18
,2020.0,7,4244,4642,3169,4510,4849,3128,17
,2130.0,8,4499,4224,3528,3328,4722,4844,4
,740.0,9,4098,3579,4347,4590,4088,4770,2
,1980.0,10,3474,4399,4687,4556,4585,4764,20
,4500.0,11,4569,3188,3317,4499,3334,4678,10
,3270.0,12,3435,4183,4433,3999,4530,4286,23
,430.0,1,4399,4098,3128,4642,4678,4770,4
,48890.0,2,4347,4569,4744,4530,4244,3778,25
,3210.0,3,4556,4687,3999,4313,3188,4844,24
,180.0,4,3435,4433,4499,3474,4224,4764,1
,310.0,5,3334,3579,4484,4678,4590,4849,1
,510.0,6,4385,3128,4286,4183,4841,4585,13
,470.0,7,3317,3528,3778,3169,4770,4885,1
,800.0,9,4484,3999,4399,4569,4764,4722,6
,390.0,10,4088,4183,4224,3334,4499,4841,8
,620.0,11,4510,4286,3435,4347,4282,4313,12
,620.0,12,4530,4385,3188,3579,3474,4642,3
,180.0,1,3435,4687,4244,4744,3328,4722,2
,550.0,2,4286,3474,3169,4433,4844,4510,16
,930.0,3,4499,4590,4183,4585,4347,4885,1
,220.0,4,3999,4313,3334,3528,4569,4849,2
,820.0,5,3579,4556,3317,4098,4722,4764,2
,440.0,6,3778,4530,3328,4678,4510,4770,9
,2220.0,7,4744,3169,4088,4590,3128,4841,20
,8010.0,8,4183,4244,3528,4399,4849,4844,4
,690.0,10,4224,4286,4556,3435,4484,4385,17
,410.0,11,4585,4399,4530,3579,3317,3334,13
,1930.0,12,3188,4678,4347,3999,4088,4433,16
,250.0,1,4347,4484,4385,4722,4841,4313,1
,340.0,2,3579,3474,4224,3435,4585,4770,16
,630.0,3,4399,3528,4530,4098,3999,4642,14
,3960.0,4,4183,3328,4244,3169,4764,4885,14
,300.0,5,3334,3188,4484,4687,3778,4844,1
,2270.0,6,4286,4744,3317,3474,4224,4282,16
,750.0,7,4499,3128,4510,4569,4770,4841,3
,580.0,8,4433,4590,3528,4642,4678,4764,3
,380.0,9,4556,4088,3778,4313,4098,4849,2
,240.0,10,3188,3999,4183,3317,4347,4385,1
,1260.0,11,3435,4286,4499,4399,3334,4244,11
,580.0,1,4556,4088,4744,4313,4764,4844,1
,310.0,2,3334,3328,3528,4510,4687,4224,2
,320.0,3,4399,4678,4642,4722,3474,4849,2
,2190.0,4,4347,4098,4244,4590,4841,4770,16
,1030.0,5,3128,4286,4585,4484,4313,4885,9
,5130.0,6,3169,4183,4385,4088,4844,3528,27
,630.0,8,3317,4642,4687,4098,4849,4282,3
,3410.0,9,4484,3169,4224,4678,4585,3778,17
,1440.0,10,4183,4510,4556,4399,4244,3128,14
,1180.0,11,4286,4347,3334,3317,4385,3474,7
,630.0,12,3188,4499,3579,4530,3435,3999,1
,230.0,1,4262,4736,3729,4831,4656,4167,1
,7030.0,3,3546,3682,4352,4607,3523,4273,19
,6840.0,4,3532,3370,3211,3629,4271,4820,24
,820.0,5,2914,3529,3891,4736,3866,4873,3
,3180.0,6,3333,4301,3740,4520,4529,4762,7
,550.0,8,3501,3729,3896,4330,4820,3979,2
,3260.0,9,3235,4653,4656,2914,3211,3891,13
,1050.0,10,4301,3546,3535,4271,3740,4058,21
,280.0,11,3629,3333,3523,3501,4520,4285,1
,700.0,12,3529,3532,4330,4262,4352,4287,4
,520.0,1,4330,3866,3370,4752,4762,4831,3
,5510.0,2,3211,4273,2907,3529,3705,3235,7
,2030.0,3,4058,4285,2914,3682,3532,3729,22
,390.0,4,4287,4607,3333,3740,3629,4873,2
,340.0,5,3523,4352,4762,4167,4736,4820,1
,1770.0,6,4520,4752,4262,3896,3546,4653,16
,3210.0,7,3535,4529,3705,4273,3370,3682,24
,1710.0,8,4271,3979,3235,4058,4873,2907,13
,540.0,9,4607,4167,3523,3866,4301,3501,4
,880.0,10,3896,3891,3532,4529,4262,3333,11
,2170.0,11,3740,4656,4287,4330,2914,3546,16
,480.0,12,4352,4520,3629,3211,3529,4301,1
,410.0,1,3532,2907,4656,4285,4831,4820,3
,230.0,2,3529,3235,3866,3629,3535,4529,3
,530.0,3,3523,3729,4287,3891,4653,4873,11
,160.0,4,4352,2914,4752,4058,4167,3979,1
,260.0,5,3333,4301,4736,3370,4273,4831,1
,420.0,6,3740,3682,4271,4607,3896,4520,3
,2360.0,7,3705,4762,3235,3729,3891,3866,12
,1720.0,8,4262,4656,3535,3211,4752,4285,6
,290.0,9,4330,3370,3546,4736,4820,4653,3
,450.0,10,4287,4352,3740,4271,3529,2907,2
,750.0,12,4607,4330,4273,3333,3629,4262,3
,2070.0,1,3529,4529,3705,4285,3729,4273,16
,12860.0,2,4271,4752,4736,4352,4762,4656,25
,1210.0,3,3211,4167,4330,3370,3896,4831,4
,1070.0,4,4262,3866,4520,3682,4653,3535,3
,2010.0,5,4058,4189,2907,3235,4873,4820,16
,380.0,7,3370,4285,3729,4167,4656,4762,6
,420.0,8,3523,4736,3866,3211,3682,3705,1
,370.0,9,4189,3891,3546,4831,4520,4873,4
,5550.0,10,4330,4058,3529,4273,4271,3235,18
,1810.0,11,4352,3896,4262,2907,3629,3523,11
,1470.0,12,4607,4287,4301,3740,3333,2914,11
,5800.0,1,3721,3325,3781,4511,4757,4853,11
,2820.0,2,3075,4310,4195,3256,3698,3355,13
,1140.0,3,3463,3953,3621,4322,3458,4265,6
,280.0,4,4324,3951,3679,4561,4611,4765,2
,420.0,5,3507,3159,3819,4437,4440,4757,6
,550.0,6,3653,4089,3901,3929,4587,4356,6
,1130.0,7,2585,4511,3953,4310,3456,4790,13
,170.0,8,4065,3225,3355,4611,4853,4869,3
,1110.0,9,2841,4437,3463,3781,4195,4561,6
,630.0,10,3434,4322,3075,3819,3745,3901,11
,510.0,11,4089,4324,3458,3507,3680,3929,2
,1970.0,12,3159,4065,3256,3721,3679,3621,13
,2940.0,1,3679,4587,2585,4440,4790,4853,21
,230.0,2,3458,3456,3325,3159,4765,4869,3
,320.0,3,3745,3355,3721,3225,4089,4195,11
,2690.0,4,3621,3653,3698,3463,4324,4437,5
,330.0,5,4611,3256,4265,4790,4322,4511,6
,460.0,6,4561,3680,4065,3456,3951,2841,1
,730.0,7,3953,4757,3225,3325,2585,3819,5
,190.0,8,4356,3781,4440,3698,3434,4765,1
,910.0,9,3929,3507,4587,3621,4869,3075,11
,380.0,10,3680,3745,3159,4265,4310,3463,11
,350.0,11,3901,3679,3434,4065,2841,4089,1
,6550.0,12,3256,4356,3951,3653,3721,4324,26
,960.0,1,3256,3698,4587,4322,3819,3325,11
,1360.0,2,3951,4195,4757,3679,4511,4853,17
,1210.0,3,3929,2585,3159,3355,4561,3456,1
,370.0,4,4065,4324,4310,4611,3901,3507,6
,240.0,5,3075,3721,4322,3819,4265,3781,1
,230.0,6,4089,2841,3621,4195,4356,3680,2
,360.0,7,4437,3225,3355,4853,4765,4869,1
,2510.0,8,3458,4440,4511,3463,3953,4310,24
,11300.0,9,3745,3929,3679,4757,3781,3653,10
,1210.0,10,3434,3075,4437,4065,3507,4790,12
,1200.0,11,4324,3256,4561,4089,3159,3953,5
,2670.0,12,3721,3458,3901,4356,3621,4611,5
,590.0,1,3621,4195,3456,4265,3325,4765,2
,1050.0,2,3463,3819,2585,3721,4790,3698,19
,400.0,3,3507,4511,3434,4587,3256,4869,19
,1120.0,5,3653,3159,4440,4757,3225,4853,8
,520.0,6,3680,4611,4089,3745,4765,3458,1
,790.0,7,3781,3456,3325,4310,2585,4790,1
,1790.0,8,4356,4265,3698,4065,4869,4440,5
,1770.0,9,2841,3621,3953,4324,3929,3225,16
,1450.0,10,3901,4561,3256,3680,3355,4587,28
,560.0,11,4611,3721,3653,3679,4437,3434,8
,720.0,1,3159,4511,3953,4322,4853,3819,1
,360.0,2,4561,3781,4757,3721,4765,4437,16
,770.0,3,3679,4440,3507,4310,4324,4195,1
,490.0,4,3621,3434,4356,3929,4089,3901,1
,160.0,5,4611,4065,3355,3225,4869,4853,1
,1810.0,6,2841,3256,3745,4511,4265,3653,10
,320.0,7,4587,4322,4790,3698,4195,3456,4
,12800.0,8,3458,3325,2585,4561,3819,4757,12
,640.0,10,4324,3953,4437,3745,4611,2841,3
,220.0,11,3256,3679,3621,4089,4065,3458,1
,250.0,12,3721,4587,3159,3781,3929,3680,1
,250.0,1,3621,3225,3325,4195,4765,4790,3
,440.0,2,4089,4310,4265,4065,3456,4322,2
,620.0,3,3463,2585,3653,4757,4611,4440,3
,270.0,4,3159,4437,3901,3507,4869,4511,2
,390.0,5,3680,3434,4195,3355,3781,4853,2
,730.0,6,3929,3458,4561,4790,4356,3698,6
,390.0,7,3953,3819,3225,2585,4440,4765,1
,330.0,8,2841,4757,3456,3653,3325,4869,3
,620.0,11,4065,3929,3953,2841,3159,3458,1
,2260.0,12,3721,3256,4324,3679,4587,3745,21
,1120.0,1,4433,4400,4534,4784,4373,4694,11
,470.0,2,4447,4479,4354,4502,4680,4874,16
,460.0,3,4014,4536,4349,4569,4556,4849,4
,210.0,4,4289,4414,4347,4071,4510,4819,2
,1780.0,6,4313,4484,4450,4585,4874,4784,6
,690.0,7,4473,4354,4536,4670,4534,4825,1
,460.0,8,4501,4071,4400,4680,4849,4590,3
,780.0,10,4479,4286,4098,4433,4569,4585,3
,1960.0,11,4347,4313,4627,4450,4548,4373,17
,730.0,12,4456,4502,4556,4289,4501,4349,2
,300.0,1,4347,4098,4590,4525,4670,4884,2
,740.0,2,4501,4548,4071,4456,4385,4825,1
,520.0,3,4286,4589,4447,4484,4289,4819,1
,600.0,4,4556,4694,4014,4473,4784,4874,3
,350.0,5,4349,4450,4585,4534,4414,4804,1
,400.0,6,4071,4525,4502,4479,4400,4627,2
,3270.0,7,4373,4569,4589,4590,4825,4849,12
,3110.0,8,4433,4680,4670,4548,4884,4784,16
,1150.0,9,4510,4456,4694,4349,4819,4536,3
,5760.0,10,4098,4556,4484,4501,4354,4414,20
,360.0,12,4450,4347,4433,4286,4014,4447,2
,580.0,1,4014,4414,4585,4098,4525,4874,4
,4180.0,2,4556,4670,4569,4347,4804,4400,4
,1020.0,3,4349,4385,4456,4849,4286,4884,14
,760.0,4,4502,4373,4433,4680,4313,4627,1
,410.0,5,4447,4501,4414,4536,4484,4548,6
,830.0,7,4354,4349,4400,4510,4874,4825,8
,1570.0,8,4385,4590,4373,4525,4071,4819,7
,610.0,9,4569,4585,4502,4447,4849,4784,2
,2470.0,10,4680,4014,4536,4501,4479,4804,18
,1230.0,11,4450,4354,4548,4556,4433,4473,16
,390.0,12,4456,4510,4286,4313,4347,4098,2
,700.0,1,4286,4678,4071,4819,4627,4874,4
,310.0,2,4347,4385,4569,4501,4590,4784,3
,310.0,4,4456,4313,4354,4536,4825,4670,3
,330.0,5,4349,4502,4484,4589,4510,4473,6
,650.0,6,4548,4556,4447,4678,4373,4819,1
,7990.0,7,4694,4525,4585,4804,4098,4680,18
,320.0,8,4433,4479,4400,4825,4884,4627,1
,2400.0,9,4502,4589,4286,4313,4569,4373,5
,640.0,11,4501,4433,4349,4548,4071,4804,2
,220.0,12,4450,4456,4014,4385,4484,4354,1
,260.0,1,4456,4569,4589,4098,4874,4414,2
,490.0,2,4286,4536,4590,4450,4784,4849,2
,3870.0,3,4349,4548,4502,4525,4447,4670,7
,210.0,4,4347,4400,4385,4585,4479,4694,2
,2660.0,5,4014,4501,4414,4510,4627,4819,9
,640.0,6,4484,4071,4098,4289,4884,4784,6
,360.0,7,4313,4373,4479,4678,4804,4874,1
,510.0,8,4556,4354,4525,4473,4825,4589,5
,2760.0,10,4450,4510,4347,4286,4313,4548,13
,4700.0,11,4502,4556,4373,4071,4014,4385,17
,760.0,12,4501,4456,4349,4484,4433,4804,4
,300.0,1,4502,4569,4525,4414,4849,4098,1
,1170.0,2,4510,4678,4479,4456,4884,4819,1
,1740.0,3,4447,4590,4385,4400,4804,4825,4
,170.0,4,4014,4589,4585,4536,4354,4670,1
,280.0,5,4349,4450,4680,4874,4784,4473,1
,10310.0,6,4313,4479,4098,4484,4525,4289,21
,410.0,8,4548,4585,4678,4825,4694,4414,1
,5290.0,9,4590,4680,4536,4354,4473,4400,13
,180.0,10,4450,4014,4510,4385,4484,4804,1
,3940.0,11,4456,4502,4349,4313,4548,4373,5
,420.0,12,4501,4347,4071,4556,4286,4433,3
,2070.0,1,3876,3851,4736,4607,4632,4612,6
,270.0,2,3434,2974,3491,4189,4474,4513,3
,2320.0,3,4314,3121,4371,4674,4545,4693,21
,940.0,4,3747,3521,4364,4566,4204,4749,3
,430.0,5,3662,3825,3851,4329,4046,4393,5
,400.0,6,3804,4193,4522,4330,4157,4632,3
,10610.0,7,3121,4736,3928,4474,4023,4485,27
,450.0,8,4424,4607,2974,4544,4674,4151,1
,300.0,9,4566,4329,4413,4693,3491,4060,2
,12510.0,10,3825,4336,4193,4204,4330,4368,30
,190.0,11,4371,4364,3434,3662,4522,4614,1
,1470.0,12,4189,3747,3876,4413,4544,4545,5
,260.0,1,4330,4046,4151,4612,3928,4336,2
,1610.0,2,4614,4485,4157,4371,4736,3521,6
,5130.0,3,4368,4632,3662,4513,4189,3121,22
,220.0,4,4544,4693,4424,4023,3804,4749,2
,190.0,5,4193,4060,4612,4336,4329,4474,1
,470.0,6,4522,4614,3747,4314,4151,3876,1
,6670.0,7,2974,4393,4513,4046,3521,4607,21
,150.0,8,4545,4674,4023,4364,4749,3491,3
,1020.0,9,3851,3434,4189,3928,4157,3825,7
,1900.0,10,4060,4544,4204,4393,4371,3747,24
,21740.0,11,4413,4368,4566,4485,3876,3804,28
,290.0,12,4364,3662,4330,4193,4424,4314,2
,2450.0,1,4189,3491,4329,3121,3851,4023,16
,210.0,2,4544,4474,4693,3876,4674,4736,3
,490.0,3,4060,4607,4545,3521,4566,4204,14
,590.0,4,4413,4151,2974,3825,3662,4522,1
,160.0,5,3434,4330,4046,4632,4513,4749,1
,4640.0,6,4368,4424,3121,3491,4393,4193,28
,990.0,7,4607,4612,4674,4204,4693,4329,2
,360.0,8,4314,3928,4474,2974,3747,3851,4
,3140.0,9,4614,4413,4632,4736,3825,4364,27
,200.0,10,4424,4189,4336,4522,4485,3662,1
,650.0,11,3876,4314,4393,3804,4193,4371,3
,360.0,12,4330,4545,3747,3434,4364,4566,1
,760.0,1,3662,4204,4046,4336,4612,3928,1
,280.0,2,4522,4513,4023,4364,2974,4749,16
,2920.0,3,3804,3521,4424,4474,4413,4674,21
,2220.0,4,4371,4329,4314,4545,4060,3434,4
,5690.0,5,4566,3876,4485,3928,3121,4612,12
,1050.0,6,4393,4522,4330,3851,4614,4189,26
,1320.0,7,4736,3491,4151,4513,4336,4632,4
,360.0,8,3747,4023,3521,4368,4607,4046,1
,1420.0,10,3825,4485,3876,4614,4314,4330,3
,3430.0,11,4545,4566,4189,4151,4368,4424,4
,350.0,12,4364,3804,4544,3662,3434,4413,1
,430.0,1,4371,3121,4329,4674,4736,3491,4
,300.0,2,3804,4151,3851,4189,4204,4513,3
,8370.0,3,3434,4632,4364,2974,4424,4693,5
,190.0,4,4330,4522,4607,4612,3825,4193,1
,280.0,5,4413,4566,4336,4749,3521,4736,1
,380.0,6,3876,3928,4393,4314,3747,4060,2
,380.0,7,4485,4046,3121,3851,4693,4023,2
,190.0,8,4544,4329,4674,4545,4474,4204,3
,1240.0,10,4364,3804,4566,4330,4485,4393,4
,480.0,11,4545,4413,3747,3434,3876,4522,1
,210.0,12,4189,4371,4544,4424,4607,3662,1
,180.0,1,4330,4736,4023,3928,4513,4749,1
,1140.0,2,3662,3491,4474,4368,4151,3521,1
,2530.0,3,3747,4204,4566,4612,4314,4632,19
,170.0,5,4544,4522,3121,4513,2974,4329,1
,430.0,6,3804,4674,3825,4736,4368,3434,4
,1860.0,7,4607,4393,3521,4749,3928,4151,9
,190.0,8,4424,4693,3491,4314,4612,4046,3
,1810.0,9,4060,4474,4614,4023,3121,4193,28
,690.0,10,3434,4544,4393,3747,3804,3662,6
,400.0,11,4566,4424,3876,4330,4607,4522,1
,650.0,12,4545,4189,4364,4371,4413,4485,3
,370.0,1,3795,3472,4377,3294,3852,4861,2
,380.0,2,3616,3052,4107,4075,4831,3539,16
,320.0,3,3773,2844,4073,4215,4561,4554,2
,580.0,4,3576,2997,4446,3401,4249,4871,1
,190.0,5,3362,3010,3472,3922,4638,4181,1
,2920.0,6,4172,3294,3081,3488,4881,3863,18
,1420.0,7,2844,3363,4035,4831,4866,3852,28
,510.0,8,3663,4215,3052,3849,4871,4377,16
,5020.0,9,3895,4004,4554,3452,4861,4446,19
,1780.0,10,3401,4383,3539,4172,4472,4561,20
,4290.0,11,3488,3773,3616,3362,4411,3849,29
,1010.0,12,3010,3081,3576,3795,4073,4075,11
,270.0,1,3081,4035,4383,2997,4881,3363,1
,380.0,2,4411,4181,4004,3576,3922,4866,3
,2060.0,3,3863,4377,3010,4107,3488,4861,7
,220.0,4,4073,4172,3663,4638,3895,4831,1
,260.0,5,4472,4075,3363,2844,4215,4871,6
,190.0,6,3294,3849,3795,4035,4866,3401,7
,1620.0,7,2997,4554,4249,4004,3472,3052,6
,910.0,8,4446,4107,4638,4411,4383,3852,1
,2470.0,9,3452,3863,3922,3539,3362,4881,16
,21500.0,10,4561,4073,4181,4249,3795,3616,28
,210.0,11,3849,3576,3773,4472,3010,3895,1
,180.0,1,4075,4107,3294,4554,4861,4871,1
,320.0,3,3773,3539,3576,2844,3401,3852,11
,220.0,4,3849,3616,3472,3895,4377,4866,1
,320.0,5,4561,3795,4215,4383,4554,4881,1
,970.0,6,3052,3362,4073,2997,4871,3452,15
,460.0,7,3539,3922,3363,4831,3852,3294,21
,17920.0,8,3488,4638,4004,3773,2844,3472,12
,4060.0,9,4446,4035,4561,4215,4181,4861,6
,1100.0,10,3362,3895,4075,4377,3863,4472,1
,2290.0,11,3616,3010,3401,4073,3849,3663,2
,510.0,12,3795,3488,4172,4446,3576,4411,2
,470.0,1,4073,3472,4383,4638,4831,4215,3
,340.0,2,3863,4554,3922,4075,4035,4881,19
,3390.0,3,3401,4181,3795,4004,4172,4249,3
,25180.0,4,3010,4472,3488,4107,3773,4871,17
,770.0,5,3663,3576,2997,4831,4866,3852,27
,260.0,6,4383,4411,3849,3052,3363,3362,15
,600.0,7,4377,4638,2844,4181,4881,4861,2
,10580.0,8,3452,3294,4249,3863,4004,3922,15
,1740.0,9,3895,4561,3401,3488,2997,4866,12
,440.0,10,4472,3849,3362,3795,3616,4107,1
,7250.0,11,4411,3663,4075,3010,3539,4172,26
,270.0,12,3576,3452,3895,4073,4446,3773,3
,23820.0,2,3616,4215,3472,3849,4554,4866,22
,330.0,3,3773,4249,4075,3852,4411,4871,2
,510.0,4,3795,3663,3539,3895,4561,4881,2
,250.0,5,3362,3576,3294,4831,4181,4377,6
,270.0,6,4446,3922,4472,2997,4383,4172,2
,320.0,7,4035,4107,4215,3052,4871,4638,2
,240.0,8,3452,2844,4554,3488,3472,3363,3
,1190.0,9,4073,3401,4561,3294,4861,3863,11
,2050.0,10,4075,4172,4446,3616,3539,3773,6
,290.0,11,3849,3852,3362,4035,3452,4472,2
,15110.0,12,3576,4073,3795,3010,4377,4107,15
,340.0,1,4073,4004,4383,4181,4881,3539,3
,4680.0,2,3488,3052,2844,3576,3922,3852,17
,710.0,4,3010,4377,3863,3663,4249,4866,2
,650.0,5,3616,4411,4181,4035,3294,4881,3
,460.0,6,4472,3488,3922,4561,4446,3363,3
,360.0,7,4004,4383,4554,2997,4861,4871,1
,280.0,8,3773,4638,4249,3863,4831,4215,1
,3680.0,10,4446,4035,3539,4073,4472,3010,21
,270.0,11,3576,3452,4377,3616,3852,3773,1
,360.0,12,3849,4172,3795,4075,3362,4107,1
,840.0,1,3978,4453,4463,4340,3095,4822,3
,6230.0,2,4301,3293,3444,4140,4821,3372,19
,830.0,3,4535,3703,3265,3834,3329,4533,11
,310.0,4,3290,3523,3911,4369,3907,4805,1
,1430.0,5,4171,4008,4274,3095,4789,4219,3
,11550.0,7,3703,3601,4453,3372,4675,4005,27
,220.0,8,4369,3444,2538,3329,4340,4087,3
,610.0,9,3523,3834,4171,4822,4039,4821,11
,340.0,11,4036,4274,4301,4535,3881,3772,3
,15180.0,12,3265,3978,3290,4008,4140,4659,25
,180.0,1,4008,4087,3834,2538,4453,4805,2
,270.0,2,3998,4005,3372,3290,3911,4463,3
,440.0,3,3881,3907,3978,4533,4301,4675,2
,270.0,4,4659,4219,4535,3931,4789,4821,3
,9670.0,5,3772,4140,4087,4822,3703,3601,16
,1530.0,6,3095,3265,4369,4005,4036,3293,4
,2980.0,7,2538,4533,4675,3444,4463,4274,8
,670.0,8,4039,3372,3911,3881,3834,4789,4
,25020.0,9,3329,3095,4340,4659,4805,4301,12
,1490.0,10,4177,4535,4219,3265,4274,3523,2
,240.0,11,3931,3290,3772,4008,3601,4171,1
,5530.0,12,4140,4369,4039,3998,3978,4036,15
,5680.0,1,4140,4675,3293,4219,3444,3703,21
,240.0,2,4008,4463,4340,4177,3372,4821,3
,820.0,3,4039,3911,4659,3601,3931,3907,5
,580.0,4,3265,4171,3095,3772,2538,4822,6
,180.0,5,3978,3998,4533,4453,3293,3444,1
,180.0,6,4036,4274,3523,3290,4087,4789,3
,250.0,7,3834,4340,4005,3911,4219,4805,2
,330.0,8,4659,3601,4463,3329,4821,2538,2
,730.0,9,4301,3772,4008,4039,4822,4453,13
,350.0,10,4171,4177,3703,3978,4533,3095,1
,1140.0,11,3523,3881,4140,3907,4005,4369,3
,580.0,12,3290,3329,3998,3265,4535,3931,2
,8900.0,1,3265,4005,4533,4675,4789,4805,7
,330.0,2,3290,3703,4274,4171,4340,3834,1
,1070.0,3,3978,3444,4535,3372,3931,4463,21
,2560.0,4,4008,4039,3329,3911,4036,4821,22
,210.0,5,4140,4301,4005,4453,4805,3601,1
,460.0,6,4659,4369,3523,3998,3772,4789,3
,5900.0,7,3907,3095,3372,3293,4533,4274,9
,310.0,10,4039,3290,3931,3523,3907,4659,1
,1380.0,11,4171,4008,3834,3978,4369,3095,4
,440.0,12,4036,4177,4140,3265,3998,3881,3
,270.0,1,3978,3601,4346,3444,2538,4805,2
,450.0,2,3931,4675,4453,4659,4789,3703,3
,550.0,3,4008,4463,3772,4005,4301,4219,4
,1880.0,4,4140,3372,4533,3329,4821,4822,18
,210.0,5,4177,3881,3444,4274,3834,3911,1
,180.0,6,3998,3293,3703,4675,3907,2538,2
,4190.0,7,3095,4340,3601,4346,4219,4005,21
,390.0,8,3523,4533,4463,4301,4805,4821,3
,10260.0,9,3329,4453,3911,3293,3772,4789,12
,2570.0,10,4659,3095,4177,4008,3998,3907,5
,350.0,11,3881,3931,3978,4140,3523,3834,1
,4770.0,12,4036,4039,4171,3290,3265,4369,10
,11190.0,1,4387,3900,4499,3579,4433,4208,27
,590.0,2,3779,3388,4075,4337,3556,4364,3
,830.0,3,3952,3415,3719,4019,4166,4063,3
,1460.0,5,4065,4347,3579,4183,4530,3993,20
,760.0,7,3719,3946,3556,4364,3960,4418,5
,520.0,8,3941,4296,3388,3779,3557,4019,2
,640.0,9,4499,3188,4208,4530,3302,3845,1
,280.0,10,3783,3623,3590,3415,4013,4337,1
,2320.0,11,4450,3435,4502,3999,3232,4399,9
,13130.0,12,3622,4238,4444,4168,3721,4320,29
,310.0,2,3590,4320,4063,3952,4337,4042,1
,4530.0,3,4352,4344,4168,4418,4019,3946,14
,510.0,4,3959,4236,4013,4238,4364,3941,2
,2810.0,5,3579,4530,3188,3232,4183,4450,20
,340.0,6,4166,3622,3557,3590,4296,3719,1
,580.0,7,4063,4444,4042,4352,4075,3783,5
,980.0,9,3999,3232,4433,3302,4502,4499,3
,5950.0,10,3721,3556,4166,3622,3946,3952,19
,300.0,11,3435,3993,4450,4399,4208,3900,2
,620.0,1,3302,4433,4530,4399,3845,3435,1
,2900.0,2,3623,4013,3960,3556,4352,4444,8
,5550.0,3,4364,4337,3415,4296,4418,3622,9
,840.0,4,3946,3557,3779,3719,4168,4075,6
,3240.0,5,3900,4399,3993,3188,3999,4387,9
,8290.0,7,4013,4166,4296,4320,4238,3415,22
,600.0,8,3556,4042,3622,4063,3941,3959,2
,1320.0,9,3232,4499,4347,4208,4450,3579,16
,920.0,10,3557,3590,4337,3960,4444,3779,4
,460.0,11,3188,4502,4433,3435,4065,4183,3
,7030.0,12,4320,3952,3721,3941,3719,3388,8
,440.0,1,4502,3845,3302,4347,3579,3188,3
,9770.0,2,4075,3783,4352,3623,4042,3721,20
,500.0,3,3960,4364,4238,3959,3415,4236,2
,6680.0,4,4418,4168,4296,4444,3952,3556,13
,1520.0,6,4344,4019,3946,4042,3622,3623,6
,700.0,7,4238,4352,4364,3783,3590,4166,1
,2630.0,8,4337,3719,4418,3721,4063,4013,12
,3240.0,9,4530,4065,3232,4387,3435,3302,8
,830.0,11,4399,4208,4183,4450,4347,3999,6
,370.0,12,4168,3779,4019,4166,3388,3590,2
,4630.0,2,4296,3556,3590,3415,3959,3960,20
,490.0,3,3779,4042,3623,4364,4352,4236,2
,1020.0,4,4433,4387,3435,3993,3188,3232,6
,690.0,5,4183,3579,4502,3900,4399,4530,3
,1340.0,6,3556,4075,3960,3959,4418,4320,1
,430.0,7,3415,3590,3779,4296,3623,4364,2
,1860.0,8,4208,3302,4387,3999,3993,4347,16
,270.0,9,4450,3435,4065,3845,3900,4502,1
,660.0,10,4019,3941,3388,4166,4344,4013,3
,480.0,11,3557,3952,4238,3719,3946,4337,3
,580.0,12,4168,3622,3721,4444,3783,4063,2
,250.0,1,3188,3302,3845,3579,4387,4499,1
,1240.0,2,4238,4063,4042,4337,4296,4344,4
,460.0,3,4444,3960,3952,3946,3388,4236,3
,410.0,4,3783,4364,4013,4352,4075,4320,1
,320.0,5,4347,4530,3232,3993,3900,4065,1
,540.0,6,3941,3959,4418,3622,4042,4296,3
,380.0,7,3415,3779,3556,3960,3623,3590,2
,530.0,9,3900,4399,3302,4347,4502,3188,3
,340.0,10,3622,4344,3946,3941,4238,4444,1
,390.0,11,3435,4208,3999,4450,4183,4433,1
,740.0,12,4019,3557,4168,3721,3719,4166,2
,1750.0,2,4568,4640,4683,4350,4688,4802,20
,330.0,3,4498,4562,4547,4555,4583,4475,2
,550.0,6,4531,4520,3245,4468,4711,4409,1
,340.0,7,4495,4423,4640,4710,4896,4555,1
,290.0,9,4351,4505,4550,4475,4802,4323,1
,1550.0,11,3245,4498,4520,4442,4420,4471,6
,2300.0,12,4350,3360,3406,3514,4468,4547,16
,470.0,1,4468,4555,4711,4683,4529,4769,1
,1680.0,2,4435,4508,4688,3406,4423,4774,13
,690.0,4,3514,3615,3559,4550,4498,4896,3
,320.0,5,4520,4547,4710,4705,4640,4531,6
,930.0,6,4434,4435,3360,4409,4683,4505,16
,620.0,7,4802,4458,4508,4729,4769,4562,2
,370.0,8,4471,4475,4495,3245,4896,4529,3
,1100.0,9,4323,4688,3514,3615,4710,4711,3
,160.0,10,4409,3406,4565,4531,4505,4498,1
,7320.0,11,4583,4468,4350,4423,4351,4568,18
,4270.0,12,4547,3559,4323,4420,3360,3245,13
,270.0,1,3514,4711,4640,4555,4562,4434,2
,1240.0,2,4568,4529,4475,4547,4705,4729,2
,750.0,3,3615,4531,3406,4802,4435,4550,1
,380.0,4,4468,3245,4495,4583,4769,4442,2
,180.0,5,4471,4350,4458,4640,4565,4774,1
,880.0,6,4555,4351,4420,4508,4323,4520,1
,250.0,7,4688,4683,4550,4434,4475,4423,2
,220.0,8,4409,4710,4562,3559,4729,4896,1
,420.0,9,4498,3360,3615,4505,4774,4705,2
,1400.0,10,4351,4471,4468,4458,3406,4495,11
,770.0,11,3559,3514,4802,4568,4547,4435,9
,150.0,12,4350,4409,4583,3360,4520,4420,1
,510.0,1,3360,4711,4529,4769,4531,4565,3
,410.0,2,4420,4802,4475,3514,4442,4688,3
,370.0,3,4435,4550,4350,4705,4568,4683,11
,330.0,4,4547,4323,4505,4508,4409,4896,4
,310.0,5,4583,3406,4710,4565,4495,4774,6
,550.0,6,4458,4420,3615,4498,4468,4442,2
,690.0,7,4423,4729,4711,4531,4683,4640,2
,280.0,8,3245,4529,4688,3559,4508,4769,2
,1100.0,9,4520,4434,3360,4471,4896,4351,11
,3580.0,10,4505,4562,4468,4435,4555,3615,4
,550.0,11,4323,4547,4423,3245,3514,4710,6
,260.0,12,3406,4583,4498,4350,4471,3559,3
,200.0,1,4547,4705,4729,4710,4508,4434,3
,960.0,3,4498,4442,3514,4550,4505,4562,13
,1930.0,6,4351,3360,4555,4409,4711,4435,17
,580.0,7,4710,4495,4475,4458,4562,4769,2
,450.0,8,4471,4565,4568,4729,4550,4896,1
,490.0,9,3615,3559,4520,4420,4774,4583,1
,12400.0,10,4409,4547,4468,4498,4688,4531,22
,310.0,11,3514,3406,4351,4495,4423,4802,2
,220.0,12,4350,3615,4471,4323,4555,4458,1
,8010.0,1,4468,4529,4495,4683,4896,4711,20
,17440.0,2,4471,4562,4508,3245,4442,4710,15
,380.0,3,4323,4550,4505,4555,4583,4475,1
,17050.0,4,3360,4531,4565,4568,4420,4705,22
,260.0,5,4435,3406,4802,4458,4711,4769,1
,4100.0,6,3245,4434,3559,4529,4409,4520,22
,3610.0,8,4498,4508,4683,4583,4710,4565,19
,450.0,9,3559,4435,3360,4769,4505,4420,2
,29810.0,12,3514,4350,4688,4547,3615,4351,28
,290.0,1,3582,3691,4730,3789,3220,4077,4
,580.0,2,4163,4353,3335,3227,4373,4765,1
,260.0,3,4201,3928,4095,3137,3382,4665,2
,2960.0,5,4146,3611,4299,3759,4709,3220,17
,14420.0,6,3691,3710,3874,4092,3713,4090,26
,750.0,7,3789,3335,3928,3866,3593,3668,11
,1970.0,8,4304,3551,4373,4478,4870,4730,20
,2190.0,9,4657,4299,4163,4201,3934,4003,14
,2120.0,10,3710,4146,4077,4376,4090,3072,21
,590.0,11,4459,4304,4353,3382,3815,4092,2
,560.0,1,4095,4709,3866,4665,4077,4373,3
,220.0,2,3713,3668,3593,3582,3883,3759,3
,1370.0,3,4090,3137,4478,3551,3227,3335,11
,590.0,4,3611,3934,3710,4304,4201,4765,3
,2370.0,5,3382,3874,3789,4077,3928,4870,4
,7510.0,6,3072,3593,4657,4709,3740,4459,29
,2510.0,7,3220,4665,3137,4353,4299,3883,7
,350.0,8,3815,4730,3668,3710,3551,3866,1
,1450.0,9,4092,4376,4146,4765,3691,4201,7
,740.0,10,3934,4095,3220,3072,3759,4163,10
,2130.0,11,4003,3713,3227,3611,4459,4657,21
,1280.0,12,3874,4090,4376,3815,3582,4478,4
,240.0,1,3874,4077,3759,3335,4730,4299,2
,700.0,2,4095,4373,3883,4003,3789,4353,5
,1450.0,3,3072,4665,3611,3220,4657,4765,19
,2820.0,4,3227,3382,4092,4163,4146,4870,8
,200.0,5,4201,3582,3551,4299,3668,3691,1
,490.0,6,4376,4478,3740,4304,4003,3934,3
,1450.0,7,3928,3335,4730,4373,3137,4709,21
,380.0,8,4090,3866,3789,3713,4870,3593,16
,500.0,9,3611,3759,3382,3740,3710,3815,1
,320.0,10,4478,3874,3934,3691,4353,4146,6
,2820.0,11,3582,3227,4657,3928,4163,4304,5
,8120.0,12,4459,3072,3815,4095,4092,3713,15
,350.0,1,4304,3551,4730,4373,4765,4870,1
,2010.0,2,4376,4299,3593,4095,3866,3668,19
,1260.0,3,3713,3883,3611,4353,4478,3928,11
,630.0,4,3874,4657,4459,3740,4201,4665,1
,11500.0,5,4146,3582,3220,3335,4709,4765,10
,1990.0,6,3815,3137,3227,3382,4003,4090,4
,2550.0,7,3759,3789,3668,3883,4077,3593,6
,690.0,9,3934,3740,3072,4201,4092,3382,1
,2470.0,10,3582,3874,4478,4376,3759,4353,7
,270.0,11,4459,4090,3713,3928,3815,3220,2
,240.0,12,4095,4163,4304,3137,3611,4709,1
,330.0,1,3227,3593,3759,4730,3928,3551,2
,570.0,3,4146,3668,4201,3220,4376,4299,3
,380.0,4,3582,4092,3710,3934,3815,4765,1
,900.0,5,3611,4304,4373,3551,4730,4870,3
,430.0,6,4090,4003,3072,4657,3691,3740,1
,330.0,8,3934,3866,3668,3227,3335,3789,3
,690.0,9,4657,4146,4092,4373,3382,3710,6
,320.0,10,4376,3220,4090,4709,3611,3759,2
,3200.0,11,3815,3137,3582,4304,4353,3928,12
,490.0,1,3024,2842,4554,4572,3430,4737,4
,480.0,2,3161,4331,3631,3876,3214,4329,16
,6990.0,3,2914,4393,4089,2958,3920,4776,22
,420.0,4,4256,3325,3782,3212,3788,4241,3
,8030.0,5,3726,3777,4020,4737,2568,4811,5
,600.0,6,2842,3746,4096,3747,3890,4835,12
,840.0,7,2958,4487,4760,4331,4554,4782,11
,500.0,8,3757,4572,3214,3788,4776,4749,1
,1470.0,9,3851,3726,3430,3161,4241,4489,12
,1090.0,10,3212,4020,3747,3920,4514,3454,13
,480.0,11,3746,3631,2914,3757,4760,3782,1
,1170.0,12,3876,3024,3777,4256,4089,4096,11
,1300.0,1,4096,4514,4329,4487,3851,4835,4
,1540.0,3,3454,4241,3024,3325,3746,4776,23
,310.0,4,4089,4554,3161,3757,2914,4811,2
,330.0,5,3920,3876,2958,3851,4020,2842,6
,5920.0,6,3430,3788,4489,3777,4749,3212,29
,980.0,7,3214,4737,4393,4514,4835,3631,2
,1910.0,8,3782,3890,4487,3726,4811,4572,20
,280.0,9,2568,4096,3920,3746,3325,4782,8
,1120.0,10,3788,4760,3212,4089,4393,3757,16
,560.0,12,3777,3454,3876,3747,3161,3726,3
,230.0,1,3876,4737,4241,4811,4776,2958,1
,1020.0,2,4489,4020,4554,4096,4782,4487,18
,1570.0,3,4256,4572,2914,3851,3746,3890,3
,2060.0,4,3024,3214,3782,3454,3747,4749,11
,8630.0,5,3161,3777,3430,2958,4760,4776,17
,700.0,7,4393,3325,4020,3890,4487,4835,1
,300.0,8,3920,2568,3631,2914,4811,4514,2
,250.0,9,4089,3851,3454,4241,3782,3788,2
,11600.0,10,3777,3024,3747,4760,4572,4393,14
,320.0,12,4096,3876,4089,4489,3430,3631,2
,250.0,1,3024,4554,4607,4835,2568,4749,1
,12550.0,2,3876,4514,4737,4489,3851,4811,15
,240.0,3,3726,3430,3454,4329,3161,4020,2
,190.0,4,3777,3757,4487,4393,4782,3890,1
,160.0,5,3788,3212,2958,4749,4776,3325,1
,360.0,6,3920,3631,3782,3214,4835,4241,1
,410.0,9,3212,3454,3788,4554,4241,4782,1
,650.0,10,4393,3726,3430,3777,3631,3920,8
,11310.0,11,4489,3214,3024,3876,4760,2958,9
,380.0,12,4096,3746,3747,4089,4256,4572,3
,440.0,1,4189,4495,4607,4632,4831,4406,2
,360.0,2,4549,3537,4736,4296,4463,4121,3
,2580.0,3,4079,3444,3566,2816,3265,4612,3
,1360.0,4,3473,3703,3662,4046,4151,4861,6
,920.0,5,3853,4522,4332,4495,4474,4485,2
,7660.0,6,3291,3986,4406,3379,4288,4236,18
,2070.0,7,3444,4212,4363,4831,4736,4693,18
,160.0,8,4544,4046,4612,4102,4607,4463,3
,2660.0,9,3670,4189,4121,3265,4657,4252,22
,2100.0,10,3703,4079,4549,3714,3379,4332,9
,470.0,11,3662,4155,4288,4544,4363,3566,3
,320.0,12,4296,3473,3853,3986,4236,4102,2
,290.0,1,3783,3444,3928,4679,4709,4741,3
,200.0,2,3898,4368,4332,4234,4336,4768,1
,3330.0,4,3876,3782,4544,3537,4122,4729,12
,2240.0,5,3869,4371,4355,3174,4741,3851,2
,1810.0,6,3491,4236,3473,4368,4549,3702,13
,5650.0,7,4607,3434,4487,4332,4679,4180,17
,600.0,8,4189,3537,4736,4256,4768,4709,2
,1090.0,9,3174,4151,4522,3876,4668,4234,12
,390.0,10,4451,3783,4336,3869,4346,3473,6
,3660.0,11,4236,3714,4189,3928,3121,4122,15
,980.0,12,4371,3898,4256,4544,3702,4193,11
,310.0,1,4371,4336,4668,4346,4607,3491,3
,1280.0,2,4256,2273,4736,4522,3444,3782,16
,810.0,3,4151,4487,3898,4355,3783,4729,21
,11690.0,4,4189,3174,4180,3702,4236,4768,22
,920.0,6,4368,4122,3473,4193,4736,4544,11
,910.0,7,3537,4355,3928,4668,3782,4709,2
,1220.0,8,3121,4332,4346,4180,4729,3444,16
,3460.0,9,3851,4549,4679,4256,3898,3434,22
,940.0,10,4234,4193,4487,3876,3714,4236,6
,700.0,11,4451,4189,4151,2273,4544,3783,10
,820.0,1,3876,4736,3174,3491,4729,4368,26
,2280.0,2,3702,4487,4332,4236,3851,3537,19
,1670.0,3,4193,4346,3783,4336,4256,3714,4
,1070.0,6,3782,4234,4189,4332,3473,3121,13
,790.0,7,3434,3491,3714,3851,4607,4768,11
,250.0,8,3869,3444,3537,4371,2273,3174,3
,2850.0,9,3928,3702,4336,3473,4679,4741,7
,2310.0,10,4522,4212,4122,4193,4180,4189,1
,630.0,11,4544,3869,3876,4151,4368,4256,1
,270.0,12,4236,3783,3898,4234,4371,4451,1
,700.0,2,3898,4679,4346,4193,3491,4709,2
,240.0,3,4371,3174,4189,4668,3702,4368,2
,450.0,4,4236,3537,3851,3473,3869,4741,1
,550.0,5,3121,3783,3714,3782,4768,4522,7
,930.0,6,3444,4122,4451,4256,4234,4549,18
,390.0,7,4487,4212,4736,4336,4709,4332,1
,390.0,8,3876,4668,4180,4151,3434,3928,3
,180.0,9,4256,3898,3702,3121,4346,3537,1
,660.0,10,4193,3473,4368,4371,3782,2273,3
,450.0,11,4189,4451,3869,3714,4544,4180,4
,180.0,12,3783,4236,4212,4122,3876,4607,1
,360.0,1,4193,3174,4355,4729,4668,3782,2
,1100.0,2,4451,3434,4332,3783,4741,4487,18
,620.0,3,3898,3491,4256,3444,4522,4768,11
,380.0,4,4371,2273,4151,4736,3876,4709,1
,890.0,5,3473,3869,3928,4368,4607,3121,16
,420.0,6,4336,4189,3714,3702,4679,4122,6
,2080.0,7,4212,3537,4180,4741,4346,4729,23
,190.0,8,4236,4355,3434,4768,4544,3444,4
,4020.0,9,4151,3851,4234,4522,4736,4549,5
,170.0,10,4256,4193,3869,4212,4368,3714,1
,1720.0,11,4189,4236,4371,3121,4451,3876,4
,650.0,12,3783,3898,4544,3782,3473,3702,4
,13480.0,1,3702,3714,4607,3174,4487,3434,13
,540.0,2,3898,4679,4332,4234,4346,4336,1
,280.0,3,3876,3851,3121,4180,4151,4768,2
,200.0,4,4544,4122,3537,2273,4549,4729,1
,240.0,5,3869,4236,3491,4607,3174,4709,1
,570.0,6,4355,4371,3444,4487,4212,4741,8
,1600.0,7,4332,4180,3782,4679,4736,4368,13
,550.0,8,4522,3928,4346,3851,3537,4668,1
,560.0,9,4234,2273,4122,4709,4336,4151,1
,600.0,10,4371,4212,4544,3869,3702,3121,1
,1060.0,12,4189,3783,4256,4193,3473,4451,2
,230.0,1,4102,4060,3666,3516,3796,3599,1
,1240.0,2,4231,3661,4265,4079,4705,3368,17
,5080.0,3,3305,3542,3502,3893,4459,4394,5
,210.0,4,3959,4232,3391,3566,4560,4698,2
,190.0,5,4216,4205,4010,3796,4739,4475,6
,1170.0,6,2959,3051,4335,4261,3698,3516,11
,310.0,8,4062,3660,4232,4173,3599,4705,3
,990.0,9,3542,4148,3368,2930,4010,4560,17
,2180.0,10,3391,3666,4378,3305,4265,4261,13
,1560.0,11,3566,4216,4231,3051,4358,4459,3
,280.0,12,4205,4079,3959,4102,3502,4335,1
,230.0,1,4335,3796,3660,3698,3617,4698,1
,340.0,2,4148,4475,3880,3959,2959,4739,16
,5340.0,3,4358,4560,4173,4394,4205,4060,5
,280.0,4,3502,3305,4261,4010,4216,3593,1
,2520.0,5,4459,4079,3599,3617,4360,3542,5
,1300.0,6,4475,3566,4378,4102,4698,4062,18
,260.0,7,4394,3516,4739,3368,3660,3661,1
,220.0,8,2930,4265,2959,4358,4232,3893,3
,3210.0,9,3666,4459,3698,3502,3051,4705,7
,1470.0,10,4261,3880,4360,4335,4231,4378,5
,460.0,11,4173,3959,3305,3661,4102,3391,1
,960.0,12,4079,2930,4148,4205,4062,4216,16
,5780.0,1,4205,3368,3516,4232,3666,4698,16
,2690.0,2,3051,3893,4010,3502,4060,4265,6
,610.0,3,3391,4560,4102,3599,4148,3593,4
,390.0,4,4079,3796,2930,4231,4394,4705,1
,440.0,5,4216,3959,3617,3368,3698,2959,1
,690.0,6,3893,4358,4335,3542,3566,3880,2
,950.0,7,3661,3599,4560,4265,4475,3666,21
,8750.0,8,4459,4739,4232,3796,4705,3660,20
,1410.0,9,4360,3051,4216,4102,3516,3305,13
,4620.0,10,4378,4205,4060,3391,4010,2930,5
,600.0,11,4062,3502,3542,4079,4261,3566,16
,970.0,12,3959,4173,4231,4459,4335,4148,5
,690.0,1,3502,2959,3661,3880,3593,4698,3
,780.0,2,4261,3698,4394,4205,3542,4232,18
,8010.0,3,2930,3893,4062,4360,3959,4705,16
,990.0,4,4335,4265,4378,4475,4173,4739,13
,2420.0,5,3566,4102,3617,3660,4560,3661,2
,8160.0,6,3880,4261,3305,3051,4079,4358,26
,1390.0,7,3516,4360,3698,4060,4698,3796,2
,450.0,8,4148,4394,4475,3666,4459,3593,1
,1430.0,9,3660,4335,3391,2959,3368,3599,3
,430.0,10,3051,4010,4079,4739,4216,3617,11
,2510.0,11,3305,2930,3959,3502,4378,4231,22
,480.0,12,4102,4062,4205,4148,4358,4173,11
,910.0,1,4335,3661,4010,2959,4394,3893,2
,600.0,2,4102,4265,4232,3391,3698,3880,16
,3710.0,3,3566,3666,4205,3542,2930,3660,21
,220.0,4,3959,4739,4216,4062,4475,4698,2
,1210.0,5,4358,4079,4060,3661,4360,3593,7
,640.0,6,4173,4560,3305,4378,4459,3391,19
,1190.0,7,3617,3368,3666,4232,3796,4010,19
,870.0,8,3502,3542,4475,3051,2959,4705,11
,1250.0,9,4148,3599,4231,4060,3893,4216,16
,5680.0,10,4378,3566,3959,3660,3305,4394,16
,240.0,11,4205,2930,4102,3796,3880,4358,2
,1220.0,12,4079,4148,4459,4335,4173,3502,5
,310.0,1,2930,4475,3617,3893,4265,3593,1
,290.0,2,3959,3698,4060,4216,4394,3542,2
,240.0,3,3391,4739,4335,4360,3566,4705,2
,340.0,4,4148,3880,3368,2959,3051,4560,3
,730.0,5,4173,4231,4475,4010,4698,3666,3
,1490.0,6,3305,4459,3661,4062,3617,4265,16
,4570.0,7,3796,3893,4739,4060,4705,4232,7
,1000.0,8,4358,4360,3698,3391,4560,3599,17
,1680.0,9,4231,3368,4062,3051,3593,4698,4
,290.0,10,3566,3796,4173,3959,4459,3880,3
,690.0,11,4335,2930,4394,4358,4148,3305,2
,270.0,12,4079,4205,3660,4378,4102,3502,1
,460.0,4,4320,3392,3282,4310,4600,4855,1
,1300.0,5,3085,3360,3344,4736,3820,3930,5
,1160.0,6,3860,4545,3413,4057,4554,3381,17
,590.0,7,3246,3459,4348,3471,3715,3397,3
,970.0,8,4302,4659,3855,3985,4310,4787,2
,380.0,10,4545,4401,3705,3282,3930,4486,1
,530.0,11,3538,3340,3246,3085,3381,4413,2
,380.0,12,3744,3022,3360,4320,4057,4352,1
,660.0,1,4352,4147,3820,3705,3459,3860,5
,3330.0,2,4401,3715,3397,4320,4732,3392,5
,310.0,3,4486,4348,3022,3413,3985,4855,14
,260.0,4,4057,4545,3414,4643,3855,4787,1
,270.0,5,3282,3744,4147,4554,3935,3340,1
,1560.0,6,3820,4302,4732,4352,3246,3538,10
,330.0,7,3397,3930,4310,3860,4855,4736,8
,920.0,8,4643,3413,3392,3085,3705,3471,16
,470.0,9,4659,3360,4401,4486,3340,3855,1
,640.0,10,4600,3282,4057,3459,4713,4413,11
,1390.0,11,3381,4320,4302,3022,3344,3414,16
,380.0,12,3360,3085,4545,3744,3538,3985,3
,220.0,1,4057,3715,3930,3344,4787,3935,2
,630.0,2,3538,4554,3471,4352,4659,4855,2
,350.0,3,4600,3855,3744,4310,4545,3246,11
,160.0,5,4401,3022,3860,3935,3397,3820,1
,810.0,6,3471,3381,3715,4057,4855,4643,16
,8010.0,7,3705,3344,4554,4147,4310,4732,20
,2530.0,8,4486,4736,3340,3246,3282,4787,6
,560.0,9,4348,4320,3459,3538,3860,4302,6
,1630.0,10,3985,4352,3381,3930,3413,4545,16
,690.0,11,3085,3744,4486,3022,3392,4659,17
,1460.0,12,4320,4600,3360,4401,4643,3282,11
,420.0,1,4545,3340,3705,3860,4732,3413,1
,2080.0,2,4352,3397,4147,4302,4659,4787,21
,2250.0,3,3381,4310,3360,3820,4413,4554,3
,310.0,5,4643,4057,3860,3392,3459,4713,1
,570.0,6,3340,4600,4732,4320,3085,4147,17
,280.0,7,3930,3820,3413,3397,4736,3705,1
,9690.0,8,4302,3935,4659,4401,4348,4855,7
,1070.0,9,3855,4643,3022,3985,4713,3344,1
,570.0,10,3392,3360,4320,4413,4486,3459,12
,1200.0,12,3022,3381,4600,3744,3538,4401,4
,1890.0,1,3360,3860,3855,3935,3397,4732,6
,1530.0,2,3538,3413,3715,4057,4736,4787,19
,32750.0,3,4643,3459,3744,4147,3282,4310,20
,3070.0,4,4320,3705,3085,4486,3985,4855,21
,1530.0,5,4545,3022,3820,4659,3930,4713,19
,2490.0,6,4302,3381,4401,3246,4787,4413,7
,670.0,7,3935,3344,3392,3715,4310,3340,1
,2170.0,8,4600,4147,4736,3985,4855,4554,20
,2820.0,9,4486,4348,4732,3282,4713,4352,4
,6130.0,10,4057,3930,3538,4302,3085,3855,13
,460.0,11,3744,3360,4545,4643,3246,3344,2
,400.0,12,3022,4320,4659,4401,3860,3392,6
,7290.0,1,4352,3413,3340,4554,3935,4855,19
,350.0,3,3985,3344,4486,3459,4401,4736,4
,500.0,5,3381,4352,4310,3413,3860,4348,4
,580.0,6,4643,3085,3397,3246,4713,4413,4
,260.0,7,4659,3340,3392,4736,4855,4732,1
,1680.0,8,4486,4554,3459,3705,4787,3935,4
,800.0,9,3282,4310,3715,4600,4348,4147,1
,650.0,10,4401,3246,4057,3344,3392,3381,1
,350.0,11,3360,3860,3855,4659,4643,3985,1
,780.0,12,3744,4320,3538,3022,4545,3930,2
,260.0,1,4504,4607,4531,3797,2904,3115,2
,5320.0,2,4556,4400,3693,3435,4224,4534,24
,190.0,5,3555,3233,3115,4568,3797,3753,1
,810.0,6,3299,3704,3289,3693,4744,4443,10
,1220.0,7,3664,3667,4511,4607,4531,4736,1
,5210.0,8,3470,4720,4473,3932,4341,4224,12
,1660.0,9,3382,4504,2904,3233,3753,4515,16
,12740.0,10,3604,4045,3299,3076,4534,4510,20
,590.0,11,3997,4568,3790,3664,3780,3992,4
,1340.0,12,3435,3674,3470,4556,3289,3932,16
,1200.0,2,3992,3273,3753,3780,3664,2904,1
,1380.0,3,3604,4443,3674,4534,4556,3704,6
,480.0,4,3577,3115,3382,3790,4504,4531,2
,250.0,5,3932,3289,4548,3299,4720,4473,1
,660.0,6,3273,3747,4515,2904,3555,3667,9
,720.0,7,3693,4341,4534,4400,4045,4801,4
,310.0,8,3233,4736,4607,3997,4568,3797,1
,880.0,9,4443,3076,4556,4510,3470,4548,14
,1110.0,10,3790,4515,3747,3992,4511,3382,15
,4230.0,11,3674,3299,3704,4224,3435,4400,25
,710.0,12,3780,3233,3577,4504,3997,3555,2
,260.0,1,3577,4531,3664,4511,3273,4568,2
,1590.0,2,3289,4400,4045,3435,4801,3693,18
,2740.0,3,4515,3753,3555,3797,3233,4607,12
,740.0,4,3932,4534,4443,4720,4510,4744,1
,5280.0,5,4504,3997,3667,4531,4736,3664,8
,330.0,6,3704,3470,3076,4801,3299,4473,6
,1630.0,7,3797,2904,4568,3753,3115,4511,18
,540.0,8,4556,4548,3604,4744,3693,4341,1
,1060.0,9,3997,3382,4736,3577,4607,3747,16
,5230.0,10,3470,4224,4400,4045,3674,4720,14
,400.0,11,3780,3992,3273,3555,3667,3790,1
,510.0,12,3435,3932,4341,3704,4443,3604,4
,720.0,1,3674,4510,3704,4400,4744,4548,1
,410.0,2,3997,3664,4736,3555,3115,2904,1
,420.0,3,3932,3299,3604,4224,3289,4473,3
,6910.0,4,3780,3382,3790,3992,3577,4568,9
,250.0,5,4556,3435,4443,4045,4801,4534,1
,3760.0,6,3233,4511,4531,3747,4504,4515,11
,1260.0,7,3753,4607,3115,3667,3797,3273,21
,160.0,8,3470,3693,4341,3076,4720,4744,1
,19760.0,9,3747,3997,3555,3382,3992,4531,26
,1300.0,10,4443,4556,4224,3704,3604,3674,10
,240.0,12,3435,4400,4548,3470,3932,3693,3
,680.0,1,4504,3273,3797,3667,4568,3753,4
,1210.0,2,3289,4534,4341,3932,3076,4801,6
,320.0,3,3555,2904,3790,4736,3992,3115,2
,830.0,4,3604,3693,3299,4720,4510,4473,3
,330.0,5,3382,4515,4568,3273,4607,4511,2
,14520.0,7,4224,4045,4510,4534,4801,4744,29
,370.0,8,4515,4341,4736,3076,3790,3299,2
,7010.0,9,3753,3992,3382,3664,3555,3797,20
,1130.0,10,3932,3604,3704,3693,4224,4548,6
,710.0,11,3233,4531,3747,3780,3997,3577,1
,410.0,12,3435,4556,3470,3674,4443,4400,3
,240.0,1,3662,4129,3741,3607,4753,4526,3
,250.0,2,4162,3363,4588,3623,4748,4271,3
,2360.0,3,3680,2883,4403,3687,3857,4693,5
,320.0,4,3534,3904,3752,4675,4263,4747,2
,8880.0,6,3741,3968,4748,4006,3564,3799,15
,340.0,7,3687,3948,4526,3363,4644,4727,1
,670.0,9,2596,3752,3224,4142,3953,4753,8
,1150.0,10,4403,4453,3523,3799,4588,4263,18
,760.0,11,3904,3680,3564,3284,3607,3967,16
,3460.0,12,3623,3534,3662,4357,4006,3857,14
,2290.0,1,3284,3883,4182,4644,4675,4727,5
,2160.0,2,3968,4271,3948,3857,4747,3226,7
,590.0,3,3799,3523,3534,3564,4162,2596,4
,350.0,4,3623,3224,4142,3601,4403,4693,1
,1990.0,5,3967,3662,4644,2883,3687,4753,7
,1270.0,6,3953,4263,4271,4357,4727,3741,18
,770.0,7,3523,4748,4588,4129,4182,3948,5
,2600.0,8,3752,3601,3607,3883,2596,3857,28
,440.0,9,3224,4006,3799,4675,3363,4747,12
,2890.0,11,4263,3623,4526,3662,4453,3904,18
,4770.0,12,4006,3967,3284,3968,3534,4403,16
,2860.0,1,4357,4526,2596,4453,3523,4727,21
,390.0,2,4263,4588,3687,3662,4129,4693,16
,430.0,3,3904,3607,3623,3363,3752,4747,2
,880.0,4,4006,4182,3967,3741,3883,4753,11
,660.0,5,3799,3534,4453,3953,4748,3224,2
,3320.0,7,3607,3687,3226,4271,3601,4675,8
,710.0,8,3680,3741,3363,3968,4753,4644,16
,610.0,9,3948,3799,3662,4403,2883,3953,12
,250.0,10,3284,3564,4006,3904,4693,4142,2
,850.0,11,3968,4357,4129,3623,3967,4748,17
,400.0,12,3534,3680,4162,4263,3857,3752,1
,360.0,2,4403,4675,4182,4006,3224,4588,3
,1660.0,3,3623,2883,3680,3523,3857,4693,5
,2540.0,4,4357,3687,3948,3226,3968,4747,11
,390.0,5,4142,3662,3883,3601,3741,4453,1
,33540.0,6,4182,4263,2596,3752,3363,3564,23
,400.0,7,4271,3953,3224,2883,4727,4753,2
,220.0,8,3967,4644,4675,3284,3226,4129,3
,800.0,9,3601,4142,3904,4748,4747,3857,1
,1600.0,10,4162,3523,4006,4271,3799,3968,21
,4920.0,11,3752,3948,3623,3534,4526,3284,8
,2240.0,12,3662,4403,4357,3967,3904,3680,5
,560.0,1,4006,4129,4748,4453,3948,4753,1
,10650.0,2,3284,3741,3953,3662,4588,4693,21
,1750.0,3,4162,3607,3623,3363,3799,2883,1
,190.0,4,3534,4263,3224,3564,4675,4727,1
,290.0,7,4526,4748,3687,3741,2596,3363,2
,2010.0,8,4142,4453,4588,4263,4644,4747,6
,750.0,9,3680,3953,3564,3607,4753,4357,3
,1600.0,10,3799,3948,3284,3523,4526,3752,6
,1840.0,11,3623,3534,4142,4271,3857,3904,16
,240.0,12,3662,4006,4162,3687,3967,3680,1
,400.0,2,4357,2596,4453,3857,4747,3226,3
,410.0,3,3534,3601,4263,3607,4162,4727,4
,16880.0,4,3284,4182,4675,4526,3953,4693,22
,12810.0,5,3904,3752,2883,4644,4753,3224,21
,1280.0,6,3967,3523,4129,4357,4748,3564,17
,280.0,7,3687,4453,3226,3883,4727,4588,1
,280.0,8,3680,3363,3601,4182,3741,4747,2
,1220.0,10,3523,3904,4142,3967,4526,3857,6
,5750.0,12,3662,3948,4271,3799,4006,3623,30
,690.0,1,4477,3541,4371,4397,4108,4311,3
,1450.0,2,4218,4042,3256,3719,3010,3290,2
,1900.0,3,4292,4025,3919,3909,4112,4350,4
,490.0,4,4544,4337,3960,4084,3908,4290,2
,5300.0,5,3795,4189,4364,3749,4324,3941,12
,1070.0,6,4027,3256,3779,4230,4371,3898,3
,3420.0,7,4083,4259,4477,3622,3909,4205,19
,10900.0,8,3541,3960,3290,3589,4504,3919,27
,2390.0,9,3719,4171,4544,4108,3941,4528,21
,2390.0,10,3779,3749,3908,4448,4350,3251,5
,400.0,11,4042,3795,4337,3898,3622,4308,2
,4960.0,12,3783,2992,4024,4238,4166,4168,24
,1860.0,1,4448,3719,4083,4308,4290,4292,8
,3170.0,2,4171,4084,3589,4337,4218,4024,5
,400.0,3,4364,4504,4027,4166,3290,4230,3
,1620.0,4,3919,3898,3541,4528,4238,4397,21
,2660.0,5,3251,4112,3909,4189,4308,3783,27
,310.0,7,4084,4168,4108,4311,4230,4083,1
,1200.0,8,4259,4544,4238,4292,4027,3779,1
,650.0,9,3908,3251,4504,4324,4024,3795,4
,810.0,10,4166,4528,4448,2992,4477,4189,2
,610.0,11,4168,4364,4205,3783,4397,4218,2
,360.0,12,3960,3941,3622,4350,4042,4371,1
,10730.0,1,3589,4292,4166,3541,3898,3908,26
,490.0,2,4311,4477,4171,4024,3251,3960,1
,470.0,3,4308,4238,3719,4544,3256,4084,1
,5340.0,4,4397,3622,4324,4112,3783,4027,13
,1720.0,5,4371,4230,3898,3779,3749,4504,5
,680.0,6,3290,4083,3941,4259,3541,4337,11
,340.0,7,4528,4350,4218,4168,4544,4108,1
,1240.0,8,4189,4024,3795,4042,3719,3909,2
,330.0,10,4238,3919,3749,3908,3960,4259,1
,1040.0,11,2992,3290,4350,3256,3779,4324,4
,290.0,12,3622,4448,4168,3795,4337,4171,2
,380.0,1,4504,4308,4189,4027,4292,4448,2
,3390.0,2,4230,4397,4528,3290,2992,4364,21
,360.0,3,4108,4205,4042,4083,3919,4544,1
,9800.0,4,4324,4371,4084,4477,3795,3589,9
,960.0,5,3898,3779,3251,4218,4448,3719,5
,2910.0,6,3909,3783,4259,4504,4168,3256,24
,1220.0,7,4112,3908,4308,4364,4171,4042,16
,460.0,8,3749,4166,4397,3941,4083,4477,1
,3140.0,9,4337,4218,4311,3919,4189,2992,6
,330.0,10,4350,4027,4230,4205,3589,3541,3
,1200.0,11,4024,3909,4292,3960,4528,3622,1
,10100.0,12,3941,4108,3783,3251,4084,4238,21
,950.0,1,4027,3541,4337,3256,4259,3749,11
,3480.0,2,4292,3589,3908,3795,4544,4171,12
,2500.0,3,4311,4084,3779,4528,4397,4324,17
,500.0,4,3898,4402,3290,3960,4083,4218,1
,540.0,5,4337,4027,3783,4448,3909,4108,3
,440.0,6,3908,4292,4042,3749,3251,4230,3
,2570.0,7,3779,3795,3541,4171,4324,4259,11
,470.0,8,3960,4311,4544,3589,3290,4528,1
,290.0,9,3783,3256,3898,4402,4042,4448,2
,4410.0,12,2992,4238,3719,4024,3919,4189,16
,830.0,1,3919,3909,4544,4308,4311,4171,4
,2610.0,2,4189,3290,4324,4108,4083,3541,4
,7740.0,3,4477,4397,4230,3779,4218,4112,13
,4140.0,4,4504,4448,4084,4259,3251,3589,19
,300.0,5,4371,4528,4027,4171,4402,3256,1
,590.0,6,4205,4364,4083,4324,4308,3898,3
,270.0,7,4238,3749,4218,3909,3960,4292,1
,330.0,8,3622,4108,3251,3719,4230,4311,1
,410.0,9,4042,4259,4397,3783,4084,3795,1
,490.0,10,4364,3919,4477,4238,4337,3908,3
,1160.0,11,3719,3622,4504,4205,4371,4189,6
,320.0,12,4168,4166,4024,2992,3941,4350,1
,1190.0,1,3574,4628,3122,3926,2838,4674,21
,20060.0,2,4336,3672,4159,3635,3560,3772,25
,330.0,4,3963,3565,3278,4314,4645,4822,2
,1500.0,5,3912,3227,3535,3025,4769,4489,2
,770.0,6,3672,4351,3412,2878,3926,3236,13
,700.0,7,3170,4204,4082,3122,4728,3560,1
,210.0,8,4144,4554,4628,4210,3772,4213,3
,1880.0,9,4314,4159,3912,4674,4468,3535,9
,4160.0,10,4532,4336,3236,4645,4489,4521,13
,5370.0,11,4351,3742,3814,4082,4152,3278,18
,370.0,1,4468,3926,3122,4204,4822,4252,1
,4730.0,2,4152,2838,3025,3963,4213,3170,18
,530.0,3,4645,3560,4521,3535,3574,4769,2
,2010.0,4,3412,3814,4554,4082,4532,4728,2
,230.0,5,2878,3635,3565,4628,3236,4822,6
,730.0,6,3772,4210,4252,3227,3170,3742,3
,290.0,8,4657,3122,2838,4336,3535,4082,3
,6790.0,9,3278,4489,3574,4554,4144,3565,18
,1650.0,10,3814,3772,4213,3635,4351,3912,5
,2330.0,11,4210,3963,3236,4657,4314,4532,17
,6030.0,12,3227,2878,3412,4152,4521,4144,8
,530.0,1,4657,3535,4489,3772,4628,4728,2
,770.0,2,4532,3565,3926,3574,4252,3025,18
,660.0,3,3912,3170,4314,4674,3635,4554,21
,330.0,4,3227,4144,3742,4351,4159,4769,1
,220.0,5,4521,3412,3560,3672,3122,4628,6
,340.0,6,3236,4468,3535,3963,3025,4336,8
,8540.0,7,4082,3772,4674,4252,2838,4822,18
,320.0,8,3278,4213,3912,4489,4728,4159,2
,3480.0,9,4351,3926,4645,3560,2878,3122,7
,730.0,10,4210,3574,3170,3412,3672,4314,3
,250.0,11,3814,4657,3227,4554,4336,4152,1
,1160.0,12,3963,3278,3635,4468,3742,4645,16
,290.0,1,3412,3236,3025,4769,4822,4252,3
,430.0,2,2878,4213,4082,4657,3565,3926,3
,1420.0,3,4152,4489,3963,3170,4371,4674,1
,470.0,4,4468,2838,3227,4521,4210,4628,4
,1040.0,5,4144,4532,3672,3236,4554,4822,2
,1080.0,6,3122,4645,4213,3814,4657,4769,24
,320.0,7,4159,3170,4252,3565,3535,4728,1
,640.0,8,3574,3025,4489,3560,3278,3772,5
,700.0,9,3742,3635,2838,4144,4082,4554,8
,990.0,10,4314,4521,3926,4371,3227,4351,2
,8280.0,11,4336,3412,4152,2878,3963,4210,23
,510.0,12,3635,4468,4532,3574,3912,3814,3
,250.0,1,4371,4554,4674,4728,4082,3672,4
,330.0,2,4645,4628,3122,3635,3535,4159,16
,18760.0,3,3227,4252,3412,2838,3742,4769,24
,280.0,4,3963,4336,4314,3912,4351,4822,3
,1610.0,5,4657,4468,3170,3565,3025,3236,4
,790.0,6,4210,4144,4371,4521,2878,3814,11
,2400.0,7,3926,3772,4628,4213,4489,4728,22
,250.0,8,3278,4674,3672,3742,4769,3122,3
,400.0,1,3963,3672,3025,4252,4728,4822,3
,550.0,2,3227,4082,3236,4314,3170,4769,2
,520.0,3,4645,4489,4532,4213,3278,4554,1
,200.0,4,4371,3912,4657,3565,4144,4628,2
,3960.0,5,3814,4521,3535,3926,4822,4674,11
,2520.0,6,2878,3122,4336,3236,4314,4351,21
,520.0,7,3772,3025,4489,4769,4554,4252,1
,230.0,8,3742,3565,2838,4371,4213,4728,16
,680.0,9,4521,4532,3170,4336,4674,4657,5
,560.0,10,3912,3963,2878,4645,3772,4082,3
,360.0,11,4144,3278,3814,3227,3742,3926,1
,28600.0,12,4468,3635,3412,4210,4152,4159,26
,310.0,1,4427,4607,4416,4679,4491,4817,2
,360.0,2,4437,4442,4736,3257,4672,4749,16
,2270.0,3,4574,4441,3718,4718,4537,4698,11
,190.0,4,3265,4494,4656,4445,4630,4438,1
,940.0,5,3731,4352,4679,4394,4558,4755,3
,830.0,6,4416,3161,4460,4736,4513,4583,12
,2110.0,7,4607,4731,4718,4672,4411,4741,21
,940.0,8,3718,4656,4652,4702,4749,4491,16
,500.0,9,4369,3731,4441,4483,4817,4420,3
,3890.0,10,3081,4437,4513,4457,4445,4496,12
,270.0,11,4494,4574,4442,3161,4543,4471,1
,930.0,12,3257,3265,4352,4427,4460,4537,3
,340.0,1,4537,4736,4457,4416,4755,4394,1
,1690.0,3,4702,4630,3257,4607,4494,4652,13
,280.0,4,4352,4471,4369,4558,4718,4749,1
,220.0,5,3161,4460,4731,4441,4457,4741,1
,2780.0,6,4543,4483,3081,3731,4427,4755,18
,1370.0,7,4442,4491,4411,4652,4698,4817,12
,5400.0,8,4583,4558,4630,4574,4679,4438,13
,590.0,9,4513,4537,4496,4471,4741,4656,6
,13260.0,11,4483,4352,4702,4411,3265,4437,30
,880.0,12,4460,4420,4583,3257,4496,3081,1
,1320.0,1,3265,4679,4607,4656,4442,4441,4
,5200.0,3,4513,4718,4537,4491,3161,4438,9
,210.0,5,3718,4427,4672,4442,4755,4630,1
,2380.0,6,4420,4411,4679,4460,4817,4445,29
,3480.0,7,4736,4652,4718,4607,4731,4558,6
,2500.0,8,4483,4416,4491,4494,4441,4749,21
,430.0,10,4471,3257,4513,3081,4369,4672,6
,1580.0,11,4496,3265,4574,3718,4460,4702,2
,1480.0,12,4352,3731,4445,4537,4437,4494,16
,390.0,1,4574,4442,4411,4731,4438,4736,1
,200.0,2,4494,4457,4652,4537,4755,4741,3
,530.0,3,4445,4558,3257,4607,3161,4749,13
,310.0,4,4460,4369,4420,4483,4698,4583,1
,610.0,6,4679,4471,3081,3731,4352,4755,17
,250.0,7,4394,4491,4558,4817,4741,4438,2
,330.0,8,4702,4441,4457,3718,4607,4718,3
,990.0,9,4437,4652,4442,4698,4513,4416,21
,2240.0,10,4369,4630,4352,4491,3081,4427,14
,1970.0,11,4471,4460,4394,3265,4411,4483,5
,5030.0,12,4537,4702,4496,3257,4420,3731,8
,250.0,1,4460,4718,4416,4652,4679,4630,1
,1120.0,2,4471,4672,4736,4352,4441,4817,1
,300.0,3,3265,4558,3718,4394,4427,4755,2
,490.0,4,4537,4513,4731,4574,4741,4656,2
,250.0,5,3731,3257,4607,4491,4457,4698,6
,400.0,6,4702,4437,4496,4369,4445,3161,3
,2840.0,7,4411,4416,4672,4679,4749,4442,6
,330.0,8,4494,4736,4441,4420,4630,4438,2
,7940.0,9,3081,4496,4718,4483,4817,4583,4
,840.0,10,4574,4471,4394,4702,4369,4513,6
,2290.0,11,3718,3731,3265,4537,4442,4420,19
,240.0,12,3257,4460,4494,3081,4411,4437,1
,250.0,1,3081,4441,4652,4731,4607,4718,1
,200.0,2,3731,4411,4457,4352,4741,4656,3
,2090.0,3,4369,4736,4494,4558,4445,4698,12
,150.0,4,3265,4679,4491,4420,4749,4583,3
,440.0,5,4513,4702,4731,4817,4755,4438,6
,330.0,6,3718,4652,4483,4718,4437,3161,2
,330.0,7,4441,4457,4736,4394,4698,4741,3
,220.0,8,4352,4558,4607,4427,4672,4749,3
,120.0,9,4483,4491,4445,4416,4583,4755,2
,320.0,10,4494,4420,4394,4437,4513,3731,1
,910.0,11,4702,3718,3081,3265,4411,4369,16
