,pred_proba,trans_result,pred,money,true_result,hit,gain
14816,0.00019197949,0,0.0,3170.0,1,0.0,0.0
14817,0.08860559,0,0.0,2120.0,42,0.0,0.0
14818,0.005969475,0,0.0,1870.0,1,0.0,0.0
14819,0.00035036594,0,0.0,1290.0,2,0.0,0.0
14820,1.8740796e-07,0,0.0,5300.0,72,0.0,0.0
14821,0.30893087,0,0.0,820.0,3,0.0,0.0
14822,0.007387854,0,0.0,2000.0,34,0.0,0.0
14823,0.83501005,0,0.0,77020.0,58,0.0,0.0
14824,1.2907594e-05,0,0.0,4360.0,14,0.0,0.0
14825,0.0147771165,0,0.0,3410.0,17,0.0,0.0
14826,5.4312568e-05,0,0.0,2440.0,14,0.0,0.0
14827,0.0012887702,0,0.0,4990.0,79,0.0,0.0
14828,0.25984892,0,0.0,1120.0,22,0.0,0.0
14829,0.00050306437,0,0.0,1980.0,6,0.0,0.0
14830,0.27919453,0,0.0,57530.0,94,0.0,0.0
14831,0.00025628388,0,0.0,4470.0,26,0.0,0.0
14832,0.031966228,0,0.0,5610.0,20,0.0,0.0
14833,0.18067785,0,0.0,3830.0,32,0.0,0.0
14834,0.9912698,0,1.0,38820.0,116,0.0,0.0
14835,0.00041856457,0,0.0,1310.0,57,0.0,0.0
14836,0.9998647,0,1.0,5300.0,81,0.0,0.0
14837,0.985683,0,1.0,31560.0,39,0.0,0.0
14838,0.9326297,0,1.0,890.0,10,0.0,0.0
14839,0.30781478,0,0.0,1760.0,10,0.0,0.0
14840,0.9999764,0,1.0,10390.0,88,0.0,0.0
14841,0.013768882,0,0.0,970.0,82,0.0,0.0
14842,0.13514942,0,0.0,45460.0,79,0.0,0.0
14843,0.0017884602,0,0.0,2980.0,7,0.0,0.0
14844,0.25880727,0,0.0,4480.0,4,0.0,0.0
14845,4.6225728e-06,0,0.0,29970.0,118,0.0,0.0
14846,0.082464285,0,0.0,5760.0,53,0.0,0.0
14847,0.0018421166,0,0.0,1200.0,6,0.0,0.0
14848,0.81366515,0,0.0,4280.0,115,0.0,0.0
14849,0.6021776,0,0.0,3540.0,8,0.0,0.0
14850,0.0025685923,0,0.0,4680.0,44,0.0,0.0
14851,2.5888477e-07,0,0.0,2010.0,62,0.0,0.0
14852,5.1844076e-05,0,0.0,10310.0,68,0.0,0.0
14853,0.7357065,0,0.0,11930.0,78,0.0,0.0
14854,0.58211404,0,0.0,7110.0,99,0.0,0.0
14855,0.0039943284,0,0.0,6700.0,24,0.0,0.0
14856,0.119255885,0,0.0,1300.0,14,0.0,0.0
14857,0.18110707,0,0.0,2220.0,84,0.0,0.0
14858,1.7436585e-05,0,0.0,15260.0,30,0.0,0.0
14859,0.6183251,0,0.0,760.0,6,0.0,0.0
14860,0.00045808725,0,0.0,1750.0,7,0.0,0.0
14861,0.03083785,0,0.0,17790.0,43,0.0,0.0
14862,9.0852217e-07,0,0.0,2590.0,69,0.0,0.0
14863,0.024126526,0,0.0,7190.0,33,0.0,0.0
14864,0.0064331484,0,0.0,6050.0,73,0.0,0.0
14865,0.9996445,0,1.0,1250.0,6,0.0,0.0
14866,0.7588752,0,0.0,11040.0,2,0.0,0.0
14867,0.010669706,0,0.0,820.0,2,0.0,0.0
14868,0.027101872,0,0.0,10010.0,14,0.0,0.0
14869,0.9989498,0,1.0,1090.0,1,0.0,0.0
14870,0.0005204054,0,0.0,11610.0,16,0.0,0.0
14871,0.98759884,0,1.0,1430.0,6,0.0,0.0
14872,0.7453566,0,0.0,24950.0,85,0.0,0.0
14873,0.97217,0,1.0,3110.0,22,0.0,0.0
14874,0.00018735565,0,0.0,8440.0,44,0.0,0.0
14875,6.9260524e-05,0,0.0,2710.0,22,0.0,0.0
14876,0.42363745,0,0.0,7780.0,90,0.0,0.0
14877,0.0038701922,0,0.0,2180.0,51,0.0,0.0
14878,0.9995441,0,1.0,2200.0,7,0.0,0.0
14879,0.6391198,0,0.0,1150.0,2,0.0,0.0
14880,0.2516686,0,0.0,1140.0,18,0.0,0.0
14881,0.99928707,0,1.0,640.0,3,0.0,0.0
14882,0.54397875,0,0.0,1480.0,11,0.0,0.0
14883,0.004570427,0,0.0,1850.0,10,0.0,0.0
14884,0.12684524,0,0.0,5070.0,23,0.0,0.0
14885,0.0018565252,0,0.0,8880.0,23,0.0,0.0
14886,0.009789398,0,0.0,1040.0,11,0.0,0.0
14887,0.007659475,0,0.0,800.0,1,0.0,0.0
14888,0.0075392844,0,0.0,10850.0,33,0.0,0.0
14889,0.0005567354,0,0.0,7340.0,102,0.0,0.0
14890,3.489467e-05,0,0.0,1390.0,21,0.0,0.0
14891,0.038373243,0,0.0,2960.0,109,0.0,0.0
14892,0.99998236,0,1.0,1820.0,7,0.0,0.0
14893,0.9649625,0,1.0,2100.0,5,0.0,0.0
14894,0.12101403,0,0.0,13520.0,51,0.0,0.0
14895,0.34475857,0,0.0,1560.0,4,0.0,0.0
14896,0.011186472,0,0.0,1160.0,5,0.0,0.0
14897,0.51264936,0,0.0,6270.0,71,0.0,0.0
14898,0.5051763,0,0.0,3540.0,94,0.0,0.0
14899,7.9958736e-05,0,0.0,2250.0,9,0.0,0.0
14900,0.9876078,0,1.0,4430.0,27,0.0,0.0
14901,1.1995696e-05,0,0.0,8500.0,102,0.0,0.0
14902,0.9996742,0,1.0,4050.0,8,0.0,0.0
14903,0.9949516,0,1.0,1020.0,2,0.0,0.0
14904,7.190359e-05,0,0.0,690.0,5,0.0,0.0
14905,0.0001934139,0,0.0,4410.0,77,0.0,0.0
14906,0.94476736,0,1.0,5570.0,49,0.0,0.0
14907,0.28584385,1,0.0,3120.0,13,0.0,0.0
14908,0.8924075,0,1.0,4360.0,64,0.0,0.0
14909,7.400218e-05,0,0.0,6790.0,8,0.0,0.0
14910,0.043459274,0,0.0,3000.0,45,0.0,0.0
14911,0.012423276,0,0.0,3310.0,66,0.0,0.0
14912,0.75664914,0,0.0,1200.0,7,0.0,0.0
14913,0.9973738,0,1.0,430.0,2,0.0,0.0
14914,0.98609227,0,1.0,38860.0,95,0.0,0.0
14915,0.0742386,0,0.0,90580.0,111,0.0,0.0
14916,0.9979032,0,1.0,1580.0,10,0.0,0.0
14917,0.40860406,0,0.0,38020.0,99,0.0,0.0
14918,0.13406834,0,0.0,1880.0,10,0.0,0.0
14919,0.003320518,0,0.0,15970.0,47,0.0,0.0
14920,0.024456372,0,0.0,43770.0,118,0.0,0.0
14921,0.0005153831,0,0.0,8020.0,20,0.0,0.0
14922,0.002753614,0,0.0,9640.0,91,0.0,0.0
14923,0.009227196,0,0.0,3470.0,3,0.0,0.0
14924,0.0014676263,0,0.0,8860.0,61,0.0,0.0
14925,0.0003347793,0,0.0,1050.0,22,0.0,0.0
14926,0.30536565,0,0.0,5540.0,84,0.0,0.0
14927,0.95500195,0,1.0,750.0,1,0.0,0.0
14928,0.8064952,1,0.0,5260.0,13,0.0,0.0
14929,0.0040089814,0,0.0,590.0,1,0.0,0.0
14930,0.26060256,0,0.0,8630.0,16,0.0,0.0
14931,7.122164e-05,0,0.0,2270.0,10,0.0,0.0
14932,7.627176e-05,0,0.0,2570.0,5,0.0,0.0
14933,0.6254426,0,0.0,2350.0,113,0.0,0.0
14934,0.007154184,0,0.0,1790.0,70,0.0,0.0
14935,0.14347132,0,0.0,1060.0,2,0.0,0.0
14936,0.98583734,0,1.0,670.0,10,0.0,0.0
14937,0.94009316,0,1.0,670.0,4,0.0,0.0
14938,0.89772606,0,1.0,640.0,14,0.0,0.0
14939,0.00017577808,0,0.0,1440.0,4,0.0,0.0
14940,0.19289547,0,0.0,7470.0,11,0.0,0.0
14941,0.8949507,0,1.0,1320.0,8,0.0,0.0
14942,0.0006632705,0,0.0,580.0,2,0.0,0.0
14943,0.05380931,0,0.0,1630.0,79,0.0,0.0
14944,0.00036119178,0,0.0,1390.0,6,0.0,0.0
14945,0.0020710693,0,0.0,5080.0,49,0.0,0.0
14946,0.97940254,0,1.0,3520.0,103,0.0,0.0
14947,0.18038455,0,0.0,9530.0,8,0.0,0.0
14948,0.9992865,0,1.0,560.0,2,0.0,0.0
14949,0.9373128,0,1.0,780.0,9,0.0,0.0
14950,0.9974802,0,1.0,13890.0,19,0.0,0.0
14951,0.011989505,0,0.0,1050.0,2,0.0,0.0
14952,0.3689557,0,0.0,8470.0,18,0.0,0.0
14953,0.08719384,0,0.0,2050.0,7,0.0,0.0
14954,0.043819226,0,0.0,32620.0,52,0.0,0.0
14955,0.09974173,0,0.0,1320.0,11,0.0,0.0
14956,0.30185005,0,0.0,1380.0,3,0.0,0.0
14957,8.342203e-05,0,0.0,4150.0,55,0.0,0.0
14958,0.031387076,0,0.0,31320.0,35,0.0,0.0
14959,0.21608531,0,0.0,5830.0,108,0.0,0.0
14960,0.9259862,0,1.0,720.0,5,0.0,0.0
14961,0.9282893,0,1.0,3240.0,24,0.0,0.0
14962,0.0020426072,0,0.0,2820.0,33,0.0,0.0
14963,0.99998224,0,1.0,760.0,23,0.0,0.0
14964,0.8011842,1,0.0,1530.0,13,0.0,0.0
14965,0.8596882,0,1.0,2550.0,3,0.0,0.0
14966,0.044168733,0,0.0,1390.0,10,0.0,0.0
14967,0.53644454,0,0.0,7760.0,75,0.0,0.0
14968,0.4670165,0,0.0,4560.0,9,0.0,0.0
14969,0.96883315,0,1.0,9480.0,42,0.0,0.0
14970,0.0015330133,0,0.0,700.0,10,0.0,0.0
14971,0.00018998643,0,0.0,680.0,12,0.0,0.0
14972,2.5965875e-05,0,0.0,18250.0,114,0.0,0.0
14973,0.32782355,0,0.0,2580.0,8,0.0,0.0
14974,0.000541812,0,0.0,37970.0,79,0.0,0.0
14975,0.0019967917,0,0.0,14290.0,93,0.0,0.0
14976,0.025441473,0,0.0,1040.0,2,0.0,0.0
14977,0.26901415,0,0.0,1190.0,11,0.0,0.0
14978,0.02128521,0,0.0,1330.0,9,0.0,0.0
14979,0.0011810812,0,0.0,2110.0,25,0.0,0.0
14980,0.68029577,0,0.0,10270.0,17,0.0,0.0
14981,0.967766,0,1.0,53790.0,44,0.0,0.0
14982,0.6133067,0,0.0,5580.0,23,0.0,0.0
14983,0.9362508,0,1.0,870.0,3,0.0,0.0
14984,9.605451e-05,0,0.0,700.0,8,0.0,0.0
14985,0.0003537939,0,0.0,510.0,1,0.0,0.0
14986,0.99209905,0,1.0,8640.0,49,0.0,0.0
14987,0.9700056,0,1.0,5490.0,43,0.0,0.0
14988,0.99966466,0,1.0,79630.0,90,0.0,0.0
14989,0.34467643,0,0.0,3830.0,43,0.0,0.0
14990,8.39576e-05,0,0.0,8750.0,5,0.0,0.0
14991,0.0018715969,0,0.0,8550.0,102,0.0,0.0
14992,0.0015696925,0,0.0,8180.0,88,0.0,0.0
14993,0.00013221925,0,0.0,1700.0,38,0.0,0.0
14994,0.7750455,0,0.0,9850.0,15,0.0,0.0
14995,0.7686653,0,0.0,1490.0,7,0.0,0.0
14996,0.41522107,0,0.0,22660.0,41,0.0,0.0
14997,0.036512222,0,0.0,13760.0,22,0.0,0.0
14998,0.0010732451,0,0.0,2310.0,6,0.0,0.0
14999,0.4815526,0,0.0,5350.0,82,0.0,0.0
15000,0.48999143,0,0.0,37120.0,30,0.0,0.0
15001,0.8699139,0,1.0,1590.0,5,0.0,0.0
15002,0.00078852137,0,0.0,1950.0,6,0.0,0.0
15003,0.030071804,0,0.0,2490.0,4,0.0,0.0
15004,0.0039066784,0,0.0,1120.0,1,0.0,0.0
15005,0.9484688,0,1.0,2050.0,3,0.0,0.0
15006,0.00026710794,0,0.0,20350.0,111,0.0,0.0
15007,0.17646423,0,0.0,27560.0,82,0.0,0.0
15008,0.0009596833,0,0.0,11040.0,89,0.0,0.0
15009,0.9598911,0,1.0,1200.0,83,0.0,0.0
15010,0.9874778,0,1.0,2320.0,43,0.0,0.0
15011,0.0048303567,0,0.0,720.0,4,0.0,0.0
15012,0.114657745,0,0.0,91600.0,83,0.0,0.0
15013,0.014063489,0,0.0,4370.0,61,0.0,0.0
15014,3.3556624e-08,0,0.0,2970.0,7,0.0,0.0
15015,0.9944642,0,1.0,1920.0,43,0.0,0.0
15016,0.00043662565,0,0.0,8900.0,85,0.0,0.0
15017,0.98426545,0,1.0,680.0,3,0.0,0.0
15018,5.489903e-06,0,0.0,1520.0,90,0.0,0.0
15019,0.007178262,0,0.0,1050.0,1,0.0,0.0
15020,0.05087441,0,0.0,22370.0,21,0.0,0.0
15021,0.305483,0,0.0,640.0,6,0.0,0.0
15022,0.16669087,0,0.0,4110.0,76,0.0,0.0
15023,0.25215545,0,0.0,1980.0,66,0.0,0.0
15024,0.022776656,0,0.0,3420.0,24,0.0,0.0
15025,0.0039934525,0,0.0,960.0,26,0.0,0.0
15026,0.00035317385,0,0.0,4640.0,32,0.0,0.0
15027,0.007564397,0,0.0,580.0,6,0.0,0.0
15028,0.9944799,0,1.0,1340.0,14,0.0,0.0
15029,0.99996316,0,1.0,6310.0,98,0.0,0.0
15030,0.20545456,0,0.0,1960.0,3,0.0,0.0
15031,0.43460017,0,0.0,1550.0,73,0.0,0.0
15032,0.9909134,0,1.0,35170.0,48,0.0,0.0
15033,0.4758182,0,0.0,950.0,7,0.0,0.0
15034,0.00021185726,0,0.0,680.0,67,0.0,0.0
15035,1.3574736e-06,0,0.0,4140.0,58,0.0,0.0
15036,3.4692304e-05,0,0.0,6800.0,56,0.0,0.0
15037,0.009461546,0,0.0,4210.0,1,0.0,0.0
15038,0.9820623,0,1.0,970.0,9,0.0,0.0
15039,0.07831393,0,0.0,5930.0,46,0.0,0.0
15040,0.9983902,0,1.0,10950.0,118,0.0,0.0
15041,0.00015527672,0,0.0,1860.0,45,0.0,0.0
15042,0.0023532473,0,0.0,1990.0,5,0.0,0.0
15043,0.07347685,0,0.0,2630.0,18,0.0,0.0
15044,1.3340455e-06,0,0.0,4460.0,3,0.0,0.0
15045,0.2688186,0,0.0,1590.0,1,0.0,0.0
15046,0.011229106,0,0.0,1230.0,1,0.0,0.0
15047,2.3070203e-05,0,0.0,1810.0,62,0.0,0.0
15048,1.6995446e-06,0,0.0,19410.0,64,0.0,0.0
15049,0.00015640548,0,0.0,2500.0,25,0.0,0.0
15050,0.024334107,0,0.0,52830.0,98,0.0,0.0
15051,0.9945379,0,1.0,4340.0,29,0.0,0.0
15052,0.016614309,1,0.0,1260.0,13,0.0,0.0
15053,0.9259109,0,1.0,16580.0,68,0.0,0.0
15054,0.83720815,0,0.0,3100.0,9,0.0,0.0
15055,0.6930264,0,0.0,1460.0,2,0.0,0.0
15056,0.10163352,0,0.0,1100.0,2,0.0,0.0
15057,0.27227795,0,0.0,3250.0,70,0.0,0.0
15058,0.7746053,0,0.0,1760.0,50,0.0,0.0
15059,2.5003257e-05,0,0.0,3110.0,105,0.0,0.0
15060,0.0049535907,0,0.0,990.0,12,0.0,0.0
15061,0.00509454,0,0.0,400.0,1,0.0,0.0
15062,0.14333707,0,0.0,1710.0,14,0.0,0.0
15063,0.98766744,1,1.0,2460.0,13,1.0,2460.0
15064,0.99598074,0,1.0,660.0,3,0.0,0.0
15065,0.13043322,0,0.0,2510.0,1,0.0,0.0
15066,0.003242494,0,0.0,15620.0,72,0.0,0.0
15067,0.00012602807,0,0.0,660.0,11,0.0,0.0
15068,0.00010621332,0,0.0,3920.0,65,0.0,0.0
15069,0.28091273,0,0.0,2210.0,7,0.0,0.0
15070,2.3276874e-05,0,0.0,19840.0,85,0.0,0.0
15071,5.0307437e-05,0,0.0,4520.0,50,0.0,0.0
15072,0.74524766,0,0.0,790.0,4,0.0,0.0
15073,0.0012625229,0,0.0,600.0,4,0.0,0.0
15074,0.07863632,0,0.0,1210.0,1,0.0,0.0
15075,0.8167267,0,0.0,690.0,7,0.0,0.0
15076,0.9705805,0,1.0,970.0,6,0.0,0.0
15077,0.53311837,0,0.0,7600.0,7,0.0,0.0
15078,0.9021055,0,1.0,4360.0,12,0.0,0.0
15079,2.5162304e-05,0,0.0,11230.0,83,0.0,0.0
15080,0.00012264628,0,0.0,42970.0,115,0.0,0.0
15081,0.49302804,0,0.0,2560.0,54,0.0,0.0
15082,0.0009990181,0,0.0,3140.0,81,0.0,0.0
15083,0.087184824,0,0.0,15950.0,60,0.0,0.0
15084,0.9291005,0,1.0,810.0,7,0.0,0.0
15085,0.0013894367,0,0.0,11700.0,96,0.0,0.0
15086,1.0373392e-06,0,0.0,770.0,25,0.0,0.0
15087,0.7149894,0,0.0,1530.0,48,0.0,0.0
15088,0.008612775,0,0.0,800.0,1,0.0,0.0
15089,0.003130311,0,0.0,4940.0,43,0.0,0.0
15090,0.027883397,0,0.0,2510.0,65,0.0,0.0
15091,0.0094716335,0,0.0,16000.0,98,0.0,0.0
15092,0.055673033,0,0.0,5420.0,30,0.0,0.0
15093,5.298632e-07,0,0.0,1520.0,70,0.0,0.0
15094,0.00024656855,0,0.0,7920.0,24,0.0,0.0
15095,0.99892753,0,1.0,1880.0,14,0.0,0.0
15096,0.9966605,0,1.0,4620.0,104,0.0,0.0
15097,0.9944845,0,1.0,11300.0,88,0.0,0.0
15098,0.017347785,0,0.0,680.0,4,0.0,0.0
15099,0.028564302,0,0.0,1740.0,31,0.0,0.0
15100,0.939115,0,1.0,1220.0,8,0.0,0.0
15101,0.18377207,0,0.0,1390.0,1,0.0,0.0
15102,0.0012736322,0,0.0,2440.0,76,0.0,0.0
15103,0.0018356862,0,0.0,1720.0,31,0.0,0.0
15104,0.00012311991,0,0.0,1650.0,49,0.0,0.0
15105,0.00272084,0,0.0,1540.0,9,0.0,0.0
15106,0.9401081,0,1.0,1640.0,27,0.0,0.0
15107,0.030500537,0,0.0,1040.0,7,0.0,0.0
15108,2.5031054e-06,0,0.0,1410.0,45,0.0,0.0
15109,0.998591,1,1.0,1010.0,13,1.0,1010.0
15110,2.521585e-05,0,0.0,1700.0,10,0.0,0.0
15111,3.7245962e-07,0,0.0,3980.0,61,0.0,0.0
15112,0.959595,0,1.0,5250.0,81,0.0,0.0
15113,0.9021055,0,1.0,10180.0,25,0.0,0.0
15114,1.365994e-06,0,0.0,5290.0,51,0.0,0.0
15115,0.00028214944,0,0.0,940.0,6,0.0,0.0
15116,0.00322303,0,0.0,7270.0,61,0.0,0.0
15117,0.040023427,0,0.0,4770.0,23,0.0,0.0
15118,0.0021497512,0,0.0,2460.0,42,0.0,0.0
15119,0.9931363,0,1.0,1820.0,23,0.0,0.0
15120,6.8925656e-06,0,0.0,2830.0,42,0.0,0.0
15121,0.046514925,0,0.0,11810.0,15,0.0,0.0
15122,0.0005329436,0,0.0,640.0,2,0.0,0.0
15123,0.96235037,0,1.0,12970.0,53,0.0,0.0
15124,0.7323071,0,0.0,6100.0,12,0.0,0.0
15125,0.014085303,0,0.0,1380.0,4,0.0,0.0
15126,0.2606205,0,0.0,820.0,2,0.0,0.0
15127,0.021556294,0,0.0,1330.0,43,0.0,0.0
15128,0.012056317,0,0.0,11070.0,113,0.0,0.0
15129,0.0001057064,0,0.0,3180.0,20,0.0,0.0
15130,0.9999615,0,1.0,1270.0,1,0.0,0.0
15131,0.97019804,0,1.0,1560.0,7,0.0,0.0
15132,0.08094911,0,0.0,15130.0,94,0.0,0.0
15133,5.64375e-06,0,0.0,1100.0,1,0.0,0.0
15134,0.007947609,0,0.0,18180.0,18,0.0,0.0
15135,0.8056973,0,0.0,15810.0,51,0.0,0.0
15136,0.8445002,0,0.0,3610.0,6,0.0,0.0
15137,0.014011002,0,0.0,5640.0,73,0.0,0.0
15138,0.7335786,0,0.0,4590.0,35,0.0,0.0
15139,2.1624954e-05,0,0.0,9880.0,48,0.0,0.0
15140,0.00042108973,0,0.0,1780.0,28,0.0,0.0
15141,0.913027,0,1.0,810.0,1,0.0,0.0
15142,5.463214e-05,0,0.0,1220.0,27,0.0,0.0
15143,0.99978,0,1.0,880.0,81,0.0,0.0
15144,2.9029488e-05,0,0.0,37500.0,71,0.0,0.0
15145,0.9990938,0,1.0,900.0,1,0.0,0.0
15146,0.8279451,0,0.0,36100.0,72,0.0,0.0
15147,0.0007386389,0,0.0,2070.0,21,0.0,0.0
15148,0.05884558,0,0.0,1280.0,61,0.0,0.0
15149,0.005585622,0,0.0,10610.0,50,0.0,0.0
15150,0.8795371,0,1.0,11580.0,9,0.0,0.0
15151,0.0022905348,0,0.0,2870.0,41,0.0,0.0
15152,0.00054258876,0,0.0,1990.0,30,0.0,0.0
15153,0.0010489428,0,0.0,3060.0,8,0.0,0.0
15154,0.9934436,0,1.0,1950.0,2,0.0,0.0
15155,0.9912422,0,1.0,1240.0,11,0.0,0.0
15156,0.0035647675,0,0.0,2440.0,3,0.0,0.0
15157,0.99996495,0,1.0,3350.0,14,0.0,0.0
15158,0.09076917,0,0.0,2830.0,7,0.0,0.0
15159,5.362683e-06,0,0.0,31850.0,93,0.0,0.0
15160,0.20044263,0,0.0,1580.0,6,0.0,0.0
15161,6.912682e-07,0,0.0,7920.0,66,0.0,0.0
15162,0.0064396188,0,0.0,8720.0,23,0.0,0.0
15163,3.181353e-07,0,0.0,1370.0,49,0.0,0.0
15164,0.098217085,0,0.0,850.0,17,0.0,0.0
15165,0.90379524,0,1.0,1130.0,8,0.0,0.0
15166,0.14965811,0,0.0,1470.0,103,0.0,0.0
15167,0.7879057,0,0.0,780.0,16,0.0,0.0
15168,0.002314111,0,0.0,580.0,1,0.0,0.0
15169,0.2448268,0,0.0,890.0,6,0.0,0.0
15170,0.998139,0,1.0,1540.0,3,0.0,0.0
15171,0.015411103,0,0.0,3400.0,7,0.0,0.0
15172,0.4451398,0,0.0,5050.0,101,0.0,0.0
15173,0.00017488969,0,0.0,12080.0,14,0.0,0.0
15174,8.001701e-05,0,0.0,1440.0,21,0.0,0.0
15175,5.3953095e-06,0,0.0,830.0,25,0.0,0.0
15176,0.010143234,0,0.0,2230.0,17,0.0,0.0
15177,0.1213109,0,0.0,2000.0,4,0.0,0.0
15178,0.99956554,1,1.0,410.0,13,1.0,410.0
15179,0.00013301466,0,0.0,2730.0,69,0.0,0.0
15180,0.024155077,0,0.0,15620.0,66,0.0,0.0
15181,0.5485255,0,0.0,2650.0,21,0.0,0.0
15182,0.9769895,0,1.0,1730.0,11,0.0,0.0
15183,0.013789885,0,0.0,12890.0,43,0.0,0.0
15184,0.6039668,0,0.0,1880.0,98,0.0,0.0
15185,0.005299273,0,0.0,3130.0,32,0.0,0.0
15186,0.948322,0,1.0,4530.0,1,0.0,0.0
15187,0.99762696,0,1.0,770.0,17,0.0,0.0
15188,0.023175832,0,0.0,4710.0,19,0.0,0.0
15189,0.9952247,0,1.0,3300.0,82,0.0,0.0
15190,0.73916376,0,0.0,490.0,1,0.0,0.0
15191,0.04658371,0,0.0,5380.0,16,0.0,0.0
15192,0.007431851,0,0.0,600.0,1,0.0,0.0
15193,0.13971686,0,0.0,1910.0,17,0.0,0.0
15194,8.847773e-05,0,0.0,6010.0,74,0.0,0.0
15195,0.00083636405,0,0.0,8800.0,50,0.0,0.0
15196,0.9043631,0,1.0,13520.0,93,0.0,0.0
15197,0.99083006,0,1.0,1430.0,5,0.0,0.0
15198,1.1823759e-06,0,0.0,4190.0,64,0.0,0.0
15199,0.62135446,0,0.0,350.0,2,0.0,0.0
15200,0.98383635,0,1.0,8220.0,96,0.0,0.0
15201,0.0010447373,0,0.0,2390.0,49,0.0,0.0
15202,0.071931235,0,0.0,2260.0,4,0.0,0.0
15203,0.02667389,0,0.0,470.0,2,0.0,0.0
15204,0.15423001,0,0.0,920.0,6,0.0,0.0
15205,0.045986917,0,0.0,2080.0,4,0.0,0.0
15206,0.9045791,0,1.0,1660.0,6,0.0,0.0
15207,0.99634403,0,1.0,8040.0,23,0.0,0.0
15208,0.09488466,0,0.0,17000.0,47,0.0,0.0
15209,0.0016689586,0,0.0,71720.0,90,0.0,0.0
15210,0.054658573,0,0.0,17010.0,65,0.0,0.0
15211,0.034323696,0,0.0,820.0,2,0.0,0.0
15212,0.8221648,0,0.0,830.0,2,0.0,0.0
15213,0.9932876,0,1.0,1530.0,43,0.0,0.0
15214,0.026508266,0,0.0,2870.0,8,0.0,0.0
15215,0.7593506,0,0.0,3030.0,14,0.0,0.0
15216,0.99735606,0,1.0,11380.0,84,0.0,0.0
15217,0.999982,0,1.0,2210.0,5,0.0,0.0
15218,0.361132,0,0.0,13170.0,60,0.0,0.0
15219,0.86452717,0,1.0,1800.0,1,0.0,0.0
15220,0.8414935,0,0.0,50990.0,114,0.0,0.0
15221,0.67445064,0,0.0,2320.0,9,0.0,0.0
15222,0.989045,1,1.0,4750.0,13,1.0,4750.0
15223,0.15120608,0,0.0,2220.0,26,0.0,0.0
15224,0.7865974,0,0.0,2560.0,14,0.0,0.0
15225,0.10203024,0,0.0,2810.0,6,0.0,0.0
15226,0.022500783,0,0.0,1970.0,3,0.0,0.0
15227,0.8981053,0,1.0,12880.0,72,0.0,0.0
15228,0.8422859,0,0.0,3860.0,44,0.0,0.0
15229,3.1366595e-05,0,0.0,1070.0,11,0.0,0.0
15230,0.9725329,0,1.0,1370.0,5,0.0,0.0
15231,0.20450124,0,0.0,1470.0,17,0.0,0.0
15232,0.56492406,0,0.0,74640.0,77,0.0,0.0
15233,0.8931344,0,1.0,9740.0,15,0.0,0.0
15234,0.9769059,0,1.0,23660.0,94,0.0,0.0
15235,0.56318206,0,0.0,2710.0,11,0.0,0.0
15236,0.8953507,0,1.0,1140.0,8,0.0,0.0
15237,0.013363526,0,0.0,13010.0,46,0.0,0.0
15238,0.21303514,0,0.0,840.0,2,0.0,0.0
15239,0.97289646,0,1.0,32040.0,93,0.0,0.0
15240,0.6496718,0,0.0,3390.0,43,0.0,0.0
15241,0.27702904,0,0.0,30890.0,109,0.0,0.0
15242,0.9973539,0,1.0,37710.0,45,0.0,0.0
15243,0.9992812,0,1.0,2280.0,11,0.0,0.0
15244,0.005624987,0,0.0,20660.0,17,0.0,0.0
15245,0.99458176,0,1.0,16000.0,38,0.0,0.0
15246,0.021225305,0,0.0,1400.0,1,0.0,0.0
15247,0.8490198,0,0.0,990.0,1,0.0,0.0
15248,0.99504375,0,1.0,1990.0,6,0.0,0.0
15249,0.97716296,0,1.0,3020.0,15,0.0,0.0
15250,0.03381388,0,0.0,1240.0,1,0.0,0.0
15251,0.14183138,0,0.0,5620.0,41,0.0,0.0
15252,0.52277744,0,0.0,15680.0,46,0.0,0.0
15253,0.97505546,0,1.0,28660.0,55,0.0,0.0
15254,0.43992206,0,0.0,4140.0,8,0.0,0.0
15255,0.64282817,0,0.0,1090.0,2,0.0,0.0
15256,0.9986216,0,1.0,2550.0,11,0.0,0.0
15257,0.0010914287,0,0.0,3240.0,9,0.0,0.0
15258,0.24562515,0,0.0,4930.0,21,0.0,0.0
15259,0.7373361,0,0.0,730.0,1,0.0,0.0
15260,0.10235616,0,0.0,8050.0,33,0.0,0.0
15261,0.0034833264,0,0.0,6430.0,18,0.0,0.0
15262,0.12437169,0,0.0,17950.0,55,0.0,0.0
15263,0.39821962,0,0.0,8010.0,50,0.0,0.0
15264,0.99969435,0,1.0,1540.0,2,0.0,0.0
15265,0.038002245,0,0.0,12410.0,64,0.0,0.0
15266,7.5336775e-06,0,0.0,1000.0,9,0.0,0.0
15267,0.8729384,0,1.0,1700.0,5,0.0,0.0
15268,0.47174886,0,0.0,1620.0,6,0.0,0.0
15269,0.015091604,0,0.0,940.0,1,0.0,0.0
15270,4.585219e-05,0,0.0,730.0,1,0.0,0.0
15271,0.012726152,0,0.0,9580.0,25,0.0,0.0
15272,0.032896522,0,0.0,4140.0,39,0.0,0.0
15273,0.010053559,0,0.0,6270.0,61,0.0,0.0
15274,0.09675225,0,0.0,8630.0,44,0.0,0.0
15275,0.0072865933,0,0.0,10660.0,63,0.0,0.0
15276,0.8909731,0,1.0,930.0,5,0.0,0.0
15277,0.0011660957,0,0.0,21710.0,71,0.0,0.0
15278,0.9999877,0,1.0,1050.0,3,0.0,0.0
15279,0.013864001,0,0.0,10910.0,43,0.0,0.0
15280,0.61503375,0,0.0,1160.0,1,0.0,0.0
15281,0.009688862,0,0.0,11750.0,43,0.0,0.0
15282,3.174168e-05,0,0.0,7930.0,95,0.0,0.0
15283,0.002812055,0,0.0,14080.0,72,0.0,0.0
15284,7.773554e-06,0,0.0,7750.0,26,0.0,0.0
15285,0.9310146,0,1.0,7450.0,35,0.0,0.0
15286,0.05929363,0,0.0,12280.0,42,0.0,0.0
15287,0.015359188,0,0.0,1630.0,1,0.0,0.0
15288,0.9997274,0,1.0,38810.0,17,0.0,0.0
15289,9.300885e-07,0,0.0,1720.0,22,0.0,0.0
15290,0.7863137,0,0.0,10690.0,67,0.0,0.0
15291,0.00560224,0,0.0,950.0,2,0.0,0.0
15292,0.02203337,0,0.0,1150.0,5,0.0,0.0
15293,0.0071960157,0,0.0,3180.0,76,0.0,0.0
15294,0.00066085893,0,0.0,11500.0,113,0.0,0.0
15295,0.02467944,0,0.0,4550.0,10,0.0,0.0
15296,0.97768265,0,1.0,2910.0,1,0.0,0.0
15297,0.9954856,0,1.0,2000.0,10,0.0,0.0
15298,0.34797648,0,0.0,7900.0,19,0.0,0.0
15299,0.0005198982,0,0.0,5750.0,75,0.0,0.0
15300,0.0008982423,0,0.0,1260.0,3,0.0,0.0
15301,0.90827566,0,1.0,5800.0,41,0.0,0.0
15302,0.0021135563,0,0.0,8300.0,42,0.0,0.0
15303,0.0001990117,0,0.0,9000.0,106,0.0,0.0
15304,0.013680466,0,0.0,9140.0,47,0.0,0.0
15305,0.35808167,0,0.0,9390.0,55,0.0,0.0
15306,0.014554737,0,0.0,1630.0,17,0.0,0.0
15307,3.834839e-06,0,0.0,370.0,1,0.0,0.0
15308,0.99925905,0,1.0,790.0,11,0.0,0.0
15309,0.06912234,0,0.0,4110.0,9,0.0,0.0
15310,0.00019868257,0,0.0,1780.0,10,0.0,0.0
15311,0.97887814,0,1.0,17360.0,66,0.0,0.0
15312,1.8975912e-05,0,0.0,1060.0,6,0.0,0.0
15313,0.005361793,0,0.0,9670.0,20,0.0,0.0
15314,1.3772354e-06,0,0.0,23540.0,56,0.0,0.0
15315,0.29536164,0,0.0,13460.0,47,0.0,0.0
15316,0.05000383,0,0.0,970.0,5,0.0,0.0
15317,0.9785034,0,1.0,1590.0,20,0.0,0.0
15318,0.9986161,0,1.0,3930.0,6,0.0,0.0
15319,0.026181629,0,0.0,1110.0,22,0.0,0.0
15320,0.7682467,0,0.0,6750.0,19,0.0,0.0
15321,0.9989524,0,1.0,17530.0,83,0.0,0.0
15322,0.9971148,0,1.0,36980.0,47,0.0,0.0
15323,0.2792963,0,0.0,1310.0,7,0.0,0.0
15324,0.9948372,1,1.0,1820.0,13,1.0,1820.0
15325,0.023444256,0,0.0,1850.0,62,0.0,0.0
15326,5.2478106e-07,0,0.0,3410.0,21,0.0,0.0
15327,2.0725985e-05,0,0.0,1350.0,25,0.0,0.0
15328,0.59483737,0,0.0,12490.0,103,0.0,0.0
15329,0.0040633343,0,0.0,3220.0,18,0.0,0.0
15330,0.0011367953,0,0.0,420.0,5,0.0,0.0
15331,0.024573049,0,0.0,2060.0,17,0.0,0.0
15332,0.073468715,0,0.0,1530.0,9,0.0,0.0
15333,0.0003838046,0,0.0,28220.0,93,0.0,0.0
15334,0.999199,0,1.0,770.0,5,0.0,0.0
15335,0.93126893,1,1.0,6020.0,13,1.0,6020.0
15336,7.628281e-05,0,0.0,750.0,10,0.0,0.0
15337,0.000602305,0,0.0,43900.0,85,0.0,0.0
15338,0.029173654,0,0.0,16520.0,35,0.0,0.0
15339,0.0050449115,0,0.0,19640.0,30,0.0,0.0
15340,8.396921e-05,0,0.0,1970.0,6,0.0,0.0
15341,0.10074188,0,0.0,1160.0,5,0.0,0.0
15342,0.0007839332,0,0.0,9310.0,52,0.0,0.0
15343,0.9997805,0,1.0,2110.0,81,0.0,0.0
15344,0.00041749622,0,0.0,10640.0,15,0.0,0.0
15345,0.46298784,0,0.0,24170.0,87,0.0,0.0
15346,0.009307128,0,0.0,2800.0,4,0.0,0.0
15347,0.010369419,0,0.0,5500.0,19,0.0,0.0
15348,0.008101145,0,0.0,2600.0,74,0.0,0.0
15349,0.0038766505,0,0.0,2910.0,30,0.0,0.0
15350,0.00018533508,0,0.0,16700.0,56,0.0,0.0
15351,0.9436184,0,1.0,2700.0,35,0.0,0.0
15352,0.0017904881,0,0.0,2350.0,15,0.0,0.0
15353,0.00058210525,0,0.0,4910.0,22,0.0,0.0
15354,0.0051724794,0,0.0,3390.0,12,0.0,0.0
15355,0.9945017,0,1.0,25880.0,24,0.0,0.0
15356,0.020161549,0,0.0,2110.0,9,0.0,0.0
15357,1.4847476e-06,0,0.0,800.0,1,0.0,0.0
15358,0.9946503,0,1.0,19770.0,83,0.0,0.0
15359,0.5919343,0,0.0,4600.0,9,0.0,0.0
15360,0.0036640756,0,0.0,1940.0,79,0.0,0.0
15361,0.002734179,0,0.0,1470.0,3,0.0,0.0
15362,0.017819187,0,0.0,3890.0,63,0.0,0.0
15363,0.0022377751,0,0.0,24600.0,25,0.0,0.0
15364,0.00015870611,0,0.0,970.0,1,0.0,0.0
15365,2.9136574e-05,0,0.0,700.0,9,0.0,0.0
15366,0.9929183,0,1.0,31120.0,54,0.0,0.0
15367,0.0002444511,0,0.0,960.0,2,0.0,0.0
15368,0.15127447,0,0.0,7100.0,41,0.0,0.0
15369,0.0072005824,0,0.0,1790.0,3,0.0,0.0
15370,0.0553111,0,0.0,2400.0,8,0.0,0.0
15371,0.26408195,0,0.0,2620.0,5,0.0,0.0
15372,0.020441102,0,0.0,2870.0,41,0.0,0.0
15373,4.397413e-05,0,0.0,9170.0,46,0.0,0.0
15374,0.00057752203,0,0.0,3920.0,32,0.0,0.0
15375,0.95419806,0,1.0,2900.0,15,0.0,0.0
15376,0.72093296,0,0.0,1830.0,7,0.0,0.0
15377,0.00013594286,0,0.0,440.0,6,0.0,0.0
15378,0.9999366,0,1.0,1110.0,1,0.0,0.0
15379,0.67766833,0,0.0,2090.0,12,0.0,0.0
15380,0.042630605,0,0.0,2240.0,8,0.0,0.0
15381,0.19154993,0,0.0,1290.0,4,0.0,0.0
15382,0.008315456,0,0.0,10280.0,71,0.0,0.0
15383,0.0015383932,0,0.0,15890.0,33,0.0,0.0
15384,0.0006237913,0,0.0,2220.0,21,0.0,0.0
15385,0.005917814,0,0.0,42700.0,90,0.0,0.0
15386,0.0014155046,0,0.0,4720.0,27,0.0,0.0
15387,0.46080437,0,0.0,8770.0,54,0.0,0.0
15388,0.00040167704,0,0.0,2070.0,18,0.0,0.0
15389,0.9937063,0,1.0,1260.0,1,0.0,0.0
15390,0.99228436,0,1.0,1430.0,14,0.0,0.0
15391,0.010032567,0,0.0,1200.0,1,0.0,0.0
15392,0.95221734,0,1.0,1330.0,9,0.0,0.0
15393,3.554604e-07,0,0.0,900.0,5,0.0,0.0
15394,0.21612227,0,0.0,1320.0,9,0.0,0.0
15395,0.032418977,0,0.0,1910.0,11,0.0,0.0
15396,0.97431755,0,1.0,3300.0,22,0.0,0.0
15397,0.00036726973,0,0.0,3560.0,65,0.0,0.0
15398,8.954808e-05,0,0.0,1940.0,25,0.0,0.0
15399,0.08412049,0,0.0,3930.0,4,0.0,0.0
15400,5.4379783e-05,0,0.0,10790.0,8,0.0,0.0
15401,0.9998449,0,1.0,870.0,3,0.0,0.0
15402,0.6191363,0,0.0,1920.0,84,0.0,0.0
15403,0.06419832,0,0.0,2390.0,21,0.0,0.0
15404,0.24049881,0,0.0,5100.0,15,0.0,0.0
15405,0.0039003487,0,0.0,13960.0,49,0.0,0.0
15406,0.27428186,0,0.0,7350.0,68,0.0,0.0
15407,0.0033620333,0,0.0,1980.0,65,0.0,0.0
15408,0.0020605756,0,0.0,1450.0,26,0.0,0.0
15409,0.00016376784,0,0.0,2190.0,32,0.0,0.0
15410,1.5601861e-05,0,0.0,3520.0,46,0.0,0.0
15411,0.807947,0,0.0,1000.0,10,0.0,0.0
15412,0.72264284,0,0.0,350.0,3,0.0,0.0
15413,0.9991186,0,1.0,4320.0,93,0.0,0.0
15414,0.9999598,0,1.0,50900.0,43,0.0,0.0
15415,0.15117678,0,0.0,510.0,1,0.0,0.0
15416,0.801269,0,0.0,3960.0,61,0.0,0.0
15417,0.9179023,0,1.0,1870.0,7,0.0,0.0
15418,0.00047734467,0,0.0,2380.0,69,0.0,0.0
15419,0.51130944,0,0.0,1110.0,4,0.0,0.0
15420,0.94981325,0,1.0,6020.0,90,0.0,0.0
15421,0.62373894,0,0.0,20310.0,99,0.0,0.0
15422,0.8406771,0,0.0,19500.0,50,0.0,0.0
15423,0.000284964,0,0.0,1330.0,5,0.0,0.0
15424,0.00035697114,0,0.0,500.0,6,0.0,0.0
15425,0.99677616,0,1.0,2140.0,7,0.0,0.0
15426,0.07232703,0,0.0,13680.0,85,0.0,0.0
15427,0.00016423024,0,0.0,4450.0,68,0.0,0.0
15428,0.85156506,0,1.0,4230.0,102,0.0,0.0
15429,0.85782,0,1.0,39080.0,71,0.0,0.0
15430,0.00090037374,0,0.0,1510.0,51,0.0,0.0
15431,0.9926098,0,1.0,1820.0,27,0.0,0.0
15432,0.8651222,0,1.0,750.0,7,0.0,0.0
15433,0.00018151135,0,0.0,640.0,8,0.0,0.0
15434,0.30702835,0,0.0,4340.0,17,0.0,0.0
15435,0.8805699,0,1.0,2950.0,36,0.0,0.0
15436,0.99991655,0,1.0,650.0,3,0.0,0.0
15437,0.9162601,0,1.0,2130.0,10,0.0,0.0
15438,0.97394437,0,1.0,10460.0,68,0.0,0.0
15439,0.03159556,0,0.0,920.0,2,0.0,0.0
15440,0.066306405,1,0.0,5400.0,13,0.0,0.0
15441,0.9327071,0,1.0,33490.0,44,0.0,0.0
15442,0.70087653,0,0.0,770.0,8,0.0,0.0
15443,0.013690849,0,0.0,1180.0,1,0.0,0.0
15444,0.61694896,0,0.0,2990.0,55,0.0,0.0
15445,0.0067796106,0,0.0,2440.0,21,0.0,0.0
15446,0.9973117,0,1.0,7420.0,101,0.0,0.0
15447,0.9999752,1,1.0,830.0,13,1.0,830.0
15448,0.07096683,0,0.0,4970.0,25,0.0,0.0
15449,0.124603726,0,0.0,820.0,5,0.0,0.0
15450,0.980749,0,1.0,1260.0,10,0.0,0.0
15451,0.99432606,0,1.0,3500.0,82,0.0,0.0
15452,0.004468361,0,0.0,1200.0,10,0.0,0.0
15453,0.13349412,0,0.0,1240.0,2,0.0,0.0
15454,0.03265974,0,0.0,640.0,1,0.0,0.0
15455,0.0009353158,0,0.0,21910.0,103,0.0,0.0
15456,0.2872661,0,0.0,1040.0,6,0.0,0.0
15457,0.9905353,0,1.0,770.0,3,0.0,0.0
15458,0.9043683,0,1.0,930.0,5,0.0,0.0
15459,0.006878104,1,0.0,4320.0,13,0.0,0.0
15460,0.10246102,0,0.0,530.0,1,0.0,0.0
15461,0.029435864,0,0.0,660.0,1,0.0,0.0
15462,0.007818503,0,0.0,1210.0,10,0.0,0.0
15463,0.002429633,0,0.0,17020.0,70,0.0,0.0
15464,0.017284919,0,0.0,1950.0,7,0.0,0.0
15465,7.5913313e-06,0,0.0,6220.0,46,0.0,0.0
15466,0.92215115,0,1.0,9630.0,43,0.0,0.0
15467,0.9999993,0,1.0,840.0,14,0.0,0.0
15468,0.9548606,0,1.0,10900.0,70,0.0,0.0
15469,0.9410428,0,1.0,2310.0,10,0.0,0.0
15470,0.0014784939,0,0.0,18140.0,46,0.0,0.0
15471,0.00019161757,0,0.0,2040.0,70,0.0,0.0
15472,0.015412384,0,0.0,1350.0,37,0.0,0.0
15473,7.901469e-08,0,0.0,1640.0,25,0.0,0.0
15474,0.99730515,1,1.0,1860.0,13,1.0,1860.0
15475,0.07830068,0,0.0,1580.0,6,0.0,0.0
15476,3.2717304e-05,0,0.0,12410.0,111,0.0,0.0
15477,0.9997118,0,1.0,810.0,81,0.0,0.0
15478,0.658777,0,0.0,7470.0,4,0.0,0.0
15479,0.1601466,0,0.0,520.0,7,0.0,0.0
15480,0.2919243,0,0.0,1630.0,14,0.0,0.0
15481,0.83957344,0,0.0,1080.0,5,0.0,0.0
15482,7.1388854e-07,0,0.0,2910.0,30,0.0,0.0
15483,0.9917497,0,1.0,1820.0,75,0.0,0.0
15484,0.020958072,0,0.0,4930.0,68,0.0,0.0
15485,2.5941545e-05,0,0.0,2660.0,41,0.0,0.0
15486,0.008885462,0,0.0,3610.0,32,0.0,0.0
15487,0.944719,0,1.0,5870.0,65,0.0,0.0
15488,0.7515824,0,0.0,1460.0,99,0.0,0.0
15489,0.848068,0,0.0,44940.0,119,0.0,0.0
15490,0.00023599112,0,0.0,4950.0,3,0.0,0.0
15491,0.99453175,0,1.0,420.0,3,0.0,0.0
15492,0.77818936,0,0.0,540.0,2,0.0,0.0
15493,0.9997224,0,1.0,2230.0,24,0.0,0.0
15494,0.0034976548,0,0.0,2990.0,93,0.0,0.0
15495,1.3449724e-07,0,0.0,2300.0,48,0.0,0.0
15496,4.581935e-06,0,0.0,1140.0,38,0.0,0.0
15497,0.046423513,0,0.0,460.0,18,0.0,0.0
15498,0.0006242573,0,0.0,550.0,1,0.0,0.0
15499,0.99610496,1,1.0,3210.0,13,1.0,3210.0
15500,0.9798784,1,1.0,2020.0,13,1.0,2020.0
15501,0.9999701,0,1.0,430.0,3,0.0,0.0
15502,0.9628311,0,1.0,950.0,11,0.0,0.0
15503,0.9736223,0,1.0,920.0,1,0.0,0.0
15504,0.65172035,0,0.0,85730.0,110,0.0,0.0
15505,6.202157e-06,0,0.0,5950.0,26,0.0,0.0
15506,0.42801502,0,0.0,2660.0,7,0.0,0.0
15507,0.00026174448,0,0.0,3140.0,12,0.0,0.0
15508,0.85935503,0,1.0,20420.0,63,0.0,0.0
15509,0.9991425,0,1.0,1630.0,1,0.0,0.0
15510,0.9775153,0,1.0,550.0,1,0.0,0.0
15511,0.9999976,0,1.0,22690.0,91,0.0,0.0
15512,0.9785442,0,1.0,31710.0,103,0.0,0.0
15513,0.092818834,0,0.0,2120.0,9,0.0,0.0
15514,0.0071837585,0,0.0,700.0,5,0.0,0.0
15515,0.76084626,0,0.0,4960.0,19,0.0,0.0
15516,0.44638577,0,0.0,6150.0,2,0.0,0.0
15517,0.004890239,0,0.0,1210.0,2,0.0,0.0
15518,0.0008331752,0,0.0,4520.0,109,0.0,0.0
15519,0.4501651,0,0.0,630.0,1,0.0,0.0
15520,0.9985703,0,1.0,520.0,3,0.0,0.0
15521,0.42756045,0,0.0,1460.0,7,0.0,0.0
15522,0.9508706,0,1.0,960.0,1,0.0,0.0
15523,0.8572763,0,1.0,970.0,5,0.0,0.0
15524,0.022661742,0,0.0,8120.0,17,0.0,0.0
15525,0.9824982,0,1.0,1900.0,61,0.0,0.0
15526,0.04695399,0,0.0,6250.0,37,0.0,0.0
15527,9.3232813e-07,0,0.0,1840.0,50,0.0,0.0
15528,0.0001716761,0,0.0,1580.0,6,0.0,0.0
15529,7.583704e-06,0,0.0,2700.0,26,0.0,0.0
15530,0.9993882,0,1.0,750.0,5,0.0,0.0
15531,0.0012477475,0,0.0,690.0,22,0.0,0.0
15532,0.41422272,0,0.0,7550.0,1,0.0,0.0
15533,0.2712072,0,0.0,3590.0,41,0.0,0.0
15534,0.9861924,0,1.0,1090.0,3,0.0,0.0
15535,0.0038891346,0,0.0,920.0,7,0.0,0.0
15536,0.03357232,0,0.0,4290.0,17,0.0,0.0
15537,0.010334393,0,0.0,1930.0,74,0.0,0.0
15538,3.7406326e-06,0,0.0,1530.0,50,0.0,0.0
15539,1.3586767e-06,0,0.0,13740.0,59,0.0,0.0
15540,7.6214244e-05,0,0.0,3790.0,18,0.0,0.0
15541,7.0784745e-07,0,0.0,2380.0,24,0.0,0.0
15542,0.020086724,0,0.0,1060.0,11,0.0,0.0
15543,0.043618273,0,0.0,2490.0,17,0.0,0.0
15544,0.9967055,0,1.0,1220.0,82,0.0,0.0
15545,0.68934506,0,0.0,2860.0,65,0.0,0.0
15546,0.010778663,0,0.0,10690.0,113,0.0,0.0
15547,0.009933576,0,0.0,2440.0,7,0.0,0.0
15548,0.005068138,0,0.0,670.0,1,0.0,0.0
15549,0.0001564262,0,0.0,1820.0,65,0.0,0.0
15550,1.8480305e-05,0,0.0,3980.0,8,0.0,0.0
15551,0.66650075,0,0.0,2340.0,44,0.0,0.0
15552,0.35885087,0,0.0,16760.0,118,0.0,0.0
15553,0.006491879,0,0.0,6060.0,88,0.0,0.0
15554,0.00027966118,0,0.0,790.0,10,0.0,0.0
15555,0.88966125,0,1.0,6890.0,92,0.0,0.0
15556,0.99894935,0,1.0,1760.0,6,0.0,0.0
15557,0.6634898,0,0.0,930.0,19,0.0,0.0
15558,0.9975178,0,1.0,9830.0,47,0.0,0.0
15559,0.37663868,0,0.0,15430.0,58,0.0,0.0
15560,1.8638038e-05,0,0.0,1730.0,5,0.0,0.0
15561,1.5802669e-05,0,0.0,2730.0,66,0.0,0.0
15562,0.15906931,0,0.0,1340.0,30,0.0,0.0
15563,0.09064534,0,0.0,23470.0,84,0.0,0.0
15564,0.1316506,0,0.0,1310.0,67,0.0,0.0
15565,0.6429679,0,0.0,5170.0,100,0.0,0.0
15566,0.9919275,0,1.0,1450.0,6,0.0,0.0
15567,0.6841346,0,0.0,1760.0,15,0.0,0.0
15568,0.9473532,0,1.0,1410.0,2,0.0,0.0
15569,7.883916e-05,0,0.0,2650.0,31,0.0,0.0
15570,0.003151249,0,0.0,3640.0,56,0.0,0.0
15571,0.7988711,0,0.0,600.0,1,0.0,0.0
15572,0.00058210746,0,0.0,1960.0,73,0.0,0.0
15573,0.88228965,0,1.0,590.0,1,0.0,0.0
15574,0.00010277024,0,0.0,1640.0,1,0.0,0.0
15575,0.9990483,0,1.0,9100.0,86,0.0,0.0
15576,0.9301748,0,1.0,470.0,17,0.0,0.0
15577,6.6368215e-05,0,0.0,6790.0,57,0.0,0.0
15578,0.19020793,0,0.0,1040.0,1,0.0,0.0
15579,0.0052381363,0,0.0,1360.0,6,0.0,0.0
15580,0.999343,0,1.0,700.0,5,0.0,0.0
15581,0.09261022,0,0.0,570.0,1,0.0,0.0
15582,0.0050660805,0,0.0,3590.0,41,0.0,0.0
15583,8.714689e-06,0,0.0,8850.0,76,0.0,0.0
15584,0.98910135,0,1.0,1850.0,7,0.0,0.0
15585,0.003949777,0,0.0,59140.0,33,0.0,0.0
15586,0.8692195,0,1.0,1060.0,6,0.0,0.0
15587,0.0039441762,0,0.0,670.0,2,0.0,0.0
15588,0.98264647,0,1.0,1280.0,10,0.0,0.0
15589,0.0077020586,0,0.0,460.0,5,0.0,0.0
15590,0.0026164737,0,0.0,25770.0,18,0.0,0.0
15591,0.9852874,1,1.0,5310.0,13,1.0,5310.0
15592,0.0034657693,0,0.0,880.0,5,0.0,0.0
15593,6.45341e-06,0,0.0,1110.0,22,0.0,0.0
15594,0.00023098523,0,0.0,2330.0,8,0.0,0.0
15595,0.9732901,0,1.0,1560.0,12,0.0,0.0
15596,0.9809318,0,1.0,26740.0,45,0.0,0.0
15597,0.14342721,0,0.0,2870.0,42,0.0,0.0
15598,0.9999851,0,1.0,1700.0,1,0.0,0.0
15599,0.0013442707,0,0.0,1880.0,22,0.0,0.0
15600,0.0001134632,0,0.0,810.0,11,0.0,0.0
15601,0.96570224,0,1.0,19110.0,49,0.0,0.0
15602,0.9929125,0,1.0,5440.0,94,0.0,0.0
15603,0.35502866,0,0.0,2480.0,6,0.0,0.0
15604,0.053556878,0,0.0,1600.0,2,0.0,0.0
15605,0.09994613,0,0.0,1210.0,1,0.0,0.0
15606,0.9011329,0,1.0,1800.0,11,0.0,0.0
15607,0.0014457845,0,0.0,2130.0,78,0.0,0.0
15608,0.667603,0,0.0,40750.0,90,0.0,0.0
15609,0.18935129,0,0.0,33550.0,65,0.0,0.0
15610,0.043670505,0,0.0,1550.0,8,0.0,0.0
15611,0.01951708,0,0.0,520.0,1,0.0,0.0
15612,0.12702824,0,0.0,22270.0,86,0.0,0.0
15613,0.99838626,0,1.0,1410.0,3,0.0,0.0
15614,0.19589597,0,0.0,1600.0,6,0.0,0.0
15615,0.53718746,0,0.0,550.0,1,0.0,0.0
15616,0.8493631,0,0.0,43820.0,20,0.0,0.0
15617,0.6250675,0,0.0,1330.0,9,0.0,0.0
15618,0.15526533,0,0.0,2830.0,6,0.0,0.0
15619,0.96477014,0,1.0,9780.0,66,0.0,0.0
15620,0.00016858635,1,0.0,6460.0,13,0.0,0.0
15621,0.258225,0,0.0,3460.0,27,0.0,0.0
15622,0.7628128,0,0.0,2500.0,106,0.0,0.0
15623,6.386669e-06,0,0.0,490.0,7,0.0,0.0
15624,0.9992525,0,1.0,3910.0,54,0.0,0.0
15625,0.9980475,0,1.0,1080.0,16,0.0,0.0
15626,9.659781e-05,0,0.0,2610.0,42,0.0,0.0
15627,0.0038464337,0,0.0,7500.0,83,0.0,0.0
15628,0.57617563,0,0.0,990.0,1,0.0,0.0
15629,0.0010632444,0,0.0,1640.0,80,0.0,0.0
15630,0.00012427928,0,0.0,1630.0,34,0.0,0.0
15631,0.0051935352,0,0.0,5960.0,10,0.0,0.0
15632,0.9959967,0,1.0,5080.0,60,0.0,0.0
15633,0.9799218,0,1.0,37310.0,79,0.0,0.0
15634,0.07355779,0,0.0,1890.0,6,0.0,0.0
15635,0.0047323382,0,0.0,3050.0,8,0.0,0.0
15636,0.99160516,0,1.0,3040.0,8,0.0,0.0
15637,0.5696829,0,0.0,2090.0,9,0.0,0.0
15638,0.99970645,0,1.0,44240.0,77,0.0,0.0
15639,0.99352735,0,1.0,730.0,7,0.0,0.0
15640,0.015726477,0,0.0,60260.0,26,0.0,0.0
15641,0.781249,0,0.0,10780.0,87,0.0,0.0
15642,0.99992037,0,1.0,3240.0,27,0.0,0.0
15643,0.99675,0,1.0,1390.0,9,0.0,0.0
15644,0.0922833,0,0.0,2130.0,2,0.0,0.0
15645,0.9967153,0,1.0,29960.0,117,0.0,0.0
15646,0.47591925,0,0.0,760.0,2,0.0,0.0
15647,0.99848133,0,1.0,2080.0,6,0.0,0.0
15648,0.78968024,0,0.0,630.0,3,0.0,0.0
15649,0.333514,0,0.0,970.0,3,0.0,0.0
15650,0.004686233,0,0.0,560.0,1,0.0,0.0
15651,0.16986898,0,0.0,1830.0,21,0.0,0.0
15652,0.46853054,0,0.0,2620.0,4,0.0,0.0
15653,0.2667198,0,0.0,2460.0,9,0.0,0.0
15654,0.999358,0,1.0,3160.0,15,0.0,0.0
15655,0.0028245274,0,0.0,940.0,2,0.0,0.0
15656,0.019258827,0,0.0,15090.0,94,0.0,0.0
15657,0.048792403,0,0.0,2430.0,33,0.0,0.0
15658,0.14583376,0,0.0,3540.0,15,0.0,0.0
15659,0.9923685,0,1.0,1060.0,1,0.0,0.0
15660,0.066099815,0,0.0,4090.0,63,0.0,0.0
15661,0.05404314,0,0.0,3020.0,11,0.0,0.0
15662,0.00606994,0,0.0,990.0,2,0.0,0.0
15663,0.6872137,0,0.0,1770.0,7,0.0,0.0
15664,0.0033107654,0,0.0,2800.0,4,0.0,0.0
15665,0.0025673404,0,0.0,1470.0,77,0.0,0.0
15666,0.99677795,0,1.0,23000.0,75,0.0,0.0
15667,0.01105874,0,0.0,5840.0,106,0.0,0.0
15668,0.00010574098,0,0.0,2450.0,34,0.0,0.0
15669,0.98921996,0,1.0,64180.0,76,0.0,0.0
15670,0.033546075,0,0.0,8610.0,88,0.0,0.0
15671,0.008835362,0,0.0,21140.0,104,0.0,0.0
15672,0.0012628592,0,0.0,4540.0,41,0.0,0.0
15673,0.6056231,0,0.0,6370.0,14,0.0,0.0
15674,0.82182556,0,0.0,49420.0,106,0.0,0.0
15675,0.23852707,0,0.0,1040.0,1,0.0,0.0
15676,0.35357293,0,0.0,1510.0,62,0.0,0.0
15677,0.95581007,0,1.0,1970.0,88,0.0,0.0
15678,0.0007569683,0,0.0,14250.0,77,0.0,0.0
15679,0.27117437,0,0.0,480.0,1,0.0,0.0
15680,0.98805934,0,1.0,1130.0,2,0.0,0.0
15681,0.0006921794,0,0.0,3090.0,1,0.0,0.0
15682,0.0020458272,0,0.0,800.0,45,0.0,0.0
15683,5.4734977e-05,0,0.0,1090.0,61,0.0,0.0
15684,0.6328568,0,0.0,1260.0,1,0.0,0.0
15685,0.35567185,0,0.0,48510.0,52,0.0,0.0
15686,0.0005601691,0,0.0,11400.0,33,0.0,0.0
15687,0.8808074,0,1.0,10940.0,94,0.0,0.0
15688,0.13728637,0,0.0,3220.0,63,0.0,0.0
15689,0.9923332,0,1.0,10900.0,65,0.0,0.0
15690,4.4149598e-05,0,0.0,7620.0,2,0.0,0.0
15691,0.03390084,0,0.0,28750.0,44,0.0,0.0
15692,3.777831e-06,0,0.0,2010.0,56,0.0,0.0
15693,0.9999858,0,1.0,6090.0,10,0.0,0.0
15694,0.80082476,0,0.0,9360.0,30,0.0,0.0
15695,0.0102239875,0,0.0,760.0,10,0.0,0.0
15696,9.325369e-06,0,0.0,9180.0,48,0.0,0.0
15697,0.5710967,0,0.0,1150.0,6,0.0,0.0
15698,0.54138744,0,0.0,25810.0,27,0.0,0.0
15699,0.0020139234,0,0.0,850.0,26,0.0,0.0
15700,0.0066018696,0,0.0,1480.0,48,0.0,0.0
15701,0.09903449,0,0.0,1290.0,65,0.0,0.0
15702,0.99940836,0,1.0,1170.0,41,0.0,0.0
15703,0.99346066,0,1.0,680.0,7,0.0,0.0
15704,0.0013109554,0,0.0,7580.0,50,0.0,0.0
15705,0.9632449,0,1.0,1960.0,16,0.0,0.0
15706,0.04250755,0,0.0,570.0,7,0.0,0.0
15707,0.00073441677,0,0.0,35070.0,52,0.0,0.0
15708,0.0017291328,0,0.0,1800.0,42,0.0,0.0
15709,0.0136699,0,0.0,1890.0,4,0.0,0.0
15710,0.9991007,0,1.0,6180.0,93,0.0,0.0
15711,0.00029682124,0,0.0,2930.0,41,0.0,0.0
15712,0.022842199,0,0.0,10450.0,72,0.0,0.0
15713,0.014988578,0,0.0,7740.0,14,0.0,0.0
15714,0.001499213,0,0.0,3640.0,21,0.0,0.0
15715,0.9996307,0,1.0,600.0,1,0.0,0.0
15716,0.8807906,0,1.0,1050.0,5,0.0,0.0
15717,0.98383313,0,1.0,2540.0,3,0.0,0.0
15718,0.2675887,0,0.0,24870.0,63,0.0,0.0
15719,0.57103926,0,0.0,670.0,3,0.0,0.0
15720,0.8849213,0,1.0,13620.0,85,0.0,0.0
15721,1.4371468e-06,0,0.0,8360.0,18,0.0,0.0
15722,0.00077208964,0,0.0,12740.0,4,0.0,0.0
15723,9.1450495e-08,0,0.0,14540.0,37,0.0,0.0
15724,0.0054677236,0,0.0,610.0,1,0.0,0.0
15725,0.98831403,0,1.0,13200.0,84,0.0,0.0
15726,0.6961433,0,0.0,2200.0,82,0.0,0.0
15727,0.022888087,0,0.0,990.0,9,0.0,0.0
15728,0.8459121,0,0.0,7950.0,85,0.0,0.0
15729,0.18371786,0,0.0,1230.0,2,0.0,0.0
15730,0.00033152947,0,0.0,5400.0,62,0.0,0.0
15731,0.08035713,0,0.0,18400.0,81,0.0,0.0
15732,0.9895678,0,1.0,8110.0,27,0.0,0.0
15733,6.338465e-05,0,0.0,1980.0,49,0.0,0.0
15734,5.2648356e-05,0,0.0,29610.0,84,0.0,0.0
15735,0.1661804,0,0.0,2880.0,11,0.0,0.0
15736,3.8529928e-05,0,0.0,7460.0,59,0.0,0.0
15737,0.96433806,0,1.0,2450.0,89,0.0,0.0
15738,0.957137,0,1.0,880.0,8,0.0,0.0
15739,0.03455062,0,0.0,1240.0,7,0.0,0.0
15740,0.9798687,0,1.0,4050.0,41,0.0,0.0
15741,0.13864176,0,0.0,1280.0,5,0.0,0.0
15742,0.0052672094,0,0.0,7880.0,29,0.0,0.0
15743,0.0019788134,0,0.0,1390.0,30,0.0,0.0
15744,0.00010895394,0,0.0,33110.0,82,0.0,0.0
15745,0.03766356,0,0.0,1580.0,9,0.0,0.0
15746,0.048524536,0,0.0,11790.0,34,0.0,0.0
15747,0.9752671,0,1.0,1670.0,20,0.0,0.0
15748,0.0012676772,0,0.0,620.0,52,0.0,0.0
15749,0.99564457,0,1.0,1660.0,83,0.0,0.0
15750,0.542131,0,0.0,29920.0,19,0.0,0.0
15751,0.47627884,0,0.0,5310.0,35,0.0,0.0
15752,0.009871114,0,0.0,10710.0,71,0.0,0.0
15753,0.0006486208,0,0.0,8630.0,49,0.0,0.0
15754,0.0005559707,0,0.0,3200.0,103,0.0,0.0
15755,0.9991272,0,1.0,18040.0,98,0.0,0.0
15756,0.08937631,0,0.0,15690.0,45,0.0,0.0
15757,1.2792531e-06,0,0.0,3520.0,72,0.0,0.0
15758,0.16737236,0,0.0,5890.0,4,0.0,0.0
15759,0.99934155,0,1.0,2300.0,4,0.0,0.0
15760,0.19148514,0,0.0,13880.0,18,0.0,0.0
15761,0.963154,0,1.0,2090.0,9,0.0,0.0
15762,0.5846591,0,0.0,2870.0,6,0.0,0.0
15763,0.009291252,0,0.0,7270.0,12,0.0,0.0
15764,0.0045124223,0,0.0,13890.0,59,0.0,0.0
15765,8.279245e-05,0,0.0,7300.0,74,0.0,0.0
15766,0.022266189,0,0.0,2150.0,10,0.0,0.0
15767,0.0005218524,0,0.0,13700.0,52,0.0,0.0
15768,1.983732e-05,0,0.0,580.0,1,0.0,0.0
15769,0.07891915,0,0.0,790.0,3,0.0,0.0
15770,0.8275755,0,0.0,850.0,1,0.0,0.0
15771,0.9421827,0,1.0,2520.0,3,0.0,0.0
15772,1.1003346e-05,0,0.0,1310.0,1,0.0,0.0
15773,0.12661694,0,0.0,1800.0,4,0.0,0.0
15774,0.7621355,0,0.0,4840.0,74,0.0,0.0
15775,0.17676206,0,0.0,17900.0,89,0.0,0.0
15776,0.99957865,0,1.0,3530.0,97,0.0,0.0
15777,0.2466719,0,0.0,890.0,8,0.0,0.0
15778,0.06582546,0,0.0,2760.0,97,0.0,0.0
15779,0.019809932,0,0.0,15070.0,85,0.0,0.0
15780,0.014373883,0,0.0,3740.0,3,0.0,0.0
15781,0.99999356,1,1.0,650.0,13,1.0,650.0
15782,0.89058405,0,1.0,900.0,1,0.0,0.0
15783,0.9294015,0,1.0,3010.0,5,0.0,0.0
15784,0.0013513383,0,0.0,1380.0,9,0.0,0.0
15785,0.00054885267,0,0.0,1460.0,64,0.0,0.0
15786,0.62333804,0,0.0,11230.0,76,0.0,0.0
15787,0.0010327214,0,0.0,3010.0,37,0.0,0.0
15788,0.90761197,0,1.0,13920.0,84,0.0,0.0
15789,2.7011461e-05,0,0.0,3140.0,33,0.0,0.0
15790,0.026476122,0,0.0,1690.0,14,0.0,0.0
15791,0.008413468,0,0.0,740.0,2,0.0,0.0
15792,0.99979776,0,1.0,660.0,3,0.0,0.0
15793,0.00025252913,0,0.0,1110.0,2,0.0,0.0
15794,0.028533727,0,0.0,1360.0,7,0.0,0.0
15795,0.27205116,0,0.0,790.0,2,0.0,0.0
15796,0.381059,0,0.0,1370.0,67,0.0,0.0
15797,0.003823443,0,0.0,56360.0,106,0.0,0.0
15798,0.0061666006,0,0.0,1450.0,23,0.0,0.0
15799,7.978424e-05,0,0.0,23980.0,63,0.0,0.0
15800,0.9997167,0,1.0,39400.0,27,0.0,0.0
15801,0.0021707048,0,0.0,1080.0,5,0.0,0.0
15802,0.7991228,0,0.0,8770.0,63,0.0,0.0
15803,0.98485017,0,1.0,5910.0,10,0.0,0.0
15804,0.8689195,0,1.0,17170.0,85,0.0,0.0
15805,0.009999645,0,0.0,32820.0,68,0.0,0.0
15806,5.2032738e-05,0,0.0,2810.0,79,0.0,0.0
15807,0.04396128,0,0.0,5370.0,32,0.0,0.0
15808,3.4570593e-07,0,0.0,3430.0,59,0.0,0.0
15809,7.822219e-06,0,0.0,3280.0,45,0.0,0.0
15810,0.20354708,0,0.0,13550.0,101,0.0,0.0
15811,0.83163565,0,0.0,1200.0,6,0.0,0.0
15812,0.0005299089,0,0.0,1740.0,10,0.0,0.0
15813,0.99995196,0,1.0,1890.0,84,0.0,0.0
15814,0.025795178,0,0.0,9150.0,45,0.0,0.0
15815,0.9999988,0,1.0,820.0,1,0.0,0.0
15816,0.6122856,0,0.0,600.0,1,0.0,0.0
15817,0.0029307685,0,0.0,6120.0,16,0.0,0.0
15818,3.0550495e-05,0,0.0,4160.0,78,0.0,0.0
15819,0.0011994239,0,0.0,1670.0,3,0.0,0.0
15820,0.00023410279,0,0.0,32540.0,32,0.0,0.0
15821,2.3531267e-05,0,0.0,3140.0,105,0.0,0.0
15822,0.49205795,0,0.0,2000.0,44,0.0,0.0
15823,0.0017230683,0,0.0,1630.0,2,0.0,0.0
15824,0.0018589613,0,0.0,950.0,9,0.0,0.0
15825,0.9578869,0,1.0,2880.0,86,0.0,0.0
15826,0.008658983,0,0.0,600.0,5,0.0,0.0
15827,0.06703896,0,0.0,2680.0,12,0.0,0.0
15828,0.5243916,0,0.0,900.0,5,0.0,0.0
15829,0.018894607,0,0.0,1600.0,9,0.0,0.0
15830,0.005999289,0,0.0,10230.0,14,0.0,0.0
15831,0.024722183,0,0.0,1330.0,82,0.0,0.0
15832,0.95923084,0,1.0,1310.0,114,0.0,0.0
15833,0.99618715,0,1.0,41180.0,96,0.0,0.0
15834,0.99962354,0,1.0,850.0,3,0.0,0.0
15835,0.37940842,0,0.0,19030.0,71,0.0,0.0
15836,0.99960905,0,1.0,6680.0,11,0.0,0.0
15837,0.9999387,0,1.0,4890.0,10,0.0,0.0
15838,0.041185386,0,0.0,42300.0,103,0.0,0.0
15839,0.013009409,0,0.0,2410.0,21,0.0,0.0
15840,0.03333532,0,0.0,1110.0,9,0.0,0.0
15841,0.077467225,0,0.0,6530.0,43,0.0,0.0
15842,0.00039756828,0,0.0,30630.0,93,0.0,0.0
15843,0.40824997,0,0.0,1290.0,6,0.0,0.0
15844,0.9930862,0,1.0,7680.0,96,0.0,0.0
15845,0.99906963,0,1.0,3240.0,9,0.0,0.0
15846,1.0974275e-05,0,0.0,15890.0,72,0.0,0.0
15847,0.9187554,0,1.0,1220.0,3,0.0,0.0
15848,0.008290163,0,0.0,1590.0,6,0.0,0.0
15849,0.9969964,0,1.0,930.0,1,0.0,0.0
15850,0.99968326,0,1.0,18350.0,35,0.0,0.0
15851,0.23651315,0,0.0,1350.0,10,0.0,0.0
15852,0.10200917,0,0.0,3100.0,15,0.0,0.0
15853,4.94876e-06,0,0.0,11110.0,60,0.0,0.0
15854,0.0010185523,0,0.0,15730.0,29,0.0,0.0
15855,0.99812573,0,1.0,1040.0,21,0.0,0.0
15856,0.98492396,0,1.0,1700.0,3,0.0,0.0
15857,0.25335142,0,0.0,760.0,6,0.0,0.0
15858,0.6873116,0,0.0,16820.0,41,0.0,0.0
15859,0.55591047,0,0.0,20870.0,65,0.0,0.0
15860,0.05780688,0,0.0,4830.0,18,0.0,0.0
15861,0.99968517,0,1.0,17220.0,56,0.0,0.0
15862,0.511344,0,0.0,2710.0,16,0.0,0.0
15863,0.09998444,0,0.0,1840.0,63,0.0,0.0
15864,0.342557,0,0.0,3090.0,5,0.0,0.0
15865,0.00028741115,0,0.0,16670.0,77,0.0,0.0
15866,0.0003465726,0,0.0,19600.0,83,0.0,0.0
15867,0.013502474,0,0.0,1720.0,8,0.0,0.0
15868,0.009995997,0,0.0,810.0,1,0.0,0.0
15869,0.2782286,0,0.0,1380.0,73,0.0,0.0
15870,0.858311,0,1.0,29260.0,71,0.0,0.0
15871,0.14326929,0,0.0,3920.0,39,0.0,0.0
15872,0.9843007,0,1.0,21950.0,31,0.0,0.0
15873,0.8534177,0,1.0,1900.0,10,0.0,0.0
15874,0.35593566,0,0.0,3550.0,10,0.0,0.0
15875,0.0011510465,0,0.0,3630.0,22,0.0,0.0
15876,4.531724e-07,0,0.0,1510.0,30,0.0,0.0
15877,5.6589647e-06,0,0.0,960.0,1,0.0,0.0
15878,0.8509953,0,1.0,5970.0,68,0.0,0.0
15879,6.735257e-05,0,0.0,1120.0,1,0.0,0.0
15880,0.090426154,0,0.0,8100.0,81,0.0,0.0
15881,0.012806044,0,0.0,3300.0,17,0.0,0.0
15882,0.0022808188,0,0.0,1960.0,5,0.0,0.0
15883,0.8885186,0,1.0,3400.0,5,0.0,0.0
15884,7.414175e-05,0,0.0,1040.0,17,0.0,0.0
15885,0.0005896757,0,0.0,7950.0,4,0.0,0.0
15886,0.00058498577,0,0.0,24290.0,59,0.0,0.0
15887,0.03161932,0,0.0,7650.0,21,0.0,0.0
15888,4.7094312e-05,0,0.0,4390.0,17,0.0,0.0
15889,0.002572025,0,0.0,2520.0,19,0.0,0.0
15890,0.9993948,0,1.0,980.0,9,0.0,0.0
15891,0.005429705,0,0.0,8790.0,80,0.0,0.0
15892,0.9982925,0,1.0,1290.0,1,0.0,0.0
15893,0.014879046,0,0.0,3920.0,3,0.0,0.0
15894,0.05892431,0,0.0,1360.0,3,0.0,0.0
15895,0.9998723,0,1.0,2160.0,5,0.0,0.0
15896,0.9960622,0,1.0,690.0,2,0.0,0.0
15897,9.1255344e-05,0,0.0,1960.0,62,0.0,0.0
15898,0.22824216,0,0.0,3690.0,52,0.0,0.0
15899,0.07790047,0,0.0,3480.0,47,0.0,0.0
15900,0.0036843577,0,0.0,4190.0,90,0.0,0.0
15901,0.0025103134,0,0.0,1570.0,81,0.0,0.0
15902,0.99614966,0,1.0,550.0,3,0.0,0.0
15903,0.07570402,0,0.0,2150.0,89,0.0,0.0
15904,0.99784374,0,1.0,1550.0,83,0.0,0.0
15905,0.27405307,0,0.0,6730.0,10,0.0,0.0
15906,0.5162166,0,0.0,940.0,2,0.0,0.0
15907,0.008092107,0,0.0,12670.0,41,0.0,0.0
15908,0.015026734,0,0.0,2980.0,8,0.0,0.0
15909,0.0014987969,0,0.0,4120.0,22,0.0,0.0
15910,6.95416e-06,0,0.0,11210.0,91,0.0,0.0
15911,1.081627e-05,0,0.0,1160.0,111,0.0,0.0
15912,1.4700511e-06,0,0.0,4430.0,96,0.0,0.0
15913,1.1013516e-06,0,0.0,1090.0,25,0.0,0.0
15914,0.19013467,0,0.0,1250.0,6,0.0,0.0
15915,0.0012105752,0,0.0,890.0,78,0.0,0.0
15916,0.9999825,1,1.0,600.0,13,1.0,600.0
15917,0.78536266,0,0.0,610.0,24,0.0,0.0
15918,0.96702665,0,1.0,520.0,5,0.0,0.0
15919,0.28993672,0,0.0,900.0,22,0.0,0.0
15920,0.57649094,0,0.0,1170.0,1,0.0,0.0
15921,0.00068518764,0,0.0,1170.0,68,0.0,0.0
15922,0.9780425,0,1.0,6500.0,86,0.0,0.0
15923,0.0012178869,0,0.0,34220.0,94,0.0,0.0
15924,0.092494555,0,0.0,2470.0,92,0.0,0.0
15925,0.22381052,0,0.0,1260.0,9,0.0,0.0
15926,0.16864376,0,0.0,5770.0,105,0.0,0.0
15927,6.248885e-05,0,0.0,1200.0,29,0.0,0.0
15928,0.1688975,0,0.0,610.0,81,0.0,0.0
15929,0.8121559,0,0.0,1580.0,19,0.0,0.0
15930,0.98234516,0,1.0,4160.0,11,0.0,0.0
15931,0.0003727633,0,0.0,800.0,5,0.0,0.0
15932,0.99813545,0,1.0,8730.0,12,0.0,0.0
15933,0.53047365,0,0.0,1830.0,12,0.0,0.0
15934,5.091273e-07,0,0.0,10170.0,49,0.0,0.0
15935,0.53822565,0,0.0,8620.0,119,0.0,0.0
15936,0.53864896,0,0.0,14130.0,117,0.0,0.0
15937,2.2617626e-06,0,0.0,15910.0,23,0.0,0.0
15938,0.93430644,0,1.0,7960.0,20,0.0,0.0
15939,0.00032881487,0,0.0,2290.0,5,0.0,0.0
15940,0.9424333,0,1.0,2010.0,11,0.0,0.0
15941,0.09861244,0,0.0,1210.0,9,0.0,0.0
15942,0.05133592,0,0.0,10570.0,70,0.0,0.0
15943,7.4925933e-06,0,0.0,33040.0,33,0.0,0.0
15944,0.99915624,0,1.0,28700.0,98,0.0,0.0
15945,0.00040710016,0,0.0,17060.0,73,0.0,0.0
15946,0.0038353303,0,0.0,1580.0,43,0.0,0.0
15947,0.0010398934,0,0.0,3810.0,34,0.0,0.0
15948,0.39250916,0,0.0,530.0,5,0.0,0.0
15949,0.020926349,0,0.0,3400.0,1,0.0,0.0
15950,0.99227214,0,1.0,23060.0,99,0.0,0.0
15951,0.0026469056,0,0.0,750.0,5,0.0,0.0
15952,0.99715084,0,1.0,16680.0,59,0.0,0.0
15953,0.0020768505,0,0.0,2760.0,41,0.0,0.0
15954,0.00042800664,0,0.0,3950.0,15,0.0,0.0
15955,0.0007970135,0,0.0,3760.0,69,0.0,0.0
15956,0.007729465,0,0.0,8950.0,46,0.0,0.0
15957,0.01624825,0,0.0,2890.0,50,0.0,0.0
15958,0.98585343,0,1.0,9330.0,119,0.0,0.0
15959,0.8395558,0,0.0,1410.0,17,0.0,0.0
15960,0.91177696,0,1.0,1040.0,1,0.0,0.0
15961,7.2960183e-06,0,0.0,17810.0,58,0.0,0.0
15962,0.99963665,0,1.0,1060.0,11,0.0,0.0
15963,0.9828264,0,1.0,3580.0,21,0.0,0.0
15964,0.42398426,0,0.0,13300.0,26,0.0,0.0
15965,0.03866114,0,0.0,22640.0,29,0.0,0.0
15966,0.59323007,0,0.0,15060.0,51,0.0,0.0
15967,0.00842306,0,0.0,1360.0,2,0.0,0.0
15968,1.0091567e-05,0,0.0,5470.0,22,0.0,0.0
15969,0.020852603,0,0.0,19800.0,71,0.0,0.0
15970,0.00010108086,0,0.0,11570.0,65,0.0,0.0
15971,0.26549536,0,0.0,780.0,9,0.0,0.0
15972,0.99973243,0,1.0,4820.0,97,0.0,0.0
15973,0.9977004,1,1.0,780.0,13,1.0,780.0
15974,0.00017064043,0,0.0,1140.0,17,0.0,0.0
15975,1.1860025e-05,0,0.0,67870.0,94,0.0,0.0
15976,0.009791834,0,0.0,3130.0,17,0.0,0.0
15977,0.00057974295,0,0.0,59590.0,48,0.0,0.0
15978,0.010781414,0,0.0,1890.0,9,0.0,0.0
15979,1.1833656e-05,0,0.0,9390.0,30,0.0,0.0
15980,0.29138315,0,0.0,1650.0,1,0.0,0.0
15981,0.06761039,0,0.0,1050.0,23,0.0,0.0
15982,0.18530464,0,0.0,4920.0,73,0.0,0.0
15983,0.10047051,0,0.0,780.0,10,0.0,0.0
15984,0.0017701775,0,0.0,1080.0,5,0.0,0.0
15985,0.99995947,0,1.0,700.0,3,0.0,0.0
15986,0.09273328,0,0.0,850.0,6,0.0,0.0
15987,0.972091,0,1.0,1260.0,3,0.0,0.0
15988,0.0005656492,0,0.0,13200.0,58,0.0,0.0
15989,0.9846779,0,1.0,1230.0,5,0.0,0.0
15990,0.012038212,0,0.0,9160.0,14,0.0,0.0
15991,0.00043276636,0,0.0,680.0,5,0.0,0.0
15992,0.9343537,0,1.0,6660.0,54,0.0,0.0
15993,2.5892355e-06,0,0.0,1110.0,6,0.0,0.0
15994,0.002062875,0,0.0,4580.0,8,0.0,0.0
15995,0.9998965,0,1.0,670.0,2,0.0,0.0
15996,0.99765563,0,1.0,1160.0,24,0.0,0.0
15997,0.9999715,0,1.0,64640.0,66,0.0,0.0
15998,0.0027687605,0,0.0,4200.0,45,0.0,0.0
15999,0.99989665,0,1.0,2470.0,7,0.0,0.0
16000,0.03483838,0,0.0,2680.0,10,0.0,0.0
16001,0.9330574,0,1.0,3860.0,15,0.0,0.0
16002,0.00014207538,0,0.0,2040.0,65,0.0,0.0
16003,0.005709929,0,0.0,20180.0,18,0.0,0.0
16004,0.20538671,0,0.0,45680.0,69,0.0,0.0
16005,0.8015606,0,0.0,890.0,3,0.0,0.0
16006,0.10271611,0,0.0,1570.0,10,0.0,0.0
16007,0.021495314,0,0.0,710.0,17,0.0,0.0
16008,0.99993575,0,1.0,1300.0,11,0.0,0.0
16009,0.04649906,0,0.0,530.0,5,0.0,0.0
16010,0.022185285,0,0.0,11660.0,77,0.0,0.0
16011,0.9692861,0,1.0,1680.0,21,0.0,0.0
16012,0.00011069453,0,0.0,9010.0,44,0.0,0.0
16013,0.059089284,0,0.0,2540.0,29,0.0,0.0
16014,0.3504516,0,0.0,2810.0,29,0.0,0.0
16015,0.0009538565,0,0.0,1320.0,56,0.0,0.0
16016,0.035880167,0,0.0,8780.0,14,0.0,0.0
16017,0.00043109263,0,0.0,6420.0,71,0.0,0.0
16018,0.49023595,0,0.0,670.0,7,0.0,0.0
16019,0.000459012,0,0.0,1300.0,26,0.0,0.0
16020,0.9991291,0,1.0,1390.0,3,0.0,0.0
16021,0.012936295,0,0.0,24560.0,117,0.0,0.0
16022,0.35054582,0,0.0,880.0,7,0.0,0.0
16023,0.12056331,0,0.0,14020.0,27,0.0,0.0
16024,0.0037464723,0,0.0,3660.0,21,0.0,0.0
16025,0.3668849,0,0.0,3800.0,31,0.0,0.0
16026,0.97444385,0,1.0,6290.0,63,0.0,0.0
16027,1.8788533e-05,0,0.0,11910.0,103,0.0,0.0
16028,0.4056118,0,0.0,1680.0,14,0.0,0.0
16029,0.0005171534,0,0.0,3560.0,60,0.0,0.0
16030,0.78325266,0,0.0,9570.0,84,0.0,0.0
16031,0.008738021,0,0.0,2680.0,111,0.0,0.0
16032,0.14912187,0,0.0,2900.0,20,0.0,0.0
16033,2.3816543e-05,0,0.0,920.0,42,0.0,0.0
16034,0.0006418417,0,0.0,2960.0,42,0.0,0.0
16035,0.936496,1,1.0,6570.0,13,1.0,6570.0
16036,0.21797942,0,0.0,760.0,66,0.0,0.0
16037,0.0031313375,0,0.0,11510.0,60,0.0,0.0
16038,0.6235073,0,0.0,2560.0,6,0.0,0.0
16039,0.022819154,0,0.0,13770.0,47,0.0,0.0
16040,2.1610811e-05,0,0.0,14350.0,66,0.0,0.0
16041,0.63605946,0,0.0,1150.0,2,0.0,0.0
16042,0.2687364,0,0.0,3430.0,22,0.0,0.0
16043,0.98010284,0,1.0,1920.0,7,0.0,0.0
16044,0.001087085,0,0.0,10950.0,80,0.0,0.0
16045,0.83606565,0,0.0,7570.0,28,0.0,0.0
16046,5.8732177e-05,0,0.0,2760.0,8,0.0,0.0
16047,0.16144301,0,0.0,770.0,1,0.0,0.0
16048,0.41203016,0,0.0,34590.0,16,0.0,0.0
16049,0.0013252319,0,0.0,6730.0,35,0.0,0.0
16050,0.027705593,0,0.0,3030.0,52,0.0,0.0
16051,0.0032550911,0,0.0,20710.0,86,0.0,0.0
16052,0.68321526,0,0.0,5280.0,16,0.0,0.0
16053,0.0014513148,0,0.0,910.0,1,0.0,0.0
16054,0.862805,0,1.0,670.0,2,0.0,0.0
16055,0.99998164,0,1.0,57560.0,27,0.0,0.0
16056,0.9097664,0,1.0,13990.0,70,0.0,0.0
16057,0.47739074,0,0.0,13780.0,93,0.0,0.0
16058,0.15278903,0,0.0,2370.0,8,0.0,0.0
16059,0.00010515436,0,0.0,17210.0,65,0.0,0.0
16060,0.0173749,0,0.0,2280.0,73,0.0,0.0
16061,9.7635175e-06,0,0.0,2740.0,21,0.0,0.0
16062,0.95892566,0,1.0,6750.0,4,0.0,0.0
16063,0.8723043,0,1.0,7980.0,41,0.0,0.0
16064,0.44409922,0,0.0,35640.0,112,0.0,0.0
16065,0.007817668,0,0.0,710.0,7,0.0,0.0
16066,0.02266872,0,0.0,7810.0,103,0.0,0.0
16067,0.98518306,0,1.0,12710.0,54,0.0,0.0
16068,0.24658385,0,0.0,29320.0,75,0.0,0.0
16069,0.6062461,0,0.0,1600.0,9,0.0,0.0
16070,0.9495463,0,1.0,1830.0,4,0.0,0.0
16071,0.39641592,0,0.0,11150.0,19,0.0,0.0
16072,0.00866678,0,0.0,5630.0,74,0.0,0.0
16073,0.035315353,0,0.0,7540.0,39,0.0,0.0
16074,0.43482196,0,0.0,23790.0,118,0.0,0.0
16075,0.007925886,0,0.0,1310.0,6,0.0,0.0
16076,1.371009e-05,0,0.0,72440.0,99,0.0,0.0
16077,0.07109288,0,0.0,2650.0,2,0.0,0.0
16078,0.9044299,0,1.0,40430.0,33,0.0,0.0
16079,0.83834404,0,0.0,700.0,7,0.0,0.0
16080,0.46301636,0,0.0,3400.0,23,0.0,0.0
16081,0.008120029,0,0.0,840.0,3,0.0,0.0
16082,4.1048997e-06,0,0.0,1430.0,6,0.0,0.0
16083,0.14135958,0,0.0,1140.0,4,0.0,0.0
16084,0.00023315854,0,0.0,2810.0,80,0.0,0.0
16085,0.00035501109,0,0.0,2070.0,26,0.0,0.0
16086,0.0010478817,0,0.0,10160.0,45,0.0,0.0
16087,0.99942183,0,1.0,2390.0,63,0.0,0.0
16088,0.0010939837,0,0.0,21920.0,84,0.0,0.0
16089,0.0029920067,0,0.0,880.0,11,0.0,0.0
16090,0.0011881685,0,0.0,9850.0,47,0.0,0.0
16091,0.75234324,0,0.0,770.0,3,0.0,0.0
16092,0.06896902,0,0.0,7480.0,25,0.0,0.0
16093,0.33645466,0,0.0,1440.0,5,0.0,0.0
16094,0.34460267,0,0.0,31820.0,90,0.0,0.0
16095,0.00087344134,0,0.0,800.0,5,0.0,0.0
16096,0.009488433,0,0.0,11340.0,15,0.0,0.0
16097,1.9680378e-05,0,0.0,6000.0,47,0.0,0.0
16098,0.99992025,0,1.0,1590.0,6,0.0,0.0
16099,0.13233179,0,0.0,7420.0,45,0.0,0.0
16100,0.002125055,0,0.0,4820.0,27,0.0,0.0
16101,0.8887499,0,1.0,1140.0,79,0.0,0.0
16102,0.9994246,0,1.0,1250.0,17,0.0,0.0
16103,0.99988425,0,1.0,3600.0,8,0.0,0.0
16104,0.2608456,0,0.0,730.0,6,0.0,0.0
16105,0.99987483,0,1.0,1630.0,51,0.0,0.0
16106,3.6936897e-05,0,0.0,2180.0,24,0.0,0.0
16107,0.0104379915,0,0.0,2840.0,21,0.0,0.0
16108,0.33870047,0,0.0,2270.0,29,0.0,0.0
16109,4.4296876e-06,0,0.0,2620.0,2,0.0,0.0
16110,8.790112e-06,0,0.0,10070.0,36,0.0,0.0
16111,0.68370104,0,0.0,3550.0,24,0.0,0.0
16112,0.0059687225,0,0.0,11370.0,26,0.0,0.0
16113,0.53454036,0,0.0,760.0,3,0.0,0.0
16114,0.0005846527,0,0.0,950.0,1,0.0,0.0
16115,0.99620277,0,1.0,14710.0,4,0.0,0.0
16116,0.009260784,0,0.0,5610.0,77,0.0,0.0
16117,0.09039851,0,0.0,12050.0,41,0.0,0.0
16118,0.86956155,0,1.0,2010.0,8,0.0,0.0
16119,0.0146665145,0,0.0,1520.0,2,0.0,0.0
16120,0.0010496306,0,0.0,28620.0,103,0.0,0.0
16121,0.04608346,0,0.0,4320.0,26,0.0,0.0
16122,0.0002783795,0,0.0,15770.0,44,0.0,0.0
16123,0.98571026,0,1.0,4640.0,21,0.0,0.0
16124,0.00049262756,0,0.0,1800.0,76,0.0,0.0
16125,4.199694e-07,0,0.0,680.0,1,0.0,0.0
16126,0.0012029386,0,0.0,1140.0,4,0.0,0.0
16127,0.1084871,0,0.0,3970.0,6,0.0,0.0
16128,0.99843055,0,1.0,7370.0,61,0.0,0.0
16129,0.4573955,0,0.0,2570.0,14,0.0,0.0
16130,0.0028987827,0,0.0,3590.0,17,0.0,0.0
16131,2.0496763e-07,0,0.0,1130.0,8,0.0,0.0
16132,9.632959e-05,0,0.0,2910.0,64,0.0,0.0
16133,0.53393364,0,0.0,1900.0,10,0.0,0.0
16134,0.0003387226,0,0.0,3120.0,4,0.0,0.0
16135,4.448092e-05,0,0.0,2020.0,4,0.0,0.0
16136,0.45283973,0,0.0,8370.0,57,0.0,0.0
16137,0.5003208,0,0.0,1610.0,2,0.0,0.0
16138,0.0356161,0,0.0,4440.0,12,0.0,0.0
16139,0.99967194,0,1.0,1020.0,2,0.0,0.0
16140,0.0012583594,0,0.0,5990.0,25,0.0,0.0
16141,0.9388107,0,1.0,990.0,5,0.0,0.0
16142,0.027046166,0,0.0,610.0,1,0.0,0.0
16143,0.0058487686,0,0.0,73100.0,28,0.0,0.0
16144,0.010774057,0,0.0,11640.0,87,0.0,0.0
16145,0.0007050383,0,0.0,2830.0,2,0.0,0.0
16146,0.00095558446,0,0.0,19620.0,52,0.0,0.0
16147,0.042903367,0,0.0,1090.0,49,0.0,0.0
16148,0.92084795,0,1.0,1530.0,5,0.0,0.0
16149,0.9876302,0,1.0,2950.0,1,0.0,0.0
16150,0.0007526084,0,0.0,2620.0,23,0.0,0.0
16151,0.020399962,0,0.0,1210.0,21,0.0,0.0
16152,0.13039275,0,0.0,2630.0,21,0.0,0.0
16153,0.69122654,0,0.0,1150.0,5,0.0,0.0
16154,0.0026370399,0,0.0,2230.0,70,0.0,0.0
16155,0.06657897,0,0.0,4060.0,21,0.0,0.0
16156,0.0051812413,0,0.0,9030.0,43,0.0,0.0
16157,6.480643e-07,0,0.0,2480.0,79,0.0,0.0
16158,0.2367552,0,0.0,6010.0,23,0.0,0.0
16159,0.021227919,0,0.0,770.0,5,0.0,0.0
16160,0.999985,0,1.0,1290.0,82,0.0,0.0
16161,0.34968954,0,0.0,1610.0,53,0.0,0.0
16162,0.0046430645,0,0.0,1910.0,1,0.0,0.0
16163,0.0019997756,0,0.0,3740.0,17,0.0,0.0
16164,0.000914354,0,0.0,1680.0,9,0.0,0.0
16165,0.00091655646,0,0.0,2630.0,34,0.0,0.0
16166,0.8201146,0,0.0,7470.0,105,0.0,0.0
16167,0.074841805,0,0.0,5020.0,42,0.0,0.0
16168,2.012476e-05,0,0.0,3280.0,101,0.0,0.0
16169,5.799286e-05,0,0.0,1110.0,6,0.0,0.0
16170,0.5031773,0,0.0,1270.0,10,0.0,0.0
16171,0.9868629,0,1.0,700.0,11,0.0,0.0
16172,3.4570898e-05,0,0.0,28250.0,94,0.0,0.0
16173,0.00036818173,0,0.0,4200.0,7,0.0,0.0
16174,0.9805909,0,1.0,1230.0,2,0.0,0.0
16175,0.96217036,0,1.0,970.0,1,0.0,0.0
16176,1.7217312e-07,0,0.0,1600.0,52,0.0,0.0
16177,0.0042304345,0,0.0,1240.0,21,0.0,0.0
16178,0.81174284,0,0.0,7170.0,45,0.0,0.0
16179,6.2023996e-06,0,0.0,6000.0,75,0.0,0.0
16180,0.040314544,0,0.0,4380.0,35,0.0,0.0
16181,0.10096688,0,0.0,6310.0,17,0.0,0.0
16182,9.721846e-06,0,0.0,2030.0,7,0.0,0.0
16183,0.20481032,0,0.0,5380.0,98,0.0,0.0
16184,0.9804043,0,1.0,2510.0,24,0.0,0.0
16185,0.0018158401,0,0.0,2200.0,5,0.0,0.0
16186,0.34918216,0,0.0,55030.0,99,0.0,0.0
16187,0.92267805,0,1.0,1060.0,9,0.0,0.0
16188,3.068087e-06,1,0.0,19920.0,13,0.0,0.0
16189,0.026012909,0,0.0,1300.0,1,0.0,0.0
16190,0.92889065,0,1.0,4640.0,23,0.0,0.0
16191,0.9982343,0,1.0,8910.0,25,0.0,0.0
16192,0.8721579,0,1.0,1050.0,5,0.0,0.0
16193,0.0020358243,0,0.0,560.0,7,0.0,0.0
16194,0.016892409,0,0.0,39890.0,77,0.0,0.0
16195,0.33232296,0,0.0,3150.0,2,0.0,0.0
16196,0.77551866,0,0.0,3410.0,42,0.0,0.0
16197,5.820395e-05,0,0.0,5050.0,42,0.0,0.0
16198,0.95326304,0,1.0,1340.0,5,0.0,0.0
16199,0.99981254,0,1.0,820.0,2,0.0,0.0
16200,0.0004576541,0,0.0,2170.0,79,0.0,0.0
16201,0.00010133353,0,0.0,12100.0,25,0.0,0.0
16202,0.79477555,0,0.0,810.0,5,0.0,0.0
16203,0.023559986,0,0.0,760.0,1,0.0,0.0
16204,0.1294341,0,0.0,1240.0,2,0.0,0.0
16205,0.3602032,0,0.0,38280.0,81,0.0,0.0
16206,0.99553347,0,1.0,710.0,3,0.0,0.0
16207,0.017527645,0,0.0,24040.0,94,0.0,0.0
16208,0.00049966486,0,0.0,1290.0,1,0.0,0.0
16209,0.5666052,0,0.0,2720.0,4,0.0,0.0
16210,0.6253035,0,0.0,2910.0,4,0.0,0.0
16211,0.0004299464,0,0.0,2650.0,22,0.0,0.0
16212,0.027028732,0,0.0,2290.0,7,0.0,0.0
16213,0.010631835,0,0.0,4080.0,33,0.0,0.0
16214,0.00024638107,0,0.0,1770.0,9,0.0,0.0
16215,2.3778068e-07,0,0.0,4010.0,42,0.0,0.0
16216,0.0010023015,0,0.0,16310.0,82,0.0,0.0
16217,0.6683096,0,0.0,1850.0,52,0.0,0.0
16218,0.98865116,0,1.0,1560.0,81,0.0,0.0
16219,0.7240195,0,0.0,5250.0,57,0.0,0.0
16220,0.9987956,0,1.0,2630.0,62,0.0,0.0
16221,0.43220118,0,0.0,1140.0,5,0.0,0.0
16222,3.2639146e-05,0,0.0,780.0,1,0.0,0.0
16223,1.9197503e-05,0,0.0,9820.0,83,0.0,0.0
16224,0.9969598,0,1.0,45160.0,85,0.0,0.0
16225,0.0041182656,0,0.0,33710.0,83,0.0,0.0
16226,0.95778173,0,1.0,8510.0,21,0.0,0.0
16227,6.1620274e-05,0,0.0,2040.0,11,0.0,0.0
16228,0.2906674,0,0.0,2180.0,43,0.0,0.0
16229,0.8450389,0,0.0,2230.0,4,0.0,0.0
16230,0.036329743,0,0.0,4850.0,29,0.0,0.0
16231,0.98530245,0,1.0,1280.0,1,0.0,0.0
16232,0.9846473,0,1.0,1820.0,23,0.0,0.0
16233,0.33856043,0,0.0,1080.0,63,0.0,0.0
16234,0.4814237,0,0.0,2070.0,14,0.0,0.0
16235,0.0002066111,0,0.0,41320.0,102,0.0,0.0
16236,0.00038625777,0,0.0,2970.0,82,0.0,0.0
16237,0.052276045,0,0.0,2260.0,39,0.0,0.0
16238,0.0060879667,0,0.0,1800.0,10,0.0,0.0
16239,0.3417318,0,0.0,2240.0,26,0.0,0.0
16240,0.997488,0,1.0,2740.0,5,0.0,0.0
16241,0.077887945,0,0.0,20800.0,15,0.0,0.0
16242,0.9874679,0,1.0,1940.0,12,0.0,0.0
16243,0.09502502,0,0.0,21600.0,27,0.0,0.0
16244,0.015488293,0,0.0,8850.0,69,0.0,0.0
16245,0.007491905,0,0.0,14240.0,98,0.0,0.0
16246,6.135285e-05,0,0.0,7580.0,57,0.0,0.0
16247,0.94889206,0,1.0,1230.0,96,0.0,0.0
16248,0.00048046204,0,0.0,8160.0,61,0.0,0.0
16249,0.9663794,0,1.0,750.0,9,0.0,0.0
16250,0.05481548,0,0.0,1330.0,3,0.0,0.0
16251,0.9834345,0,1.0,1310.0,1,0.0,0.0
16252,3.9612514e-05,0,0.0,3960.0,29,0.0,0.0
16253,0.95124197,0,1.0,1620.0,23,0.0,0.0
16254,0.9970137,0,1.0,65780.0,103,0.0,0.0
16255,0.991148,1,1.0,5170.0,13,1.0,5170.0
16256,0.0023013712,0,0.0,5950.0,49,0.0,0.0
16257,1.734747e-05,0,0.0,1700.0,48,0.0,0.0
16258,0.99775344,0,1.0,6520.0,97,0.0,0.0
16259,0.70505965,0,0.0,1390.0,51,0.0,0.0
16260,0.930704,0,1.0,77060.0,111,0.0,0.0
16261,0.8599864,0,1.0,1320.0,5,0.0,0.0
16262,0.006475188,0,0.0,620.0,4,0.0,0.0
16263,0.9814543,0,1.0,5810.0,63,0.0,0.0
16264,0.00050808897,0,0.0,990.0,4,0.0,0.0
16265,0.3012949,0,0.0,1190.0,3,0.0,0.0
16266,0.0016111619,0,0.0,28140.0,71,0.0,0.0
16267,0.113189965,0,0.0,1010.0,1,0.0,0.0
16268,0.9072246,0,1.0,5460.0,12,0.0,0.0
16269,0.9386671,0,1.0,7320.0,72,0.0,0.0
16270,5.475747e-05,0,0.0,1100.0,2,0.0,0.0
16271,0.353691,0,0.0,1320.0,5,0.0,0.0
16272,0.964406,0,1.0,1120.0,9,0.0,0.0
16273,0.87548494,0,1.0,31240.0,46,0.0,0.0
16274,0.29550743,0,0.0,2070.0,12,0.0,0.0
16275,0.994938,0,1.0,5460.0,102,0.0,0.0
16276,0.6482252,0,0.0,780.0,2,0.0,0.0
16277,0.023229793,0,0.0,5380.0,11,0.0,0.0
16278,0.09897406,0,0.0,2030.0,3,0.0,0.0
16279,0.015454974,0,0.0,9470.0,26,0.0,0.0
16280,0.97608703,0,1.0,3680.0,8,0.0,0.0
16281,0.34229013,0,0.0,3580.0,23,0.0,0.0
16282,0.49766544,0,0.0,1350.0,1,0.0,0.0
16283,0.5842594,0,0.0,2720.0,5,0.0,0.0
16284,0.04612706,0,0.0,2190.0,42,0.0,0.0
16285,0.023752416,0,0.0,1130.0,6,0.0,0.0
16286,0.0041153627,0,0.0,8190.0,24,0.0,0.0
16287,0.99444085,0,1.0,1540.0,9,0.0,0.0
16288,0.9110031,0,1.0,1310.0,6,0.0,0.0
16289,0.43039984,0,0.0,1930.0,6,0.0,0.0
16290,0.06872621,0,0.0,1990.0,51,0.0,0.0
16291,0.9123545,0,1.0,4450.0,14,0.0,0.0
16292,0.0008883401,0,0.0,2240.0,2,0.0,0.0
16293,0.04393989,0,0.0,37820.0,95,0.0,0.0
16294,0.3330347,0,0.0,3080.0,29,0.0,0.0
16295,0.99489367,0,1.0,4820.0,10,0.0,0.0
16296,0.033073153,0,0.0,77670.0,120,0.0,0.0
16297,0.46895483,0,0.0,1150.0,1,0.0,0.0
16298,0.042302497,0,0.0,35320.0,29,0.0,0.0
16299,0.005379417,0,0.0,15280.0,32,0.0,0.0
16300,0.9181727,0,1.0,9240.0,89,0.0,0.0
16301,0.87778383,0,1.0,8000.0,29,0.0,0.0
16302,0.74076045,0,0.0,9950.0,23,0.0,0.0
16303,0.9642107,0,1.0,1850.0,7,0.0,0.0
16304,0.09411148,0,0.0,2310.0,12,0.0,0.0
16305,0.5997752,0,0.0,630.0,3,0.0,0.0
16306,0.78151155,0,0.0,5040.0,44,0.0,0.0
16307,0.83384305,0,0.0,1440.0,10,0.0,0.0
16308,0.11775964,0,0.0,3300.0,17,0.0,0.0
16309,0.957305,0,1.0,6190.0,42,0.0,0.0
16310,0.00094317837,0,0.0,830.0,1,0.0,0.0
16311,0.14523853,0,0.0,2120.0,2,0.0,0.0
16312,0.11610141,0,0.0,1120.0,7,0.0,0.0
16313,0.018973501,1,0.0,4510.0,13,0.0,0.0
16314,0.08140888,0,0.0,3180.0,11,0.0,0.0
16315,0.94307905,0,1.0,39180.0,80,0.0,0.0
16316,0.0006253449,0,0.0,680.0,7,0.0,0.0
16317,0.89665365,0,1.0,1110.0,1,0.0,0.0
16318,0.034751985,0,0.0,560.0,2,0.0,0.0
16319,0.38876984,0,0.0,2750.0,10,0.0,0.0
16320,0.47526726,0,0.0,700.0,1,0.0,0.0
16321,0.056158427,0,0.0,4020.0,16,0.0,0.0
16322,0.058207132,0,0.0,52290.0,68,0.0,0.0
16323,0.72321033,0,0.0,1440.0,2,0.0,0.0
16324,0.98769826,0,1.0,7020.0,65,0.0,0.0
16325,0.005162402,0,0.0,4750.0,23,0.0,0.0
16326,0.030776832,0,0.0,750.0,2,0.0,0.0
16327,0.4773269,0,0.0,1040.0,6,0.0,0.0
16328,0.8969416,1,1.0,2850.0,13,1.0,2850.0
16329,0.17504644,0,0.0,1560.0,3,0.0,0.0
16330,0.7390763,0,0.0,1100.0,6,0.0,0.0
16331,0.9999459,0,1.0,37240.0,55,0.0,0.0
16332,0.20246488,0,0.0,3480.0,41,0.0,0.0
16333,0.6507631,0,0.0,1560.0,9,0.0,0.0
16334,1.7949104e-06,0,0.0,1850.0,65,0.0,0.0
16335,0.010253634,0,0.0,6170.0,46,0.0,0.0
16336,0.06843466,0,0.0,47340.0,105,0.0,0.0
16337,0.98363584,0,1.0,4500.0,1,0.0,0.0
16338,0.9896513,0,1.0,600.0,9,0.0,0.0
16339,0.6138702,0,0.0,1240.0,24,0.0,0.0
16340,0.99811196,0,1.0,4100.0,23,0.0,0.0
16341,0.9975809,0,1.0,19170.0,61,0.0,0.0
16342,0.0008796197,0,0.0,3210.0,44,0.0,0.0
16343,0.20985825,0,0.0,13860.0,37,0.0,0.0
16344,0.41173726,0,0.0,1950.0,9,0.0,0.0
16345,5.8382047e-05,0,0.0,1620.0,72,0.0,0.0
16346,0.0011478427,0,0.0,3570.0,44,0.0,0.0
16347,0.007782554,0,0.0,12260.0,46,0.0,0.0
16348,0.97182435,0,1.0,1280.0,22,0.0,0.0
16349,3.843334e-05,0,0.0,10230.0,89,0.0,0.0
16350,5.783584e-07,0,0.0,2170.0,54,0.0,0.0
16351,0.9995907,1,1.0,810.0,13,1.0,810.0
16352,0.00022952509,0,0.0,1020.0,12,0.0,0.0
16353,0.9995492,0,1.0,2840.0,23,0.0,0.0
16354,0.00033207957,0,0.0,1300.0,2,0.0,0.0
16355,0.59201497,0,0.0,1750.0,5,0.0,0.0
16356,0.001293594,0,0.0,4330.0,72,0.0,0.0
16357,0.554657,0,0.0,2860.0,10,0.0,0.0
16358,0.0025666847,0,0.0,4570.0,4,0.0,0.0
16359,0.97250307,0,1.0,22980.0,55,0.0,0.0
16360,0.57816297,0,0.0,700.0,3,0.0,0.0
16361,0.8782486,0,1.0,1610.0,23,0.0,0.0
16362,0.9998952,1,1.0,1190.0,13,1.0,1190.0
16363,0.33485872,0,0.0,950.0,9,0.0,0.0
16364,0.00096648256,0,0.0,610.0,21,0.0,0.0
16365,0.8630779,0,1.0,1240.0,5,0.0,0.0
16366,0.018128531,0,0.0,1270.0,2,0.0,0.0
16367,0.01579378,0,0.0,1060.0,73,0.0,0.0
16368,0.001771829,0,0.0,840.0,26,0.0,0.0
16369,3.4473153e-06,0,0.0,2990.0,47,0.0,0.0
16370,0.0015398544,0,0.0,5320.0,9,0.0,0.0
16371,9.9828496e-05,0,0.0,820.0,21,0.0,0.0
16372,0.0006943333,0,0.0,630.0,1,0.0,0.0
16373,0.99928266,1,1.0,670.0,13,1.0,670.0
16374,0.48398098,0,0.0,8160.0,56,0.0,0.0
16375,0.7483214,0,0.0,1310.0,6,0.0,0.0
16376,0.99868816,0,1.0,5470.0,82,0.0,0.0
16377,0.78012186,0,0.0,31690.0,102,0.0,0.0
16378,0.97292477,0,1.0,960.0,9,0.0,0.0
16379,0.9814509,0,1.0,1970.0,2,0.0,0.0
16380,0.016754897,0,0.0,48940.0,71,0.0,0.0
16381,0.94132054,0,1.0,750.0,6,0.0,0.0
16382,0.0127862515,0,0.0,3150.0,48,0.0,0.0
16383,0.9999424,0,1.0,600.0,3,0.0,0.0
16384,0.0046698013,0,0.0,690.0,2,0.0,0.0
16385,0.99993074,0,1.0,6360.0,21,0.0,0.0
16386,0.9547504,0,1.0,410.0,1,0.0,0.0
16387,0.0014072077,0,0.0,2220.0,10,0.0,0.0
16388,0.91256446,0,1.0,1770.0,12,0.0,0.0
16389,0.0027346795,0,0.0,16090.0,12,0.0,0.0
16390,0.011469105,0,0.0,2330.0,22,0.0,0.0
16391,0.0003873838,0,0.0,2760.0,65,0.0,0.0
16392,0.99954444,0,1.0,2030.0,6,0.0,0.0
16393,0.13159022,0,0.0,370.0,2,0.0,0.0
16394,0.18681675,0,0.0,6290.0,15,0.0,0.0
16395,0.13683411,0,0.0,860.0,1,0.0,0.0
16396,9.600706e-05,0,0.0,11360.0,43,0.0,0.0
16397,0.89461404,0,1.0,1280.0,3,0.0,0.0
16398,6.045859e-05,0,0.0,17320.0,21,0.0,0.0
16399,0.12431631,0,0.0,2680.0,21,0.0,0.0
16400,0.43965745,0,0.0,21870.0,51,0.0,0.0
16401,0.00890863,0,0.0,21620.0,19,0.0,0.0
16402,0.0018044825,0,0.0,4260.0,12,0.0,0.0
16403,0.34337828,0,0.0,6150.0,61,0.0,0.0
16404,8.64214e-05,0,0.0,680.0,6,0.0,0.0
16405,0.0699288,0,0.0,5180.0,4,0.0,0.0
16406,0.85944235,0,1.0,1570.0,7,0.0,0.0
16407,0.00018378509,1,0.0,5870.0,13,0.0,0.0
16408,0.9996762,0,1.0,1140.0,6,0.0,0.0
16409,0.0032928681,0,0.0,1400.0,7,0.0,0.0
16410,0.39964357,0,0.0,3870.0,5,0.0,0.0
16411,0.01568324,0,0.0,2690.0,12,0.0,0.0
16412,0.02860717,0,0.0,960.0,1,0.0,0.0
16413,0.92376864,0,1.0,6860.0,21,0.0,0.0
16414,0.009892636,0,0.0,7110.0,43,0.0,0.0
16415,0.0051821633,0,0.0,4340.0,2,0.0,0.0
16416,0.081288435,1,0.0,890.0,13,0.0,0.0
16417,0.98850095,0,1.0,1190.0,7,0.0,0.0
16418,0.95401317,0,1.0,3000.0,8,0.0,0.0
16419,0.009067009,0,0.0,710.0,1,0.0,0.0
16420,5.619544e-06,0,0.0,1030.0,10,0.0,0.0
16421,0.0010988693,0,0.0,6060.0,30,0.0,0.0
16422,0.8923971,0,1.0,2020.0,22,0.0,0.0
16423,0.006183497,0,0.0,5330.0,67,0.0,0.0
16424,0.000319647,0,0.0,1820.0,22,0.0,0.0
16425,0.045379054,0,0.0,5370.0,8,0.0,0.0
16426,0.004971764,0,0.0,3300.0,41,0.0,0.0
16427,0.89411294,0,1.0,880.0,3,0.0,0.0
16428,0.0344968,0,0.0,3900.0,21,0.0,0.0
16429,0.4226191,0,0.0,4350.0,12,0.0,0.0
16430,5.774167e-05,1,0.0,5290.0,13,0.0,0.0
16431,0.9309125,0,1.0,670.0,1,0.0,0.0
16432,0.20135705,0,0.0,6120.0,30,0.0,0.0
16433,0.9434776,0,1.0,2140.0,3,0.0,0.0
16434,0.0047319047,0,0.0,1420.0,24,0.0,0.0
16435,0.026923241,0,0.0,8220.0,42,0.0,0.0
16436,0.0032684016,0,0.0,1990.0,14,0.0,0.0
16437,0.9939632,0,1.0,43300.0,97,0.0,0.0
16438,0.9993399,0,1.0,480.0,1,0.0,0.0
16439,0.36842236,0,0.0,1150.0,1,0.0,0.0
16440,0.7838224,0,0.0,6150.0,79,0.0,0.0
16441,0.26958886,0,0.0,6800.0,62,0.0,0.0
16442,0.9081558,0,1.0,7490.0,21,0.0,0.0
16443,0.031618863,0,0.0,7200.0,102,0.0,0.0
16444,0.03808892,0,0.0,39640.0,99,0.0,0.0
16445,0.999783,0,1.0,1140.0,5,0.0,0.0
16446,1.06620855e-05,0,0.0,1210.0,49,0.0,0.0
16447,0.98248017,0,1.0,1220.0,6,0.0,0.0
16448,0.9730787,0,1.0,1420.0,6,0.0,0.0
16449,0.6661122,0,0.0,30790.0,64,0.0,0.0
16450,0.87636566,0,1.0,20940.0,61,0.0,0.0
16451,0.002972841,0,0.0,2300.0,9,0.0,0.0
16452,0.0015326813,0,0.0,10350.0,79,0.0,0.0
16453,0.99512815,0,1.0,1670.0,33,0.0,0.0
16454,0.8172517,0,0.0,25440.0,56,0.0,0.0
16455,0.01454345,0,0.0,2730.0,17,0.0,0.0
16456,0.65674543,0,0.0,5800.0,78,0.0,0.0
16457,0.17445134,0,0.0,590.0,1,0.0,0.0
16458,0.0010888153,0,0.0,2100.0,29,0.0,0.0
16459,0.0040315283,0,0.0,630.0,2,0.0,0.0
16460,0.9539102,0,1.0,770.0,5,0.0,0.0
16461,0.0012448907,0,0.0,620.0,1,0.0,0.0
16462,0.00047568788,0,0.0,3690.0,43,0.0,0.0
16463,0.16758615,0,0.0,1120.0,10,0.0,0.0
16464,0.023157865,0,0.0,2070.0,6,0.0,0.0
16465,0.001284847,0,0.0,1600.0,8,0.0,0.0
16466,0.00034320424,0,0.0,3900.0,11,0.0,0.0
16467,2.2655751e-05,0,0.0,87060.0,114,0.0,0.0
16468,0.68252987,0,0.0,2170.0,17,0.0,0.0
16469,0.99717677,0,1.0,12730.0,18,0.0,0.0
16470,0.99997175,0,1.0,1140.0,14,0.0,0.0
16471,0.022079024,0,0.0,8080.0,22,0.0,0.0
16472,0.015715638,0,0.0,550.0,2,0.0,0.0
16473,0.032825213,0,0.0,7700.0,41,0.0,0.0
16474,0.06795092,0,0.0,2380.0,1,0.0,0.0
16475,0.0033019593,0,0.0,7830.0,35,0.0,0.0
16476,0.00035777895,0,0.0,3160.0,10,0.0,0.0
16477,0.009787411,0,0.0,7060.0,8,0.0,0.0
16478,0.9670214,0,1.0,890.0,5,0.0,0.0
16479,0.9998031,0,1.0,1180.0,15,0.0,0.0
16480,0.17805319,0,0.0,3470.0,12,0.0,0.0
16481,0.9984529,0,1.0,610.0,1,0.0,0.0
16482,0.04903621,0,0.0,900.0,7,0.0,0.0
16483,0.75769025,0,0.0,55610.0,100,0.0,0.0
16484,0.99980134,0,1.0,1860.0,61,0.0,0.0
16485,0.005489626,0,0.0,1520.0,6,0.0,0.0
16486,1.2870215e-05,0,0.0,3050.0,41,0.0,0.0
16487,0.0678289,0,0.0,10680.0,19,0.0,0.0
16488,2.22061e-05,0,0.0,3390.0,69,0.0,0.0
16489,9.757197e-06,0,0.0,2280.0,11,0.0,0.0
16490,1.1282384e-06,0,0.0,5630.0,65,0.0,0.0
16491,9.864362e-06,0,0.0,1460.0,9,0.0,0.0
16492,7.649323e-06,0,0.0,930.0,21,0.0,0.0
16493,0.9998448,0,1.0,800.0,3,0.0,0.0
16494,0.0076622115,0,0.0,25560.0,83,0.0,0.0
16495,0.997322,0,1.0,3340.0,8,0.0,0.0
16496,0.00043146388,0,0.0,1060.0,2,0.0,0.0
16497,0.13018705,0,0.0,770.0,2,0.0,0.0
16498,0.06924922,0,0.0,1350.0,61,0.0,0.0
16499,0.921993,0,1.0,1160.0,84,0.0,0.0
16500,0.34254053,0,0.0,7560.0,65,0.0,0.0
16501,0.9658601,0,1.0,13290.0,20,0.0,0.0
16502,0.03907053,0,0.0,2050.0,42,0.0,0.0
16503,0.3712894,0,0.0,1450.0,27,0.0,0.0
16504,0.9961511,0,1.0,780.0,14,0.0,0.0
16505,0.018104289,0,0.0,1480.0,45,0.0,0.0
16506,0.0019816076,0,0.0,3490.0,65,0.0,0.0
16507,4.6653127e-05,0,0.0,3740.0,24,0.0,0.0
16508,9.7468794e-05,0,0.0,2810.0,14,0.0,0.0
16509,9.996518e-06,0,0.0,6060.0,2,0.0,0.0
16510,0.80542177,0,0.0,6640.0,7,0.0,0.0
16511,2.7700726e-05,0,0.0,3640.0,43,0.0,0.0
16512,0.0016798035,0,0.0,12060.0,66,0.0,0.0
16513,0.741665,0,0.0,1240.0,3,0.0,0.0
16514,0.80454206,0,0.0,2300.0,15,0.0,0.0
16515,0.00010803133,0,0.0,3280.0,74,0.0,0.0
16516,0.9999609,0,1.0,7560.0,23,0.0,0.0
16517,0.9999838,0,1.0,1630.0,37,0.0,0.0
16518,0.9972058,0,1.0,550.0,7,0.0,0.0
16519,0.08178858,0,0.0,3430.0,44,0.0,0.0
16520,0.87938845,0,1.0,560.0,1,0.0,0.0
16521,0.00042268872,0,0.0,1650.0,66,0.0,0.0
16522,1.4961614e-06,0,0.0,990.0,41,0.0,0.0
16523,0.9761397,0,1.0,6490.0,3,0.0,0.0
16524,0.0007679362,0,0.0,2490.0,66,0.0,0.0
16525,0.91791326,0,1.0,1200.0,7,0.0,0.0
16526,0.0055732694,0,0.0,800.0,23,0.0,0.0
16527,0.99127465,0,1.0,2500.0,23,0.0,0.0
16528,0.11252192,0,0.0,1690.0,2,0.0,0.0
16529,0.00037739065,0,0.0,890.0,1,0.0,0.0
16530,0.99752516,0,1.0,10770.0,83,0.0,0.0
16531,0.017290426,0,0.0,740.0,1,0.0,0.0
16532,0.33633333,0,0.0,1620.0,61,0.0,0.0
16533,0.014237529,0,0.0,12700.0,101,0.0,0.0
16534,6.7981906e-05,0,0.0,26580.0,23,0.0,0.0
16535,0.0020252736,0,0.0,9090.0,78,0.0,0.0
16536,0.5742679,0,0.0,13590.0,23,0.0,0.0
16537,0.38948503,0,0.0,1550.0,1,0.0,0.0
16538,0.6961052,0,0.0,1510.0,3,0.0,0.0
16539,0.1412633,0,0.0,930.0,3,0.0,0.0
16540,0.27212673,0,0.0,15460.0,32,0.0,0.0
16541,0.010916976,0,0.0,430.0,1,0.0,0.0
16542,0.22646241,0,0.0,430.0,1,0.0,0.0
16543,0.6631204,0,0.0,1490.0,10,0.0,0.0
16544,0.0056937705,0,0.0,3480.0,22,0.0,0.0
16545,1.0683048e-06,0,0.0,1100.0,8,0.0,0.0
16546,8.420663e-06,0,0.0,1450.0,5,0.0,0.0
16547,0.9865813,0,1.0,990.0,6,0.0,0.0
16548,0.9960808,0,1.0,480.0,5,0.0,0.0
16549,0.86099774,0,1.0,10750.0,4,0.0,0.0
16550,0.999726,0,1.0,2050.0,6,0.0,0.0
16551,0.89604753,0,1.0,3590.0,23,0.0,0.0
16552,0.0046856194,0,0.0,640.0,1,0.0,0.0
16553,0.016544726,0,0.0,10450.0,17,0.0,0.0
16554,0.23697838,0,0.0,3480.0,83,0.0,0.0
16555,0.14996035,0,0.0,1250.0,22,0.0,0.0
16556,0.15763842,0,0.0,3020.0,14,0.0,0.0
16557,0.29343924,0,0.0,1320.0,1,0.0,0.0
16558,8.0495876e-05,0,0.0,10750.0,70,0.0,0.0
16559,0.015112691,0,0.0,450.0,2,0.0,0.0
16560,2.0702815e-05,0,0.0,4870.0,33,0.0,0.0
16561,0.99486804,0,1.0,25990.0,42,0.0,0.0
16562,0.99134105,0,1.0,2060.0,31,0.0,0.0
16563,0.003629228,0,0.0,8860.0,24,0.0,0.0
16564,0.9216986,0,1.0,710.0,6,0.0,0.0
16565,0.0009540479,0,0.0,2990.0,5,0.0,0.0
16566,2.3576679e-06,0,0.0,8590.0,61,0.0,0.0
16567,0.00016866594,0,0.0,3550.0,25,0.0,0.0
16568,0.00072676654,0,0.0,1720.0,42,0.0,0.0
16569,0.98728335,0,1.0,990.0,9,0.0,0.0
16570,0.6877199,0,0.0,990.0,1,0.0,0.0
16571,0.9990669,1,1.0,590.0,13,1.0,590.0
16572,0.007280274,0,0.0,45340.0,96,0.0,0.0
16573,0.12109022,0,0.0,1500.0,41,0.0,0.0
16574,0.4223011,0,0.0,9040.0,73,0.0,0.0
16575,0.030791856,0,0.0,2390.0,42,0.0,0.0
16576,0.28374732,0,0.0,1670.0,71,0.0,0.0
16577,0.0123310415,0,0.0,18760.0,84,0.0,0.0
16578,0.1928201,0,0.0,2030.0,87,0.0,0.0
16579,0.00250744,0,0.0,15690.0,10,0.0,0.0
16580,0.00081624294,0,0.0,2820.0,5,0.0,0.0
16581,0.00092842913,0,0.0,1640.0,25,0.0,0.0
16582,0.24294463,1,0.0,880.0,13,0.0,0.0
16583,0.95407,0,1.0,1220.0,7,0.0,0.0
16584,0.48153248,0,0.0,4310.0,70,0.0,0.0
16585,0.98612934,0,1.0,2280.0,16,0.0,0.0
16586,1.7852735e-06,0,0.0,980.0,71,0.0,0.0
16587,0.0001390085,0,0.0,3600.0,47,0.0,0.0
16588,2.9998462e-06,0,0.0,1080.0,1,0.0,0.0
16589,0.5164898,0,0.0,1880.0,34,0.0,0.0
16590,0.05702602,0,0.0,1530.0,50,0.0,0.0
16591,0.00013570559,0,0.0,930.0,17,0.0,0.0
16592,0.8340623,0,0.0,2330.0,42,0.0,0.0
16593,0.93260837,0,1.0,1970.0,81,0.0,0.0
16594,0.0596153,0,0.0,670.0,2,0.0,0.0
16595,0.001827749,0,0.0,3540.0,29,0.0,0.0
16596,0.08603671,0,0.0,1580.0,4,0.0,0.0
16597,0.001253144,0,0.0,14080.0,16,0.0,0.0
16598,0.0025931145,0,0.0,2370.0,11,0.0,0.0
16599,2.3287712e-05,0,0.0,1170.0,10,0.0,0.0
16600,0.9853976,0,1.0,8000.0,117,0.0,0.0
16601,0.8870026,0,1.0,34590.0,87,0.0,0.0
16602,0.0030045856,0,0.0,3720.0,69,0.0,0.0
16603,5.2529005e-05,0,0.0,2400.0,7,0.0,0.0
16604,0.08927354,0,0.0,5300.0,106,0.0,0.0
16605,0.111771114,0,0.0,12780.0,4,0.0,0.0
16606,0.0003620795,0,0.0,5260.0,41,0.0,0.0
16607,0.2665361,0,0.0,11350.0,62,0.0,0.0
16608,0.99999535,0,1.0,1110.0,5,0.0,0.0
16609,0.68490285,0,0.0,2700.0,9,0.0,0.0
16610,0.20564438,0,0.0,960.0,9,0.0,0.0
16611,0.019576106,0,0.0,820.0,6,0.0,0.0
16612,0.0005965326,0,0.0,820.0,8,0.0,0.0
16613,0.015505868,0,0.0,6240.0,8,0.0,0.0
16614,0.017829657,0,0.0,1370.0,4,0.0,0.0
16615,0.010847803,0,0.0,4490.0,21,0.0,0.0
16616,0.9271681,0,1.0,18480.0,77,0.0,0.0
16617,0.9999913,0,1.0,18500.0,21,0.0,0.0
16618,0.9980058,0,1.0,690.0,7,0.0,0.0
16619,0.35692286,0,0.0,47410.0,48,0.0,0.0
16620,0.20284571,0,0.0,2190.0,18,0.0,0.0
16621,0.40250966,0,0.0,1310.0,6,0.0,0.0
16622,0.0015042531,0,0.0,2590.0,67,0.0,0.0
16623,0.0011672055,0,0.0,14090.0,59,0.0,0.0
16624,0.19931231,0,0.0,11260.0,50,0.0,0.0
16625,5.6506974e-06,0,0.0,6920.0,44,0.0,0.0
16626,0.983094,0,1.0,16810.0,63,0.0,0.0
16627,0.9999993,0,1.0,730.0,3,0.0,0.0
16628,0.69992936,0,0.0,2240.0,3,0.0,0.0
16629,0.9970694,0,1.0,1280.0,1,0.0,0.0
16630,0.99878436,0,1.0,850.0,3,0.0,0.0
16631,0.42110303,0,0.0,620.0,5,0.0,0.0
16632,9.746981e-05,0,0.0,3990.0,12,0.0,0.0
16633,0.31927177,0,0.0,4990.0,67,0.0,0.0
16634,0.017958716,0,0.0,13010.0,78,0.0,0.0
16635,0.0050001913,0,0.0,3420.0,5,0.0,0.0
16636,0.0012977484,0,0.0,1700.0,6,0.0,0.0
16637,0.011747672,0,0.0,27430.0,114,0.0,0.0
16638,0.0073678647,0,0.0,24170.0,118,0.0,0.0
16639,0.07476822,0,0.0,1410.0,22,0.0,0.0
16640,0.003117555,0,0.0,1560.0,1,0.0,0.0
16641,0.35346898,0,0.0,5020.0,23,0.0,0.0
16642,0.051404294,0,0.0,2970.0,21,0.0,0.0
16643,0.41684943,0,0.0,820.0,6,0.0,0.0
16644,0.00088911457,0,0.0,26510.0,48,0.0,0.0
16645,8.2142025e-05,0,0.0,1410.0,1,0.0,0.0
16646,0.89212644,0,1.0,1720.0,106,0.0,0.0
16647,3.3512282e-05,0,0.0,36820.0,119,0.0,0.0
16648,0.12865719,0,0.0,4020.0,113,0.0,0.0
16649,0.9439998,0,1.0,720.0,8,0.0,0.0
16650,0.010248486,0,0.0,8880.0,31,0.0,0.0
16651,0.99967074,0,1.0,3920.0,1,0.0,0.0
16652,0.06369972,0,0.0,1010.0,2,0.0,0.0
16653,0.008932799,0,0.0,720.0,61,0.0,0.0
16654,0.005787392,0,0.0,7120.0,12,0.0,0.0
16655,0.00011252203,0,0.0,1710.0,6,0.0,0.0
16656,1.2060733e-06,0,0.0,7690.0,48,0.0,0.0
16657,0.05656559,0,0.0,6170.0,8,0.0,0.0
16658,0.16285752,0,0.0,6350.0,4,0.0,0.0
16659,0.48756123,0,0.0,2370.0,9,0.0,0.0
16660,0.0029734373,0,0.0,820.0,2,0.0,0.0
16661,0.0007206309,0,0.0,940.0,8,0.0,0.0
16662,0.030771157,0,0.0,2500.0,25,0.0,0.0
16663,0.052266467,0,0.0,5180.0,10,0.0,0.0
16664,0.010626727,0,0.0,630.0,22,0.0,0.0
16665,0.362965,0,0.0,4180.0,22,0.0,0.0
16666,0.27148438,0,0.0,550.0,1,0.0,0.0
16667,0.026113478,0,0.0,4600.0,14,0.0,0.0
16668,0.7239768,0,0.0,1640.0,1,0.0,0.0
16669,0.9783691,0,1.0,2780.0,3,0.0,0.0
16670,0.78602284,0,0.0,2960.0,19,0.0,0.0
16671,0.003429348,0,0.0,2850.0,19,0.0,0.0
16672,0.45079356,0,0.0,2940.0,102,0.0,0.0
16673,0.9690549,0,1.0,840.0,14,0.0,0.0
16674,0.9115793,0,1.0,500.0,1,0.0,0.0
16675,0.20757791,0,0.0,1490.0,10,0.0,0.0
16676,0.18763897,0,0.0,3260.0,12,0.0,0.0
16677,0.05581613,0,0.0,6970.0,93,0.0,0.0
16678,0.9981509,0,1.0,5140.0,16,0.0,0.0
16679,0.012451541,0,0.0,14080.0,87,0.0,0.0
16680,0.00024191018,0,0.0,27140.0,66,0.0,0.0
16681,0.008884606,0,0.0,22470.0,102,0.0,0.0
16682,0.27472416,0,0.0,70430.0,72,0.0,0.0
16683,0.009585466,0,0.0,14570.0,68,0.0,0.0
16684,0.8135195,0,0.0,8170.0,23,0.0,0.0
16685,0.036921054,0,0.0,1300.0,12,0.0,0.0
16686,0.99991715,0,1.0,900.0,1,0.0,0.0
16687,0.7334533,1,0.0,2430.0,13,0.0,0.0
16688,0.0018284102,0,0.0,780.0,6,0.0,0.0
16689,0.0015563746,0,0.0,1380.0,6,0.0,0.0
16690,0.0005963015,0,0.0,6220.0,22,0.0,0.0
16691,0.00018350685,0,0.0,890.0,8,0.0,0.0
16692,0.00038430508,0,0.0,1740.0,28,0.0,0.0
16693,0.0028897333,0,0.0,800.0,41,0.0,0.0
16694,0.47710136,0,0.0,1600.0,9,0.0,0.0
16695,0.018950956,0,0.0,710.0,17,0.0,0.0
16696,0.9999324,0,1.0,27920.0,36,0.0,0.0
16697,0.0015951982,0,0.0,14690.0,28,0.0,0.0
16698,0.3294393,0,0.0,1160.0,6,0.0,0.0
16699,0.3501231,0,0.0,1460.0,1,0.0,0.0
16700,4.7162805e-05,0,0.0,540.0,2,0.0,0.0
16701,0.0018018906,0,0.0,5340.0,80,0.0,0.0
16702,0.2557567,0,0.0,2240.0,2,0.0,0.0
16703,0.00085039344,0,0.0,2280.0,5,0.0,0.0
16704,0.7139441,0,0.0,4610.0,68,0.0,0.0
16705,0.016302386,0,0.0,3600.0,36,0.0,0.0
16706,0.86438346,0,1.0,1600.0,5,0.0,0.0
16707,2.5358424e-06,0,0.0,14440.0,7,0.0,0.0
16708,0.0817461,0,0.0,1550.0,98,0.0,0.0
16709,0.00042970054,0,0.0,6350.0,4,0.0,0.0
16710,0.99188274,0,1.0,8560.0,117,0.0,0.0
16711,0.9011829,0,1.0,21440.0,64,0.0,0.0
16712,0.08691976,0,0.0,3170.0,19,0.0,0.0
16713,0.0003204971,0,0.0,5510.0,44,0.0,0.0
16714,0.003960099,0,0.0,2540.0,48,0.0,0.0
16715,7.214948e-05,0,0.0,5020.0,68,0.0,0.0
16716,0.0069040568,0,0.0,36550.0,29,0.0,0.0
16717,0.26326838,0,0.0,5820.0,63,0.0,0.0
16718,0.8189374,0,0.0,890.0,1,0.0,0.0
16719,0.8878924,0,1.0,2190.0,82,0.0,0.0
16720,0.50312275,0,0.0,1070.0,1,0.0,0.0
16721,0.0021327122,0,0.0,2760.0,7,0.0,0.0
16722,0.0011019601,0,0.0,1590.0,11,0.0,0.0
16723,0.025466716,1,0.0,1630.0,13,0.0,0.0
16724,0.009919719,0,0.0,830.0,8,0.0,0.0
16725,0.2097574,0,0.0,1620.0,105,0.0,0.0
16726,0.94330007,0,1.0,2390.0,47,0.0,0.0
16727,0.99993646,0,1.0,1100.0,5,0.0,0.0
16728,0.70502836,0,0.0,26610.0,82,0.0,0.0
16729,0.99006325,0,1.0,1010.0,15,0.0,0.0
16730,0.36354333,0,0.0,540.0,1,0.0,0.0
16731,0.0021185472,0,0.0,4570.0,21,0.0,0.0
16732,0.48125634,0,0.0,360.0,1,0.0,0.0
16733,2.767564e-05,0,0.0,590.0,1,0.0,0.0
16734,0.012367647,0,0.0,4910.0,1,0.0,0.0
16735,0.0013477806,0,0.0,1740.0,8,0.0,0.0
16736,0.041693054,0,0.0,3770.0,45,0.0,0.0
16737,0.028145082,0,0.0,810.0,1,0.0,0.0
16738,0.00015920082,0,0.0,4090.0,84,0.0,0.0
16739,0.21178973,0,0.0,600.0,6,0.0,0.0
16740,0.62726134,0,0.0,69680.0,94,0.0,0.0
16741,0.7643698,0,0.0,1190.0,11,0.0,0.0
16742,0.0005106691,0,0.0,1200.0,1,0.0,0.0
16743,0.91236115,0,1.0,26510.0,65,0.0,0.0
16744,0.04113735,0,0.0,700.0,5,0.0,0.0
16745,0.0266808,1,0.0,4430.0,13,0.0,0.0
16746,0.013782843,0,0.0,4030.0,73,0.0,0.0
16747,0.013266989,0,0.0,25250.0,94,0.0,0.0
16748,0.8618872,0,1.0,1740.0,22,0.0,0.0
16749,1.762399e-06,0,0.0,1430.0,11,0.0,0.0
16750,0.013831787,0,0.0,12540.0,30,0.0,0.0
16751,0.99243623,0,1.0,1420.0,5,0.0,0.0
16752,0.011768335,0,0.0,590.0,2,0.0,0.0
16753,0.57658094,0,0.0,6150.0,76,0.0,0.0
16754,0.04612963,0,0.0,940.0,1,0.0,0.0
16755,0.951214,0,1.0,1740.0,10,0.0,0.0
16756,0.9999987,0,1.0,3050.0,12,0.0,0.0
16757,0.00013248996,0,0.0,1300.0,1,0.0,0.0
16758,0.0004558744,0,0.0,6370.0,113,0.0,0.0
16759,1.4255101e-05,0,0.0,7440.0,45,0.0,0.0
16760,0.05809054,0,0.0,49890.0,61,0.0,0.0
16761,0.037877113,0,0.0,28140.0,114,0.0,0.0
16762,0.87172484,0,1.0,5400.0,60,0.0,0.0
16763,0.91171503,0,1.0,950.0,8,0.0,0.0
16764,0.9991591,0,1.0,1650.0,10,0.0,0.0
16765,0.017576784,0,0.0,2040.0,7,0.0,0.0
16766,0.0006151247,0,0.0,680.0,5,0.0,0.0
16767,0.0026027877,0,0.0,26750.0,81,0.0,0.0
16768,0.00446204,0,0.0,4390.0,10,0.0,0.0
16769,0.0018001745,0,0.0,4590.0,29,0.0,0.0
16770,1.6568642e-05,0,0.0,1160.0,1,0.0,0.0
16771,0.78684366,0,0.0,3520.0,19,0.0,0.0
16772,0.94963366,0,1.0,2990.0,1,0.0,0.0
16773,0.004202615,0,0.0,2800.0,1,0.0,0.0
16774,0.97234297,0,1.0,2450.0,37,0.0,0.0
16775,0.9926662,0,1.0,2220.0,4,0.0,0.0
16776,0.02429387,0,0.0,2420.0,19,0.0,0.0
16777,0.039301697,0,0.0,4200.0,49,0.0,0.0
16778,0.9222589,0,1.0,2500.0,63,0.0,0.0
16779,0.25351846,0,0.0,1980.0,3,0.0,0.0
16780,0.9600407,0,1.0,23290.0,85,0.0,0.0
16781,0.9842865,0,1.0,10500.0,15,0.0,0.0
16782,0.5261779,0,0.0,2150.0,2,0.0,0.0
16783,0.00047416452,0,0.0,780.0,46,0.0,0.0
16784,9.27501e-06,0,0.0,10420.0,4,0.0,0.0
16785,0.34498453,0,0.0,23920.0,105,0.0,0.0
16786,0.027084962,0,0.0,5370.0,48,0.0,0.0
16787,0.010115065,0,0.0,5550.0,103,0.0,0.0
16788,0.084822915,0,0.0,39440.0,63,0.0,0.0
16789,0.13489594,0,0.0,810.0,3,0.0,0.0
16790,0.9925397,0,1.0,12720.0,28,0.0,0.0
16791,0.03753235,0,0.0,1360.0,9,0.0,0.0
16792,0.00019488057,0,0.0,6560.0,21,0.0,0.0
16793,0.02411363,0,0.0,32490.0,46,0.0,0.0
16794,0.7185966,0,0.0,1330.0,5,0.0,0.0
16795,0.9998596,0,1.0,7280.0,18,0.0,0.0
16796,0.9999465,0,1.0,3910.0,23,0.0,0.0
16797,0.0133079365,0,0.0,830.0,11,0.0,0.0
16798,0.0088870535,0,0.0,1780.0,9,0.0,0.0
16799,0.7817564,0,0.0,3770.0,81,0.0,0.0
16800,0.60722744,0,0.0,1860.0,4,0.0,0.0
16801,0.042599898,0,0.0,3110.0,43,0.0,0.0
16802,0.032608792,0,0.0,1240.0,10,0.0,0.0
16803,0.6526106,0,0.0,1590.0,2,0.0,0.0
16804,1.5411599e-06,0,0.0,2310.0,1,0.0,0.0
16805,0.17759852,0,0.0,1190.0,1,0.0,0.0
16806,0.011496856,0,0.0,1290.0,43,0.0,0.0
16807,0.22679847,0,0.0,800.0,2,0.0,0.0
16808,0.99575585,0,1.0,1100.0,3,0.0,0.0
16809,0.002958132,0,0.0,1400.0,6,0.0,0.0
16810,0.43015507,0,0.0,6250.0,29,0.0,0.0
16811,0.9995685,0,1.0,7450.0,85,0.0,0.0
16812,0.049545653,0,0.0,39340.0,47,0.0,0.0
16813,0.0897924,0,0.0,2970.0,11,0.0,0.0
16814,0.036921263,0,0.0,1300.0,9,0.0,0.0
16815,0.23637983,0,0.0,26720.0,53,0.0,0.0
16816,0.0010119071,0,0.0,4010.0,22,0.0,0.0
16817,0.13637784,0,0.0,3030.0,5,0.0,0.0
16818,0.0005983799,0,0.0,3240.0,3,0.0,0.0
16819,0.03837453,0,0.0,23560.0,48,0.0,0.0
16820,0.0002867149,0,0.0,1490.0,50,0.0,0.0
16821,0.0015578661,0,0.0,1190.0,14,0.0,0.0
16822,0.0002474489,0,0.0,4430.0,26,0.0,0.0
16823,0.12116297,0,0.0,1440.0,3,0.0,0.0
16824,0.027339084,0,0.0,10780.0,85,0.0,0.0
16825,0.9999939,0,1.0,3780.0,19,0.0,0.0
16826,0.42486122,0,0.0,17680.0,31,0.0,0.0
16827,0.9973194,0,1.0,6540.0,42,0.0,0.0
16828,0.59552735,0,0.0,12500.0,49,0.0,0.0
16829,0.027091647,0,0.0,3210.0,2,0.0,0.0
16830,0.031756513,0,0.0,15560.0,53,0.0,0.0
16831,0.00020996857,0,0.0,1150.0,6,0.0,0.0
16832,0.00016223644,0,0.0,1090.0,52,0.0,0.0
16833,8.669776e-07,0,0.0,1520.0,48,0.0,0.0
16834,0.9999565,0,1.0,2190.0,85,0.0,0.0
16835,0.004664479,0,0.0,8340.0,26,0.0,0.0
16836,0.9895188,0,1.0,670.0,2,0.0,0.0
16837,0.16934377,0,0.0,12480.0,16,0.0,0.0
16838,0.00014580724,0,0.0,1830.0,30,0.0,0.0
16839,0.351302,0,0.0,6900.0,24,0.0,0.0
16840,0.37526456,0,0.0,1030.0,7,0.0,0.0
16841,0.05014592,0,0.0,4290.0,2,0.0,0.0
16842,0.024441833,0,0.0,400.0,4,0.0,0.0
16843,0.0069354293,0,0.0,1390.0,24,0.0,0.0
16844,0.9702773,0,1.0,3990.0,10,0.0,0.0
16845,0.0042798785,0,0.0,1280.0,9,0.0,0.0
16846,0.42174548,0,0.0,23200.0,80,0.0,0.0
16847,0.004867632,0,0.0,1520.0,8,0.0,0.0
16848,0.18968745,1,0.0,1590.0,13,0.0,0.0
16849,6.987494e-08,0,0.0,3960.0,52,0.0,0.0
16850,6.410055e-07,0,0.0,590.0,46,0.0,0.0
16851,0.9991779,0,1.0,3020.0,21,0.0,0.0
16852,8.648934e-05,0,0.0,860.0,6,0.0,0.0
16853,0.4808979,0,0.0,520.0,2,0.0,0.0
16854,0.18047825,0,0.0,730.0,2,0.0,0.0
16855,0.7466194,0,0.0,530.0,5,0.0,0.0
16856,0.9960906,0,1.0,1560.0,6,0.0,0.0
16857,0.353628,0,0.0,840.0,5,0.0,0.0
16858,0.7744018,0,0.0,9650.0,97,0.0,0.0
16859,0.11148804,0,0.0,800.0,1,0.0,0.0
16860,0.9734563,0,1.0,6850.0,42,0.0,0.0
16861,0.41202247,0,0.0,3010.0,10,0.0,0.0
16862,0.014230778,0,0.0,840.0,11,0.0,0.0
16863,0.820008,0,0.0,13040.0,118,0.0,0.0
16864,0.42109317,0,0.0,23880.0,31,0.0,0.0
16865,0.9997589,1,1.0,1460.0,13,1.0,1460.0
16866,0.40068477,0,0.0,38340.0,34,0.0,0.0
16867,0.98596674,0,1.0,2440.0,11,0.0,0.0
16868,0.9951461,0,1.0,8850.0,32,0.0,0.0
16869,0.92181057,0,1.0,9330.0,30,0.0,0.0
16870,0.502001,0,0.0,3700.0,21,0.0,0.0
16871,0.0011679973,0,0.0,640.0,1,0.0,0.0
16872,0.0005958263,0,0.0,17010.0,82,0.0,0.0
16873,0.25330058,0,0.0,25900.0,68,0.0,0.0
16874,0.13855043,0,0.0,3380.0,61,0.0,0.0
16875,1.3833875e-05,0,0.0,830.0,10,0.0,0.0
16876,0.9987947,0,1.0,6260.0,37,0.0,0.0
16877,2.8456921e-05,0,0.0,500.0,1,0.0,0.0
16878,0.9166609,0,1.0,2860.0,1,0.0,0.0
16879,0.4984309,0,0.0,1830.0,5,0.0,0.0
16880,0.0011237025,0,0.0,360.0,1,0.0,0.0
16881,0.47225836,0,0.0,3020.0,12,0.0,0.0
16882,0.93091375,0,1.0,9890.0,73,0.0,0.0
16883,0.0062801577,0,0.0,5450.0,31,0.0,0.0
16884,0.00025609677,0,0.0,1830.0,11,0.0,0.0
16885,0.9993723,0,1.0,2840.0,2,0.0,0.0
16886,0.00067140034,0,0.0,2140.0,12,0.0,0.0
16887,0.021342851,0,0.0,3870.0,17,0.0,0.0
16888,0.0013723811,0,0.0,3950.0,28,0.0,0.0
16889,0.99223715,0,1.0,540.0,7,0.0,0.0
16890,0.00245342,0,0.0,1080.0,21,0.0,0.0
16891,0.07650614,0,0.0,1960.0,6,0.0,0.0
16892,2.8049972e-05,0,0.0,530.0,2,0.0,0.0
16893,0.012171593,0,0.0,4600.0,49,0.0,0.0
16894,0.9886955,0,1.0,6670.0,11,0.0,0.0
16895,0.00288889,0,0.0,750.0,2,0.0,0.0
16896,0.19315943,0,0.0,4280.0,51,0.0,0.0
16897,0.072058335,0,0.0,6350.0,49,0.0,0.0
16898,0.000113638394,0,0.0,1910.0,37,0.0,0.0
16899,0.00019085866,0,0.0,17920.0,34,0.0,0.0
16900,0.9306874,0,1.0,11410.0,100,0.0,0.0
16901,0.9901972,0,1.0,1690.0,15,0.0,0.0
16902,0.7188618,0,0.0,1050.0,83,0.0,0.0
16903,0.0028666311,0,0.0,13790.0,15,0.0,0.0
16904,0.0005845218,0,0.0,4680.0,63,0.0,0.0
16905,0.011009396,0,0.0,3300.0,15,0.0,0.0
16906,0.93008536,0,1.0,23080.0,33,0.0,0.0
16907,0.7123533,0,0.0,25520.0,49,0.0,0.0
16908,0.06795025,0,0.0,4410.0,21,0.0,0.0
16909,0.00090314855,0,0.0,4080.0,21,0.0,0.0
16910,0.0031747646,0,0.0,4110.0,51,0.0,0.0
16911,0.0001932034,0,0.0,1080.0,21,0.0,0.0
16912,0.4492645,0,0.0,1210.0,5,0.0,0.0
16913,0.42351282,0,0.0,4860.0,34,0.0,0.0
16914,0.99998546,0,1.0,960.0,83,0.0,0.0
16915,0.0031297335,0,0.0,10320.0,62,0.0,0.0
16916,0.005677147,0,0.0,9500.0,51,0.0,0.0
16917,0.0008184166,0,0.0,3610.0,2,0.0,0.0
16918,0.27600068,0,0.0,33120.0,24,0.0,0.0
16919,9.841735e-06,0,0.0,1300.0,11,0.0,0.0
16920,0.975069,0,1.0,1870.0,22,0.0,0.0
16921,0.0014547692,0,0.0,2100.0,72,0.0,0.0
16922,0.014561256,0,0.0,1240.0,32,0.0,0.0
16923,0.24339572,0,0.0,4260.0,86,0.0,0.0
16924,0.10732833,0,0.0,3220.0,105,0.0,0.0
16925,0.30364543,0,0.0,4440.0,88,0.0,0.0
16926,0.07821894,0,0.0,1910.0,3,0.0,0.0
16927,0.030298036,0,0.0,560.0,1,0.0,0.0
16928,1.036464e-06,0,0.0,650.0,6,0.0,0.0
16929,0.07951208,0,0.0,7020.0,18,0.0,0.0
16930,0.99951386,0,1.0,1550.0,5,0.0,0.0
16931,0.19661252,0,0.0,9120.0,93,0.0,0.0
16932,0.010794716,0,0.0,3580.0,8,0.0,0.0
16933,0.002611182,0,0.0,690.0,2,0.0,0.0
16934,0.29023916,0,0.0,3760.0,41,0.0,0.0
16935,0.9384026,0,1.0,8690.0,61,0.0,0.0
16936,0.97898054,0,1.0,5120.0,11,0.0,0.0
16937,0.9952123,0,1.0,1600.0,2,0.0,0.0
16938,0.92491287,0,1.0,5420.0,24,0.0,0.0
16939,0.99791366,0,1.0,740.0,5,0.0,0.0
16940,0.0002668796,0,0.0,3790.0,3,0.0,0.0
16941,0.02661298,0,0.0,2250.0,14,0.0,0.0
16942,0.00019312548,0,0.0,6220.0,70,0.0,0.0
16943,0.009774802,0,0.0,3390.0,2,0.0,0.0
16944,0.0034873958,0,0.0,1490.0,3,0.0,0.0
16945,0.0062229764,0,0.0,1800.0,61,0.0,0.0
16946,0.000421755,0,0.0,860.0,9,0.0,0.0
16947,0.031540606,0,0.0,5670.0,17,0.0,0.0
16948,0.0040923487,0,0.0,1420.0,1,0.0,0.0
16949,0.99995375,0,1.0,700.0,1,0.0,0.0
16950,0.4638768,0,0.0,2360.0,4,0.0,0.0
16951,0.05668527,0,0.0,4600.0,16,0.0,0.0
16952,0.1163475,0,0.0,2780.0,42,0.0,0.0
16953,0.0015984299,0,0.0,1430.0,5,0.0,0.0
16954,0.00012222167,0,0.0,5160.0,26,0.0,0.0
16955,0.011171729,0,0.0,5280.0,10,0.0,0.0
16956,0.0007089769,0,0.0,17370.0,93,0.0,0.0
16957,0.0010481298,0,0.0,1260.0,1,0.0,0.0
16958,0.00062758574,0,0.0,9810.0,71,0.0,0.0
16959,0.5975963,0,0.0,44900.0,89,0.0,0.0
16960,0.00088097976,0,0.0,6130.0,45,0.0,0.0
16961,0.0071682665,0,0.0,1760.0,4,0.0,0.0
16962,0.1462575,0,0.0,950.0,5,0.0,0.0
16963,0.00024715558,0,0.0,750.0,2,0.0,0.0
16964,7.393349e-06,0,0.0,2070.0,10,0.0,0.0
16965,0.00037269082,0,0.0,25240.0,95,0.0,0.0
16966,8.59186e-05,0,0.0,11460.0,45,0.0,0.0
16967,0.0004314497,0,0.0,8100.0,89,0.0,0.0
16968,0.005186497,0,0.0,3150.0,24,0.0,0.0
16969,0.07287171,0,0.0,2360.0,42,0.0,0.0
16970,0.99990976,0,1.0,3120.0,2,0.0,0.0
16971,0.031525277,0,0.0,33910.0,118,0.0,0.0
16972,0.6661393,0,0.0,1180.0,5,0.0,0.0
16973,0.58020574,0,0.0,3830.0,62,0.0,0.0
16974,0.35339105,0,0.0,3600.0,68,0.0,0.0
16975,0.18513232,0,0.0,15230.0,32,0.0,0.0
16976,0.00021210466,0,0.0,1570.0,51,0.0,0.0
16977,0.8943479,0,1.0,15510.0,99,0.0,0.0
16978,0.71011126,0,0.0,5840.0,4,0.0,0.0
16979,5.1102987e-05,0,0.0,2240.0,64,0.0,0.0
16980,0.9745691,0,1.0,7840.0,12,0.0,0.0
16981,0.09572093,0,0.0,71050.0,100,0.0,0.0
16982,0.016776606,0,0.0,2340.0,17,0.0,0.0
16983,0.0811586,0,0.0,990.0,7,0.0,0.0
16984,0.20479777,0,0.0,1560.0,7,0.0,0.0
16985,0.015088132,0,0.0,7170.0,75,0.0,0.0
16986,0.06985092,0,0.0,16060.0,28,0.0,0.0
16987,0.14705977,0,0.0,10460.0,6,0.0,0.0
16988,2.2941438e-05,0,0.0,1660.0,1,0.0,0.0
16989,0.19936258,0,0.0,4390.0,9,0.0,0.0
16990,0.89614624,0,1.0,9590.0,19,0.0,0.0
16991,0.8667116,0,1.0,2170.0,2,0.0,0.0
16992,0.18450485,0,0.0,520.0,1,0.0,0.0
16993,4.1963172e-05,1,0.0,6930.0,13,0.0,0.0
16994,0.0011207061,0,0.0,5660.0,12,0.0,0.0
16995,0.119588435,0,0.0,1650.0,2,0.0,0.0
16996,0.008684418,0,0.0,960.0,30,0.0,0.0
16997,0.00028765187,0,0.0,2040.0,8,0.0,0.0
16998,8.739389e-07,0,0.0,4130.0,44,0.0,0.0
16999,0.36498317,0,0.0,14580.0,72,0.0,0.0
17000,0.0133188935,0,0.0,1050.0,7,0.0,0.0
17001,0.37187314,0,0.0,450.0,2,0.0,0.0
17002,0.47344488,0,0.0,5660.0,18,0.0,0.0
17003,0.93399525,0,1.0,660.0,1,0.0,0.0
17004,0.9999807,0,1.0,1220.0,21,0.0,0.0
17005,0.020241698,0,0.0,1030.0,9,0.0,0.0
17006,0.004349839,0,0.0,1910.0,2,0.0,0.0
17007,0.0050131236,0,0.0,2890.0,67,0.0,0.0
17008,0.33566064,0,0.0,6600.0,32,0.0,0.0
17009,0.0072429674,0,0.0,3940.0,109,0.0,0.0
17010,0.050091993,0,0.0,880.0,8,0.0,0.0
17011,0.9991391,0,1.0,820.0,17,0.0,0.0
17012,0.04376271,0,0.0,680.0,14,0.0,0.0
17013,0.07160977,0,0.0,1650.0,7,0.0,0.0
17014,0.0007043858,0,0.0,3970.0,86,0.0,0.0
17015,5.206324e-06,0,0.0,25150.0,14,0.0,0.0
17016,0.123035215,0,0.0,14580.0,18,0.0,0.0
17017,6.84356e-05,0,0.0,3470.0,22,0.0,0.0
17018,0.1563899,0,0.0,9280.0,74,0.0,0.0
17019,0.3473492,0,0.0,2670.0,1,0.0,0.0
17020,9.456726e-05,0,0.0,7390.0,2,0.0,0.0
17021,0.089431345,0,0.0,2160.0,98,0.0,0.0
17022,0.62702763,0,0.0,610.0,9,0.0,0.0
17023,0.17364533,0,0.0,5060.0,15,0.0,0.0
17024,0.5631057,0,0.0,21160.0,73,0.0,0.0
17025,0.85609466,0,1.0,780.0,3,0.0,0.0
17026,0.0005667671,0,0.0,2050.0,62,0.0,0.0
17027,1.6920205e-05,0,0.0,4100.0,10,0.0,0.0
17028,0.046695262,0,0.0,4050.0,63,0.0,0.0
17029,0.00018737048,0,0.0,5080.0,8,0.0,0.0
17030,0.00010157945,0,0.0,1740.0,76,0.0,0.0
17031,0.0023395715,0,0.0,1780.0,1,0.0,0.0
17032,3.3253746e-05,0,0.0,34410.0,82,0.0,0.0
17033,0.15794565,0,0.0,840.0,23,0.0,0.0
17034,0.17513303,0,0.0,880.0,2,0.0,0.0
17035,3.8400878e-05,0,0.0,6170.0,51,0.0,0.0
17036,0.999561,0,1.0,6620.0,94,0.0,0.0
17037,0.35791376,0,0.0,620.0,22,0.0,0.0
17038,0.8960151,0,1.0,11480.0,76,0.0,0.0
17039,0.3754901,0,0.0,14910.0,55,0.0,0.0
17040,0.12738168,0,0.0,2010.0,7,0.0,0.0
17041,0.057162084,0,0.0,3360.0,1,0.0,0.0
17042,0.0006430752,0,0.0,1030.0,6,0.0,0.0
17043,0.37326005,0,0.0,4110.0,49,0.0,0.0
17044,0.7418035,0,0.0,9280.0,86,0.0,0.0
17045,0.94292533,0,1.0,1950.0,7,0.0,0.0
17046,0.15627551,0,0.0,1840.0,1,0.0,0.0
17047,0.06195517,0,0.0,9180.0,17,0.0,0.0
17048,0.09056323,0,0.0,5450.0,14,0.0,0.0
17049,0.9983187,0,1.0,1760.0,3,0.0,0.0
17050,0.00024515623,0,0.0,760.0,1,0.0,0.0
17051,0.683516,0,0.0,2770.0,70,0.0,0.0
17052,0.7849769,0,0.0,3810.0,4,0.0,0.0
17053,0.13949993,0,0.0,12040.0,14,0.0,0.0
17054,2.8082302e-06,0,0.0,2280.0,69,0.0,0.0
17055,0.00016198246,0,0.0,2180.0,18,0.0,0.0
17056,3.5868416e-05,0,0.0,6580.0,42,0.0,0.0
17057,0.9925311,0,1.0,2160.0,20,0.0,0.0
17058,0.08941979,0,0.0,550.0,1,0.0,0.0
17059,9.718674e-05,0,0.0,7050.0,22,0.0,0.0
17060,0.99999666,0,1.0,1340.0,9,0.0,0.0
17061,0.993193,0,1.0,2770.0,4,0.0,0.0
