,pred_proba,trans_result,pred,money,true_result,hit,gain
17062,0.00012655626,0,0.0,1940.0,10,0.0,0.0
17063,5.3831784e-05,0,0.0,28770.0,120,0.0,0.0
17064,0.003070399,0,0.0,1600.0,78,0.0,0.0
17065,0.00020247493,0,0.0,5950.0,28,0.0,0.0
17066,0.7140087,0,0.0,4520.0,88,0.0,0.0
17067,0.0002174851,0,0.0,5810.0,19,0.0,0.0
17068,0.20399001,0,0.0,9310.0,5,0.0,0.0
17069,2.602619e-05,0,0.0,18480.0,69,0.0,0.0
17070,0.018496549,0,0.0,2720.0,45,0.0,0.0
17071,0.0013954598,0,0.0,44180.0,61,0.0,0.0
17072,0.0048245816,0,0.0,25500.0,24,0.0,0.0
17073,0.00026161975,0,0.0,10360.0,65,0.0,0.0
17074,0.0053799297,0,0.0,7600.0,29,0.0,0.0
17075,0.008242165,0,0.0,1920.0,22,0.0,0.0
17076,0.019899713,0,0.0,1270.0,9,0.0,0.0
17077,0.12253439,0,0.0,12900.0,57,0.0,0.0
17078,0.15861261,0,0.0,8340.0,60,0.0,0.0
17079,5.437973e-05,0,0.0,1440.0,82,0.0,0.0
17080,0.0019708937,0,0.0,6480.0,7,0.0,0.0
17081,0.57516634,0,0.0,23710.0,86,0.0,0.0
17082,0.00137476,0,0.0,1990.0,9,0.0,0.0
17083,0.9906799,0,1.0,3990.0,9,0.0,0.0
17084,0.008033656,0,0.0,25750.0,71,0.0,0.0
17085,0.0014311936,0,0.0,1250.0,6,0.0,0.0
17086,0.8782768,1,0.0,3460.0,26,0.0,0.0
17087,0.00034881884,0,0.0,2880.0,110,0.0,0.0
17088,0.007246685,0,0.0,620.0,2,0.0,0.0
17089,0.00012317568,0,0.0,12600.0,74,0.0,0.0
17090,0.5264693,0,0.0,1640.0,24,0.0,0.0
17091,0.026961293,0,0.0,2200.0,90,0.0,0.0
17092,0.008854529,0,0.0,17280.0,44,0.0,0.0
17093,0.013049414,0,0.0,5330.0,44,0.0,0.0
17094,0.91183597,0,1.0,35020.0,90,0.0,0.0
17095,0.3833569,0,0.0,2760.0,9,0.0,0.0
17096,0.75181526,0,0.0,5340.0,59,0.0,0.0
17097,0.0005939524,0,0.0,760.0,1,0.0,0.0
17098,0.00065681746,0,0.0,1250.0,3,0.0,0.0
17099,0.95000774,0,1.0,1300.0,1,0.0,0.0
17100,0.0268145,0,0.0,2780.0,42,0.0,0.0
17101,0.07486294,0,0.0,15440.0,64,0.0,0.0
17102,0.02741479,0,0.0,1530.0,6,0.0,0.0
17103,0.0124539165,0,0.0,1760.0,12,0.0,0.0
17104,0.5540589,0,0.0,2820.0,106,0.0,0.0
17105,0.0021711704,0,0.0,4390.0,17,0.0,0.0
17106,0.0046701515,0,0.0,29120.0,54,0.0,0.0
17107,0.0031455783,0,0.0,6750.0,51,0.0,0.0
17108,0.0032905685,0,0.0,10810.0,42,0.0,0.0
17109,0.0001073773,0,0.0,1140.0,14,0.0,0.0
17110,0.019025283,0,0.0,11140.0,62,0.0,0.0
17111,0.07094244,0,0.0,6520.0,30,0.0,0.0
17112,0.07268084,0,0.0,7170.0,64,0.0,0.0
17113,0.9833725,0,1.0,6560.0,67,0.0,0.0
17114,0.00048113693,0,0.0,1910.0,5,0.0,0.0
17115,0.013927164,0,0.0,1340.0,2,0.0,0.0
17116,0.006627421,0,0.0,3940.0,49,0.0,0.0
17117,0.00070456404,0,0.0,910.0,4,0.0,0.0
17118,0.9332013,0,1.0,7960.0,62,0.0,0.0
17119,0.00016198694,0,0.0,520.0,3,0.0,0.0
17120,0.0066189594,0,0.0,21950.0,64,0.0,0.0
17121,0.19653772,0,0.0,2570.0,45,0.0,0.0
17122,0.009038093,0,0.0,11800.0,73,0.0,0.0
17123,0.0001460903,0,0.0,1590.0,17,0.0,0.0
17124,0.5973068,0,0.0,1330.0,9,0.0,0.0
17125,0.0021007042,0,0.0,1100.0,31,0.0,0.0
17126,0.7138398,0,0.0,7930.0,49,0.0,0.0
17127,0.53302336,0,0.0,4080.0,2,0.0,0.0
17128,0.8462219,0,0.0,2320.0,30,0.0,0.0
17129,0.00031225066,0,0.0,680.0,1,0.0,0.0
17130,0.004577385,0,0.0,1960.0,9,0.0,0.0
17131,0.002231115,0,0.0,1090.0,83,0.0,0.0
17132,0.0010653078,0,0.0,880.0,12,0.0,0.0
17133,0.006884602,0,0.0,4680.0,42,0.0,0.0
17134,0.02032027,0,0.0,4020.0,45,0.0,0.0
17135,0.030258741,0,0.0,650.0,1,0.0,0.0
17136,0.0016192149,0,0.0,1570.0,70,0.0,0.0
17137,0.034914292,0,0.0,3310.0,3,0.0,0.0
17138,8.9993855e-06,0,0.0,1580.0,8,0.0,0.0
17139,0.08100759,0,0.0,23010.0,62,0.0,0.0
17140,0.0015909881,0,0.0,1850.0,57,0.0,0.0
17141,9.480544e-06,0,0.0,840.0,18,0.0,0.0
17142,0.014880331,0,0.0,16100.0,103,0.0,0.0
17143,2.957364e-05,0,0.0,1070.0,82,0.0,0.0
17144,0.050973114,0,0.0,14400.0,102,0.0,0.0
17145,0.033942927,0,0.0,3820.0,16,0.0,0.0
17146,0.00030404722,1,0.0,2780.0,26,0.0,0.0
17147,0.008405252,0,0.0,1170.0,14,0.0,0.0
17148,0.058529682,0,0.0,5280.0,21,0.0,0.0
17149,0.0017083505,0,0.0,1760.0,14,0.0,0.0
17150,0.001719373,0,0.0,1600.0,50,0.0,0.0
17151,0.00056792545,0,0.0,1930.0,49,0.0,0.0
17152,0.19215758,0,0.0,3920.0,8,0.0,0.0
17153,0.49245173,0,0.0,4310.0,2,0.0,0.0
17154,0.000107280284,0,0.0,1660.0,84,0.0,0.0
17155,0.3118086,0,0.0,2350.0,28,0.0,0.0
17156,0.5769362,0,0.0,1210.0,9,0.0,0.0
17157,0.0032106617,0,0.0,720.0,1,0.0,0.0
17158,5.4362776e-05,0,0.0,2450.0,7,0.0,0.0
17159,0.08781174,0,0.0,3030.0,10,0.0,0.0
17160,0.7217907,0,0.0,74340.0,49,0.0,0.0
17161,0.0086669065,0,0.0,19860.0,85,0.0,0.0
17162,0.00033501812,0,0.0,1830.0,62,0.0,0.0
17163,0.0004022208,0,0.0,2060.0,21,0.0,0.0
17164,0.0025412368,0,0.0,1070.0,14,0.0,0.0
17165,0.05092163,0,0.0,1490.0,45,0.0,0.0
17166,0.0004116632,0,0.0,4980.0,9,0.0,0.0
17167,0.0010661117,0,0.0,2670.0,21,0.0,0.0
17168,0.010451924,0,0.0,2120.0,12,0.0,0.0
17169,0.018143192,0,0.0,990.0,2,0.0,0.0
17170,0.005996327,0,0.0,570.0,1,0.0,0.0
17171,0.002231078,0,0.0,5060.0,45,0.0,0.0
17172,4.2955224e-05,0,0.0,1460.0,97,0.0,0.0
17173,0.020966502,0,0.0,5790.0,106,0.0,0.0
17174,0.0013945245,0,0.0,5880.0,30,0.0,0.0
17175,0.0054828357,0,0.0,840.0,17,0.0,0.0
17176,0.0005931606,0,0.0,7710.0,65,0.0,0.0
17177,0.5910116,0,0.0,1490.0,4,0.0,0.0
17178,0.00011615082,0,0.0,3750.0,73,0.0,0.0
17179,0.002103488,0,0.0,1040.0,4,0.0,0.0
17180,0.002293133,0,0.0,6240.0,36,0.0,0.0
17181,0.004744826,0,0.0,1520.0,10,0.0,0.0
17182,0.9903019,0,1.0,1770.0,30,0.0,0.0
17183,0.0005824352,0,0.0,9550.0,8,0.0,0.0
17184,6.131944e-05,0,0.0,9030.0,29,0.0,0.0
17185,0.00018413943,0,0.0,1730.0,1,0.0,0.0
17186,8.54166e-05,0,0.0,1540.0,8,0.0,0.0
17187,0.8100648,0,0.0,15530.0,16,0.0,0.0
17188,0.0013070673,0,0.0,3700.0,55,0.0,0.0
17189,0.20693393,0,0.0,800.0,21,0.0,0.0
17190,0.03699458,0,0.0,1040.0,11,0.0,0.0
17191,0.0030322357,0,0.0,1290.0,5,0.0,0.0
17192,0.0065604686,0,0.0,1750.0,11,0.0,0.0
17193,0.0032622,0,0.0,1530.0,6,0.0,0.0
17194,0.010360366,0,0.0,3770.0,68,0.0,0.0
17195,0.08972934,0,0.0,2890.0,61,0.0,0.0
17196,0.051460892,0,0.0,2960.0,46,0.0,0.0
17197,0.010549996,0,0.0,86610.0,120,0.0,0.0
17198,0.015617706,0,0.0,610.0,7,0.0,0.0
17199,0.8443144,0,0.0,3200.0,1,0.0,0.0
17200,0.0024871519,0,0.0,1550.0,15,0.0,0.0
17201,0.015496661,0,0.0,1300.0,5,0.0,0.0
17202,0.015282325,0,0.0,7780.0,25,0.0,0.0
17203,0.22056115,0,0.0,600.0,5,0.0,0.0
17204,0.24158338,0,0.0,15050.0,55,0.0,0.0
17205,0.06715654,0,0.0,3040.0,54,0.0,0.0
17206,0.00072017784,0,0.0,5660.0,8,0.0,0.0
17207,0.02420989,0,0.0,820.0,8,0.0,0.0
17208,0.1619401,0,0.0,2540.0,12,0.0,0.0
17209,0.00016381781,0,0.0,870.0,14,0.0,0.0
17210,0.36227405,0,0.0,440.0,1,0.0,0.0
17211,0.0012406653,0,0.0,8660.0,53,0.0,0.0
17212,0.0013793204,0,0.0,24700.0,110,0.0,0.0
17213,0.0002323864,0,0.0,5340.0,4,0.0,0.0
17214,0.02681735,0,0.0,20210.0,72,0.0,0.0
17215,0.009325436,0,0.0,800.0,2,0.0,0.0
17216,0.00474631,0,0.0,950.0,67,0.0,0.0
17217,0.00032328328,0,0.0,730.0,2,0.0,0.0
17218,0.027121197,0,0.0,1880.0,106,0.0,0.0
17219,0.83413476,0,0.0,7020.0,36,0.0,0.0
17220,0.037066318,0,0.0,2270.0,115,0.0,0.0
17221,0.00013108004,0,0.0,14080.0,102,0.0,0.0
17222,2.217106e-05,0,0.0,1200.0,5,0.0,0.0
17223,0.0009027536,0,0.0,870.0,14,0.0,0.0
17224,0.0061236667,0,0.0,2360.0,5,0.0,0.0
17225,0.07023127,0,0.0,1810.0,64,0.0,0.0
17226,0.02333298,0,0.0,1740.0,11,0.0,0.0
17227,0.29829618,0,0.0,1250.0,22,0.0,0.0
17228,0.00021232583,0,0.0,1110.0,10,0.0,0.0
17229,0.107824676,0,0.0,2110.0,1,0.0,0.0
17230,0.93185085,0,1.0,3490.0,25,0.0,0.0
17231,0.008034567,0,0.0,840.0,34,0.0,0.0
17232,0.9791211,0,1.0,3380.0,45,0.0,0.0
17233,0.002756048,0,0.0,440.0,1,0.0,0.0
17234,0.8431581,0,0.0,12570.0,52,0.0,0.0
17235,0.00028725585,0,0.0,850.0,11,0.0,0.0
17236,0.0009084434,0,0.0,1640.0,41,0.0,0.0
17237,0.008661066,0,0.0,630.0,1,0.0,0.0
17238,0.007911419,0,0.0,2740.0,4,0.0,0.0
17239,0.0013968033,0,0.0,2770.0,7,0.0,0.0
17240,0.0015184713,0,0.0,3070.0,69,0.0,0.0
17241,0.0015569638,0,0.0,8160.0,99,0.0,0.0
17242,0.0012122546,0,0.0,3600.0,39,0.0,0.0
17243,0.01057883,0,0.0,37210.0,102,0.0,0.0
17244,0.0011535931,0,0.0,2680.0,7,0.0,0.0
17245,0.00013137572,0,0.0,2870.0,1,0.0,0.0
17246,0.07258204,0,0.0,1530.0,3,0.0,0.0
17247,0.0050508003,0,0.0,1100.0,6,0.0,0.0
17248,0.00078051025,0,0.0,720.0,10,0.0,0.0
17249,4.652597e-05,0,0.0,1250.0,10,0.0,0.0
17250,0.0074812425,0,0.0,5280.0,52,0.0,0.0
17251,0.006050957,0,0.0,1700.0,13,0.0,0.0
17252,0.0001479771,0,0.0,1280.0,9,0.0,0.0
17253,0.003833476,0,0.0,1270.0,4,0.0,0.0
17254,0.10863191,0,0.0,830.0,3,0.0,0.0
17255,0.00020597853,0,0.0,21460.0,79,0.0,0.0
17256,0.01792913,0,0.0,1340.0,7,0.0,0.0
17257,0.007601181,0,0.0,2210.0,73,0.0,0.0
17258,0.0037736367,0,0.0,940.0,4,0.0,0.0
17259,0.078641675,0,0.0,27440.0,25,0.0,0.0
17260,9.895513e-05,0,0.0,890.0,1,0.0,0.0
17261,0.09715901,0,0.0,2160.0,21,0.0,0.0
17262,0.009926746,0,0.0,2370.0,1,0.0,0.0
17263,0.0015474241,0,0.0,22190.0,66,0.0,0.0
17264,0.048799675,0,0.0,11260.0,23,0.0,0.0
17265,0.0028154682,0,0.0,2380.0,3,0.0,0.0
17266,0.00967282,0,0.0,2860.0,43,0.0,0.0
17267,0.0014955136,0,0.0,1390.0,13,0.0,0.0
17268,0.028090928,0,0.0,2920.0,93,0.0,0.0
17269,0.08614566,0,0.0,11370.0,71,0.0,0.0
17270,0.3345588,0,0.0,2920.0,14,0.0,0.0
17271,0.0025554588,0,0.0,3660.0,14,0.0,0.0
17272,0.14123236,0,0.0,1220.0,6,0.0,0.0
17273,0.0066189375,0,0.0,4160.0,32,0.0,0.0
17274,0.15811166,0,0.0,4430.0,17,0.0,0.0
17275,0.0020899472,0,0.0,10420.0,33,0.0,0.0
17276,0.013320916,0,0.0,3880.0,31,0.0,0.0
17277,0.0002399656,0,0.0,1490.0,3,0.0,0.0
17278,0.0054224594,0,0.0,1110.0,5,0.0,0.0
17279,0.025239505,0,0.0,6860.0,54,0.0,0.0
17280,0.0038252578,0,0.0,1250.0,14,0.0,0.0
17281,2.2887856e-05,0,0.0,35050.0,108,0.0,0.0
17282,0.0010173977,0,0.0,39660.0,33,0.0,0.0
17283,0.0065329266,0,0.0,720.0,22,0.0,0.0
17284,0.115294926,0,0.0,2460.0,5,0.0,0.0
17285,0.0014866671,0,0.0,3650.0,9,0.0,0.0
17286,0.007112126,0,0.0,2830.0,14,0.0,0.0
17287,5.4710024e-05,0,0.0,5900.0,44,0.0,0.0
17288,0.03665831,0,0.0,12710.0,37,0.0,0.0
17289,0.003279401,0,0.0,1240.0,4,0.0,0.0
17290,0.0046932464,0,0.0,600.0,6,0.0,0.0
17291,0.0008445245,0,0.0,21960.0,81,0.0,0.0
17292,0.110185556,0,0.0,1580.0,2,0.0,0.0
17293,0.018610878,0,0.0,2690.0,7,0.0,0.0
17294,0.00048385162,0,0.0,3340.0,1,0.0,0.0
17295,0.08878059,0,0.0,20930.0,65,0.0,0.0
17296,0.047708318,0,0.0,38030.0,56,0.0,0.0
17297,0.58085644,0,0.0,5120.0,81,0.0,0.0
17298,0.0019180147,0,0.0,640.0,5,0.0,0.0
17299,0.0055662286,0,0.0,750.0,1,0.0,0.0
17300,0.00011885788,0,0.0,650.0,6,0.0,0.0
17301,0.032500423,0,0.0,45670.0,59,0.0,0.0
17302,0.013746405,0,0.0,9940.0,64,0.0,0.0
17303,0.005812857,0,0.0,680.0,5,0.0,0.0
17304,0.15513687,0,0.0,2490.0,55,0.0,0.0
17305,0.0029435696,0,0.0,1420.0,2,0.0,0.0
17306,8.221389e-05,0,0.0,2660.0,17,0.0,0.0
17307,0.016258834,0,0.0,5570.0,33,0.0,0.0
17308,0.1290016,0,0.0,2570.0,13,0.0,0.0
17309,0.004697772,0,0.0,12050.0,77,0.0,0.0
17310,0.007421457,0,0.0,1210.0,7,0.0,0.0
17311,0.01552434,0,0.0,3870.0,42,0.0,0.0
17312,0.0009855734,0,0.0,2310.0,9,0.0,0.0
17313,0.0009646271,0,0.0,2230.0,8,0.0,0.0
17314,0.0017067571,0,0.0,5930.0,78,0.0,0.0
17315,0.0019163624,0,0.0,1780.0,25,0.0,0.0
17316,0.3308652,0,0.0,1680.0,2,0.0,0.0
17317,0.0019581332,0,0.0,27640.0,54,0.0,0.0
17318,0.0011463413,0,0.0,2020.0,5,0.0,0.0
17319,6.569809e-05,0,0.0,470.0,3,0.0,0.0
17320,0.078630224,0,0.0,850.0,9,0.0,0.0
17321,0.05204072,0,0.0,970.0,1,0.0,0.0
17322,9.665144e-05,0,0.0,2430.0,4,0.0,0.0
17323,0.6486032,0,0.0,1690.0,9,0.0,0.0
17324,0.021703796,0,0.0,13640.0,28,0.0,0.0
17325,0.0034631882,0,0.0,1380.0,9,0.0,0.0
17326,0.015605526,0,0.0,10310.0,93,0.0,0.0
17327,0.0068199066,0,0.0,4020.0,46,0.0,0.0
17328,0.0011473775,0,0.0,2880.0,22,0.0,0.0
17329,0.000694109,0,0.0,3690.0,72,0.0,0.0
17330,0.038614225,0,0.0,1550.0,36,0.0,0.0
17331,0.023459567,0,0.0,23340.0,46,0.0,0.0
17332,0.005962577,0,0.0,980.0,3,0.0,0.0
17333,0.049327683,0,0.0,1710.0,24,0.0,0.0
17334,0.5199451,0,0.0,640.0,1,0.0,0.0
17335,0.023292119,0,0.0,950.0,5,0.0,0.0
17336,0.10072733,0,0.0,4800.0,11,0.0,0.0
17337,0.0018248638,0,0.0,1000.0,11,0.0,0.0
17338,0.008184131,0,0.0,2210.0,34,0.0,0.0
17339,0.029950744,0,0.0,4590.0,68,0.0,0.0
17340,0.009321666,0,0.0,17000.0,35,0.0,0.0
17341,0.9041931,0,1.0,31790.0,75,0.0,0.0
17342,2.6961818e-05,0,0.0,8890.0,76,0.0,0.0
17343,0.0008240372,0,0.0,8260.0,11,0.0,0.0
17344,0.00052571134,0,0.0,1240.0,21,0.0,0.0
17345,0.052505825,0,0.0,3690.0,41,0.0,0.0
17346,0.0078166025,0,0.0,980.0,6,0.0,0.0
17347,0.015441985,0,0.0,4210.0,31,0.0,0.0
17348,0.060200907,0,0.0,8490.0,37,0.0,0.0
17349,0.8979449,0,0.0,16750.0,92,0.0,0.0
17350,0.030245991,0,0.0,4910.0,62,0.0,0.0
17351,0.9348111,0,1.0,5940.0,20,0.0,0.0
17352,0.001378799,0,0.0,760.0,18,0.0,0.0
17353,0.08436334,0,0.0,37590.0,75,0.0,0.0
17354,9.170914e-05,0,0.0,8030.0,85,0.0,0.0
17355,0.27121297,0,0.0,1560.0,1,0.0,0.0
17356,0.07451062,0,0.0,7640.0,12,0.0,0.0
17357,0.01336716,0,0.0,510.0,5,0.0,0.0
17358,0.0024298597,0,0.0,2110.0,7,0.0,0.0
17359,0.06896317,0,0.0,18090.0,13,0.0,0.0
17360,0.00079758186,0,0.0,9370.0,38,0.0,0.0
17361,0.09848524,0,0.0,1780.0,43,0.0,0.0
17362,0.56953925,0,0.0,4580.0,47,0.0,0.0
17363,0.0009827871,0,0.0,11820.0,95,0.0,0.0
17364,0.00016831362,0,0.0,1620.0,11,0.0,0.0
17365,0.00012643528,0,0.0,7870.0,96,0.0,0.0
17366,0.007883548,0,0.0,1330.0,14,0.0,0.0
17367,0.0049912087,0,0.0,12920.0,49,0.0,0.0
17368,0.11482662,0,0.0,1270.0,2,0.0,0.0
17369,0.00073896174,0,0.0,1580.0,61,0.0,0.0
17370,0.26114783,0,0.0,1830.0,13,0.0,0.0
17371,0.0014433475,0,0.0,660.0,10,0.0,0.0
17372,0.0034489937,0,0.0,880.0,5,0.0,0.0
17373,0.043378998,0,0.0,370.0,5,0.0,0.0
17374,0.00400782,0,0.0,570.0,1,0.0,0.0
17375,0.003861839,0,0.0,17490.0,113,0.0,0.0
17376,0.001065695,0,0.0,740.0,1,0.0,0.0
17377,0.033783056,0,0.0,580.0,3,0.0,0.0
17378,0.00027296954,0,0.0,940.0,2,0.0,0.0
17379,0.30962273,1,0.0,6030.0,26,0.0,0.0
17380,0.0014176806,0,0.0,12400.0,78,0.0,0.0
17381,0.10769747,0,0.0,22470.0,69,0.0,0.0
17382,0.0029298298,0,0.0,1490.0,17,0.0,0.0
17383,0.0021162198,0,0.0,15930.0,78,0.0,0.0
17384,6.274591e-05,0,0.0,2270.0,3,0.0,0.0
17385,0.0028665205,0,0.0,6770.0,4,0.0,0.0
17386,0.00037480347,0,0.0,710.0,3,0.0,0.0
17387,4.5383844e-05,0,0.0,4980.0,43,0.0,0.0
17388,0.25212336,0,0.0,3730.0,11,0.0,0.0
17389,8.658151e-05,0,0.0,820.0,7,0.0,0.0
17390,0.0017737875,0,0.0,12010.0,120,0.0,0.0
17391,0.0281501,0,0.0,2230.0,5,0.0,0.0
17392,0.08314406,0,0.0,1860.0,21,0.0,0.0
17393,2.2055161e-05,0,0.0,2030.0,73,0.0,0.0
17394,0.00025245475,0,0.0,34460.0,87,0.0,0.0
17395,0.00042434584,0,0.0,2190.0,7,0.0,0.0
17396,0.004944679,0,0.0,1310.0,11,0.0,0.0
17397,0.045726966,0,0.0,800.0,1,0.0,0.0
17398,2.0468848e-05,0,0.0,15370.0,85,0.0,0.0
17399,0.008861349,0,0.0,790.0,1,0.0,0.0
17400,0.98573536,0,1.0,2350.0,6,0.0,0.0
17401,0.8126575,0,0.0,3920.0,15,0.0,0.0
17402,0.006775172,0,0.0,4930.0,76,0.0,0.0
17403,0.08652905,0,0.0,5820.0,21,0.0,0.0
17404,0.00021754505,0,0.0,1100.0,8,0.0,0.0
17405,0.96778196,0,1.0,7590.0,15,0.0,0.0
17406,0.016691808,0,0.0,2280.0,1,0.0,0.0
17407,0.00012760492,0,0.0,7620.0,20,0.0,0.0
17408,0.113664135,0,0.0,1210.0,18,0.0,0.0
17409,0.0005080887,0,0.0,1820.0,3,0.0,0.0
17410,0.35733598,0,0.0,1920.0,9,0.0,0.0
17411,0.0066878186,0,0.0,1490.0,9,0.0,0.0
17412,0.6413893,0,0.0,2920.0,22,0.0,0.0
17413,0.028610257,0,0.0,13530.0,34,0.0,0.0
17414,0.99485636,0,1.0,3660.0,2,0.0,0.0
17415,0.21990514,0,0.0,18080.0,52,0.0,0.0
17416,0.0003175987,0,0.0,1690.0,63,0.0,0.0
17417,0.25491548,0,0.0,1190.0,5,0.0,0.0
17418,0.0031814855,0,0.0,1960.0,3,0.0,0.0
17419,0.00012143959,0,0.0,6130.0,3,0.0,0.0
17420,0.00276215,0,0.0,6160.0,19,0.0,0.0
17421,0.034246635,0,0.0,620.0,1,0.0,0.0
17422,0.06735248,0,0.0,1000.0,7,0.0,0.0
17423,0.0026862386,0,0.0,790.0,77,0.0,0.0
17424,0.016925089,0,0.0,25840.0,13,0.0,0.0
17425,0.0184751,0,0.0,5440.0,76,0.0,0.0
17426,0.654109,0,0.0,3690.0,48,0.0,0.0
17427,0.0134119475,0,0.0,1410.0,7,0.0,0.0
17428,0.00046419314,0,0.0,640.0,1,0.0,0.0
17429,0.00013594361,0,0.0,1610.0,63,0.0,0.0
17430,0.004397803,0,0.0,4850.0,84,0.0,0.0
17431,0.092524216,0,0.0,6990.0,68,0.0,0.0
17432,0.0066304165,0,0.0,2580.0,42,0.0,0.0
17433,0.02120419,0,0.0,8980.0,14,0.0,0.0
17434,0.00496464,0,0.0,1480.0,10,0.0,0.0
17435,0.012999507,0,0.0,1140.0,2,0.0,0.0
17436,0.00023880591,0,0.0,34190.0,66,0.0,0.0
17437,0.07670197,0,0.0,3340.0,16,0.0,0.0
17438,0.01053245,0,0.0,65660.0,109,0.0,0.0
17439,0.0012162176,0,0.0,2840.0,61,0.0,0.0
17440,0.00081641984,0,0.0,1960.0,12,0.0,0.0
17441,0.0009353662,0,0.0,4220.0,14,0.0,0.0
17442,0.0007333988,0,0.0,3820.0,4,0.0,0.0
17443,0.47681373,0,0.0,860.0,2,0.0,0.0
17444,0.87287265,0,0.0,5040.0,9,0.0,0.0
17445,0.03477509,0,0.0,1820.0,7,0.0,0.0
17446,0.0024254357,0,0.0,4340.0,11,0.0,0.0
17447,0.0002472411,0,0.0,4660.0,44,0.0,0.0
17448,0.004567991,0,0.0,17320.0,22,0.0,0.0
17449,0.08710181,0,0.0,1490.0,2,0.0,0.0
17450,0.08002288,0,0.0,2680.0,93,0.0,0.0
17451,0.04819328,1,0.0,950.0,26,0.0,0.0
17452,0.0014473936,0,0.0,1330.0,5,0.0,0.0
17453,0.0020640278,0,0.0,990.0,5,0.0,0.0
17454,0.38625604,0,0.0,3590.0,27,0.0,0.0
17455,0.019110665,0,0.0,7650.0,76,0.0,0.0
17456,0.019120866,0,0.0,930.0,1,0.0,0.0
17457,0.0031917638,0,0.0,38930.0,98,0.0,0.0
17458,0.0012819079,0,0.0,6790.0,58,0.0,0.0
17459,0.005426138,0,0.0,1730.0,84,0.0,0.0
17460,0.00019654175,0,0.0,2590.0,42,0.0,0.0
17461,0.01445815,0,0.0,37250.0,47,0.0,0.0
17462,0.00017280159,0,0.0,4010.0,57,0.0,0.0
17463,0.00086271955,0,0.0,1220.0,5,0.0,0.0
17464,0.008676117,0,0.0,1970.0,5,0.0,0.0
17465,0.0013903765,0,0.0,2750.0,44,0.0,0.0
17466,0.0041190325,0,0.0,76120.0,70,0.0,0.0
17467,0.041813437,0,0.0,7520.0,75,0.0,0.0
17468,0.92831796,0,1.0,13910.0,72,0.0,0.0
17469,0.0026344338,0,0.0,1770.0,59,0.0,0.0
17470,0.002057769,0,0.0,14770.0,87,0.0,0.0
17471,0.0003644634,0,0.0,6690.0,7,0.0,0.0
17472,0.0075294394,0,0.0,7650.0,74,0.0,0.0
17473,0.0015758197,0,0.0,1210.0,2,0.0,0.0
17474,0.18193714,0,0.0,2410.0,3,0.0,0.0
17475,0.00040794688,0,0.0,56330.0,60,0.0,0.0
17476,0.33497685,0,0.0,12860.0,115,0.0,0.0
17477,0.00035021215,0,0.0,30460.0,33,0.0,0.0
17478,0.011035359,0,0.0,1510.0,1,0.0,0.0
17479,0.0004798465,0,0.0,16100.0,65,0.0,0.0
17480,0.011200765,0,0.0,54130.0,19,0.0,0.0
17481,0.00018679805,0,0.0,5550.0,3,0.0,0.0
17482,0.0011331037,0,0.0,9470.0,2,0.0,0.0
17483,0.00064226205,0,0.0,4600.0,76,0.0,0.0
17484,9.991108e-05,0,0.0,37250.0,114,0.0,0.0
17485,0.015810436,0,0.0,8150.0,65,0.0,0.0
17486,0.03013187,0,0.0,1840.0,8,0.0,0.0
17487,0.008942247,0,0.0,670.0,11,0.0,0.0
17488,0.00031547633,0,0.0,6150.0,15,0.0,0.0
17489,0.0036493298,0,0.0,4030.0,78,0.0,0.0
17490,8.957225e-05,0,0.0,5440.0,84,0.0,0.0
17491,4.0099698e-05,0,0.0,1970.0,2,0.0,0.0
17492,4.1520765e-05,0,0.0,5830.0,6,0.0,0.0
17493,0.00029215254,0,0.0,1190.0,2,0.0,0.0
17494,3.9865477e-06,0,0.0,1460.0,2,0.0,0.0
17495,5.7154557e-05,0,0.0,8400.0,14,0.0,0.0
17496,0.0001368705,0,0.0,57530.0,50,0.0,0.0
17497,0.031021835,0,0.0,800.0,3,0.0,0.0
17498,0.040542603,0,0.0,1090.0,7,0.0,0.0
17499,0.0066665844,0,0.0,2760.0,42,0.0,0.0
17500,0.11241463,0,0.0,11880.0,50,0.0,0.0
17501,0.30590475,0,0.0,1010.0,1,0.0,0.0
17502,0.0005528935,0,0.0,6340.0,4,0.0,0.0
17503,0.0024476536,0,0.0,7750.0,109,0.0,0.0
17504,0.00043686252,0,0.0,1040.0,5,0.0,0.0
17505,5.0081504e-05,0,0.0,840.0,4,0.0,0.0
17506,0.00012894304,0,0.0,89050.0,108,0.0,0.0
17507,6.490575e-05,0,0.0,3390.0,12,0.0,0.0
17508,0.031073442,0,0.0,4120.0,42,0.0,0.0
17509,0.047597222,0,0.0,1700.0,4,0.0,0.0
17510,0.0030423428,0,0.0,30400.0,50,0.0,0.0
17511,0.032993555,0,0.0,2040.0,61,0.0,0.0
17512,0.012840288,0,0.0,2340.0,25,0.0,0.0
17513,0.046036657,0,0.0,2640.0,7,0.0,0.0
17514,0.00433607,0,0.0,790.0,8,0.0,0.0
17515,0.015520281,0,0.0,5990.0,12,0.0,0.0
17516,0.0001397469,0,0.0,3780.0,62,0.0,0.0
17517,0.01035047,0,0.0,3740.0,7,0.0,0.0
17518,0.04841202,0,0.0,9760.0,16,0.0,0.0
17519,0.0009837422,0,0.0,2740.0,9,0.0,0.0
17520,0.23994866,0,0.0,17170.0,16,0.0,0.0
17521,0.015626015,0,0.0,15750.0,73,0.0,0.0
17522,0.030426929,0,0.0,1520.0,9,0.0,0.0
17523,0.0010191672,0,0.0,1540.0,68,0.0,0.0
17524,0.002149618,0,0.0,21740.0,67,0.0,0.0
17525,0.23011431,0,0.0,8300.0,72,0.0,0.0
17526,0.07647629,0,0.0,1240.0,8,0.0,0.0
17527,0.0026533408,0,0.0,54600.0,83,0.0,0.0
17528,0.0007759761,0,0.0,13760.0,42,0.0,0.0
17529,0.9653408,0,1.0,4960.0,46,0.0,0.0
17530,0.028610475,0,0.0,2690.0,55,0.0,0.0
17531,0.0012904641,0,0.0,730.0,4,0.0,0.0
17532,0.026888886,0,0.0,6520.0,11,0.0,0.0
17533,0.0011157448,0,0.0,4540.0,9,0.0,0.0
17534,0.00019468668,0,0.0,2980.0,11,0.0,0.0
17535,0.0021364884,0,0.0,3810.0,77,0.0,0.0
17536,0.8729341,0,0.0,12010.0,79,0.0,0.0
17537,0.09089854,0,0.0,31100.0,53,0.0,0.0
17538,0.10537908,0,0.0,1390.0,7,0.0,0.0
17539,0.4754415,0,0.0,22940.0,95,0.0,0.0
17540,0.00028703245,0,0.0,14150.0,36,0.0,0.0
17541,0.6945957,0,0.0,8960.0,32,0.0,0.0
17542,0.016524231,0,0.0,810.0,3,0.0,0.0
17543,0.0006488332,0,0.0,13440.0,27,0.0,0.0
17544,0.31781378,0,0.0,8450.0,64,0.0,0.0
17545,7.094143e-05,0,0.0,3880.0,5,0.0,0.0
17546,0.00058242073,0,0.0,2050.0,21,0.0,0.0
17547,0.01119842,0,0.0,710.0,1,0.0,0.0
17548,7.312677e-05,0,0.0,20590.0,104,0.0,0.0
17549,0.010628957,0,0.0,500.0,1,0.0,0.0
17550,8.460764e-05,0,0.0,730.0,14,0.0,0.0
17551,0.00015413658,0,0.0,30990.0,83,0.0,0.0
17552,0.015710285,0,0.0,26130.0,77,0.0,0.0
17553,6.7584704e-05,0,0.0,2860.0,5,0.0,0.0
17554,0.0034668632,0,0.0,7440.0,12,0.0,0.0
17555,0.0018671359,0,0.0,790.0,2,0.0,0.0
17556,0.031869367,0,0.0,4590.0,7,0.0,0.0
17557,0.0015224043,0,0.0,21160.0,102,0.0,0.0
17558,0.04347931,0,0.0,940.0,6,0.0,0.0
17559,0.00010801721,0,0.0,4400.0,53,0.0,0.0
17560,0.0012366682,0,0.0,19030.0,14,0.0,0.0
17561,0.010657281,0,0.0,1340.0,21,0.0,0.0
17562,0.00040178315,0,0.0,1090.0,3,0.0,0.0
17563,0.0041722013,0,0.0,8650.0,70,0.0,0.0
17564,0.00023109581,0,0.0,1120.0,13,0.0,0.0
17565,0.0020316115,0,0.0,690.0,5,0.0,0.0
17566,0.00057872466,0,0.0,14420.0,74,0.0,0.0
17567,0.893876,0,0.0,2610.0,67,0.0,0.0
17568,0.020066997,0,0.0,2160.0,58,0.0,0.0
17569,0.00026715887,0,0.0,6660.0,20,0.0,0.0
17570,0.019569471,0,0.0,9830.0,94,0.0,0.0
17571,0.0019374581,0,0.0,3610.0,65,0.0,0.0
17572,0.049385443,0,0.0,21710.0,77,0.0,0.0
17573,0.021480957,0,0.0,3280.0,10,0.0,0.0
17574,0.075210676,0,0.0,12080.0,25,0.0,0.0
17575,0.00013084564,0,0.0,6160.0,73,0.0,0.0
17576,0.006984934,0,0.0,2330.0,8,0.0,0.0
17577,0.00043082805,0,0.0,1480.0,6,0.0,0.0
17578,0.00037624405,0,0.0,5050.0,83,0.0,0.0
17579,0.09870868,0,0.0,1940.0,109,0.0,0.0
17580,0.037244856,0,0.0,25100.0,4,0.0,0.0
17581,0.0010270219,0,0.0,21820.0,61,0.0,0.0
17582,0.0017852562,0,0.0,750.0,6,0.0,0.0
17583,0.47365317,0,0.0,52200.0,88,0.0,0.0
17584,0.00019725593,0,0.0,720.0,13,0.0,0.0
17585,0.100239314,0,0.0,1400.0,30,0.0,0.0
17586,0.003071856,0,0.0,3760.0,3,0.0,0.0
17587,0.0013333783,0,0.0,9250.0,16,0.0,0.0
17588,0.08581518,0,0.0,2330.0,7,0.0,0.0
17589,0.008148117,0,0.0,3570.0,76,0.0,0.0
17590,0.005507858,0,0.0,24860.0,58,0.0,0.0
17591,0.31033397,0,0.0,1790.0,4,0.0,0.0
17592,0.0016099251,0,0.0,3180.0,99,0.0,0.0
17593,0.0010537067,0,0.0,1770.0,108,0.0,0.0
17594,0.00013770518,0,0.0,630.0,7,0.0,0.0
17595,0.016170729,0,0.0,4880.0,53,0.0,0.0
17596,0.000255508,0,0.0,3780.0,76,0.0,0.0
17597,0.0025357394,0,0.0,43310.0,94,0.0,0.0
17598,0.04461609,0,0.0,590.0,2,0.0,0.0
17599,0.03819463,0,0.0,5770.0,52,0.0,0.0
17600,0.035350785,0,0.0,7350.0,83,0.0,0.0
17601,0.008398951,0,0.0,31990.0,113,0.0,0.0
17602,0.61125064,0,0.0,4970.0,10,0.0,0.0
17603,0.002584566,0,0.0,2610.0,2,0.0,0.0
17604,0.0017605678,0,0.0,3530.0,108,0.0,0.0
17605,0.01206974,0,0.0,1780.0,6,0.0,0.0
17606,0.0020140037,0,0.0,5960.0,68,0.0,0.0
17607,0.00011511941,0,0.0,600.0,11,0.0,0.0
17608,0.02692076,0,0.0,2800.0,41,0.0,0.0
17609,0.03163238,0,0.0,1150.0,8,0.0,0.0
17610,0.02473216,0,0.0,1670.0,1,0.0,0.0
17611,0.020525713,0,0.0,4210.0,42,0.0,0.0
17612,0.0064546065,0,0.0,6660.0,7,0.0,0.0
17613,0.004361436,0,0.0,4520.0,32,0.0,0.0
17614,0.08257139,0,0.0,2960.0,85,0.0,0.0
17615,0.024053693,0,0.0,35510.0,52,0.0,0.0
17616,0.00068627996,0,0.0,2340.0,1,0.0,0.0
17617,0.00093518983,0,0.0,810.0,1,0.0,0.0
17618,0.06444911,0,0.0,2360.0,28,0.0,0.0
17619,0.0003309355,0,0.0,640.0,1,0.0,0.0
17620,0.00012724526,0,0.0,2100.0,13,0.0,0.0
17621,0.9056897,0,1.0,8520.0,76,0.0,0.0
17622,0.96185017,0,1.0,18200.0,8,0.0,0.0
17623,0.3504394,0,0.0,11940.0,41,0.0,0.0
17624,0.03177667,0,0.0,2290.0,13,0.0,0.0
17625,0.18686752,0,0.0,950.0,5,0.0,0.0
17626,0.00024103782,0,0.0,2690.0,20,0.0,0.0
17627,0.00014085152,0,0.0,3210.0,7,0.0,0.0
17628,0.18527892,0,0.0,3710.0,54,0.0,0.0
17629,0.0036092796,0,0.0,560.0,2,0.0,0.0
17630,0.016001899,0,0.0,840.0,5,0.0,0.0
17631,0.006684025,0,0.0,19210.0,45,0.0,0.0
17632,0.00047300162,0,0.0,6710.0,65,0.0,0.0
17633,0.7795201,0,0.0,15980.0,12,0.0,0.0
17634,0.0040354375,0,0.0,5270.0,42,0.0,0.0
17635,0.896733,0,0.0,8080.0,37,0.0,0.0
17636,0.0017872364,0,0.0,2640.0,12,0.0,0.0
17637,0.03755868,0,0.0,1910.0,38,0.0,0.0
17638,0.0007396015,0,0.0,3190.0,85,0.0,0.0
17639,0.0002588355,0,0.0,5070.0,57,0.0,0.0
17640,0.043207083,0,0.0,21540.0,46,0.0,0.0
17641,0.28377882,0,0.0,4640.0,66,0.0,0.0
17642,0.0041565914,0,0.0,800.0,2,0.0,0.0
17643,0.030177666,0,0.0,2080.0,2,0.0,0.0
17644,0.7548035,0,0.0,1620.0,13,0.0,0.0
17645,0.0048902417,0,0.0,3880.0,21,0.0,0.0
17646,0.007790836,0,0.0,3130.0,68,0.0,0.0
17647,0.6264071,0,0.0,6040.0,44,0.0,0.0
17648,6.6960194e-05,0,0.0,5790.0,63,0.0,0.0
17649,0.00946818,0,0.0,1340.0,20,0.0,0.0
17650,5.6910678e-05,0,0.0,720.0,13,0.0,0.0
17651,6.8600246e-05,0,0.0,1020.0,20,0.0,0.0
17652,0.01169479,0,0.0,2450.0,2,0.0,0.0
17653,0.02214775,0,0.0,980.0,7,0.0,0.0
17654,0.008731779,0,0.0,1590.0,7,0.0,0.0
17655,0.02657819,0,0.0,8450.0,49,0.0,0.0
17656,0.9923211,0,1.0,5590.0,7,0.0,0.0
17657,0.01508658,0,0.0,9850.0,16,0.0,0.0
17658,4.1488707e-05,0,0.0,2570.0,9,0.0,0.0
17659,0.00010313782,0,0.0,2560.0,7,0.0,0.0
17660,0.041858662,0,0.0,31650.0,54,0.0,0.0
17661,0.0005136751,0,0.0,1530.0,2,0.0,0.0
17662,0.0018334787,0,0.0,820.0,2,0.0,0.0
17663,0.26609114,0,0.0,4360.0,15,0.0,0.0
17664,0.36164048,0,0.0,1530.0,44,0.0,0.0
17665,0.82192606,0,0.0,3210.0,36,0.0,0.0
17666,0.025823496,0,0.0,9790.0,53,0.0,0.0
17667,0.9072563,0,1.0,2270.0,31,0.0,0.0
17668,0.0025408198,0,0.0,540.0,4,0.0,0.0
17669,0.033131354,0,0.0,370.0,1,0.0,0.0
17670,0.00040052022,0,0.0,4170.0,23,0.0,0.0
17671,0.037376825,0,0.0,1180.0,9,0.0,0.0
17672,0.0027985175,0,0.0,6150.0,44,0.0,0.0
17673,0.0035955103,0,0.0,49080.0,58,0.0,0.0
17674,0.15805726,0,0.0,2370.0,12,0.0,0.0
17675,0.0050084945,0,0.0,5600.0,7,0.0,0.0
17676,0.004334983,0,0.0,1820.0,8,0.0,0.0
17677,0.00047375407,0,0.0,4560.0,78,0.0,0.0
17678,0.14007187,0,0.0,1810.0,5,0.0,0.0
17679,0.00015171501,0,0.0,3590.0,41,0.0,0.0
17680,0.008900676,0,0.0,1460.0,10,0.0,0.0
17681,0.0017304758,0,0.0,1580.0,16,0.0,0.0
17682,0.00050928904,0,0.0,36100.0,47,0.0,0.0
17683,0.015243718,0,0.0,6930.0,65,0.0,0.0
17684,0.0030692955,0,0.0,2060.0,13,0.0,0.0
17685,0.33115378,0,0.0,4570.0,14,0.0,0.0
17686,0.00044112062,0,0.0,8620.0,63,0.0,0.0
17687,0.0481421,0,0.0,11170.0,90,0.0,0.0
17688,0.31249067,0,0.0,800.0,7,0.0,0.0
17689,0.75938445,0,0.0,30830.0,115,0.0,0.0
17690,0.00041727896,0,0.0,14380.0,81,0.0,0.0
17691,0.0047699157,0,0.0,5520.0,23,0.0,0.0
17692,2.5504707e-05,0,0.0,1710.0,15,0.0,0.0
17693,0.0001379662,0,0.0,1910.0,21,0.0,0.0
17694,0.01396253,0,0.0,1210.0,1,0.0,0.0
17695,0.0092814695,0,0.0,660.0,3,0.0,0.0
17696,0.004712437,0,0.0,3000.0,8,0.0,0.0
17697,0.0005929871,0,0.0,4030.0,7,0.0,0.0
17698,0.08239999,0,0.0,6240.0,42,0.0,0.0
17699,0.36965862,0,0.0,3300.0,22,0.0,0.0
17700,0.011462544,0,0.0,2410.0,20,0.0,0.0
17701,0.0027956578,0,0.0,780.0,13,0.0,0.0
17702,0.0007239142,0,0.0,980.0,1,0.0,0.0
17703,0.03615925,0,0.0,620.0,7,0.0,0.0
17704,0.012925971,0,0.0,1420.0,41,0.0,0.0
17705,0.0320281,0,0.0,26980.0,99,0.0,0.0
17706,0.0066779805,0,0.0,3180.0,11,0.0,0.0
17707,0.03530172,0,0.0,1380.0,4,0.0,0.0
17708,0.057775833,0,0.0,1850.0,68,0.0,0.0
17709,0.32626593,0,0.0,5530.0,23,0.0,0.0
17710,0.0055065313,0,0.0,900.0,2,0.0,0.0
17711,0.012922006,0,0.0,730.0,8,0.0,0.0
17712,0.15726085,0,0.0,33120.0,64,0.0,0.0
17713,0.0011905738,0,0.0,840.0,7,0.0,0.0
17714,0.03971441,0,0.0,1170.0,1,0.0,0.0
17715,0.56212926,0,0.0,1910.0,2,0.0,0.0
17716,0.011585048,0,0.0,1150.0,2,0.0,0.0
17717,0.0014148947,0,0.0,2410.0,61,0.0,0.0
17718,0.37233806,0,0.0,6210.0,86,0.0,0.0
17719,0.8962453,0,0.0,2460.0,25,0.0,0.0
17720,0.9896109,0,1.0,10560.0,94,0.0,0.0
17721,0.0019273675,0,0.0,14110.0,23,0.0,0.0
17722,0.0005018969,0,0.0,870.0,3,0.0,0.0
17723,9.579452e-06,0,0.0,1100.0,3,0.0,0.0
17724,0.09531402,0,0.0,3050.0,22,0.0,0.0
17725,0.23116688,0,0.0,1170.0,5,0.0,0.0
17726,0.041790623,0,0.0,1290.0,5,0.0,0.0
17727,0.025871402,0,0.0,1560.0,6,0.0,0.0
17728,0.00040088713,0,0.0,1140.0,61,0.0,0.0
17729,0.047524683,0,0.0,11290.0,30,0.0,0.0
17730,0.0010384826,0,0.0,8190.0,61,0.0,0.0
17731,0.0008632635,0,0.0,9530.0,45,0.0,0.0
17732,0.7378221,0,0.0,2530.0,76,0.0,0.0
17733,0.0026261166,0,0.0,890.0,2,0.0,0.0
17734,0.006877876,0,0.0,810.0,23,0.0,0.0
17735,0.00019586098,0,0.0,990.0,16,0.0,0.0
17736,0.0005965272,0,0.0,830.0,11,0.0,0.0
17737,0.6366738,0,0.0,600.0,1,0.0,0.0
17738,0.006752309,0,0.0,10880.0,71,0.0,0.0
17739,0.31107837,0,0.0,6610.0,62,0.0,0.0
17740,0.0069270856,0,0.0,1890.0,6,0.0,0.0
17741,0.7198867,0,0.0,14590.0,115,0.0,0.0
17742,0.82701546,0,0.0,2150.0,2,0.0,0.0
17743,0.31850356,0,0.0,2310.0,25,0.0,0.0
17744,0.0023139094,0,0.0,590.0,6,0.0,0.0
17745,0.37507856,0,0.0,5400.0,4,0.0,0.0
17746,0.00022176985,0,0.0,19550.0,91,0.0,0.0
17747,0.00061886996,0,0.0,1100.0,7,0.0,0.0
17748,0.031081658,0,0.0,12660.0,61,0.0,0.0
17749,0.009558799,0,0.0,1760.0,13,0.0,0.0
17750,0.1882076,0,0.0,6730.0,24,0.0,0.0
17751,0.003290456,0,0.0,9300.0,17,0.0,0.0
17752,0.00042596538,0,0.0,1810.0,64,0.0,0.0
17753,0.002647223,0,0.0,1190.0,5,0.0,0.0
17754,0.9072918,0,1.0,8090.0,111,0.0,0.0
17755,0.9706533,0,1.0,1330.0,49,0.0,0.0
17756,4.664412e-06,0,0.0,2620.0,15,0.0,0.0
17757,0.21541648,0,0.0,1210.0,48,0.0,0.0
17758,0.00023183248,0,0.0,1540.0,7,0.0,0.0
17759,0.08705328,0,0.0,640.0,5,0.0,0.0
17760,0.08119381,0,0.0,1170.0,63,0.0,0.0
17761,0.0635526,0,0.0,1240.0,9,0.0,0.0
17762,0.6485272,0,0.0,790.0,5,0.0,0.0
17763,0.008196085,0,0.0,12180.0,88,0.0,0.0
17764,0.04274989,0,0.0,9770.0,31,0.0,0.0
17765,0.0013477883,0,0.0,2210.0,3,0.0,0.0
17766,0.0006858037,0,0.0,1540.0,63,0.0,0.0
17767,0.0017244074,0,0.0,11790.0,54,0.0,0.0
17768,0.0027070234,0,0.0,1260.0,4,0.0,0.0
17769,0.7129968,0,0.0,5980.0,110,0.0,0.0
17770,0.021658303,0,0.0,5910.0,14,0.0,0.0
17771,0.00023547841,0,0.0,2100.0,11,0.0,0.0
17772,0.399668,0,0.0,1790.0,66,0.0,0.0
17773,0.23614268,0,0.0,4050.0,1,0.0,0.0
17774,0.01548313,0,0.0,3730.0,14,0.0,0.0
17775,0.8112303,0,0.0,5380.0,71,0.0,0.0
17776,0.12631972,0,0.0,680.0,22,0.0,0.0
17777,0.012155218,0,0.0,4030.0,12,0.0,0.0
17778,0.00023439314,0,0.0,1290.0,5,0.0,0.0
17779,0.009153084,0,0.0,2220.0,29,0.0,0.0
17780,0.06589519,0,0.0,4260.0,11,0.0,0.0
17781,0.012778032,0,0.0,1360.0,5,0.0,0.0
17782,0.020859445,0,0.0,1700.0,62,0.0,0.0
17783,0.0007301359,0,0.0,5400.0,76,0.0,0.0
17784,0.026120469,0,0.0,17230.0,113,0.0,0.0
17785,0.000100515594,0,0.0,2840.0,64,0.0,0.0
17786,6.65397e-05,0,0.0,1530.0,8,0.0,0.0
17787,0.84760827,0,0.0,3310.0,91,0.0,0.0
17788,0.00023028442,0,0.0,2160.0,1,0.0,0.0
17789,0.040060338,0,0.0,710.0,5,0.0,0.0
17790,0.0013883971,0,0.0,370.0,1,0.0,0.0
17791,0.10248529,0,0.0,660.0,7,0.0,0.0
17792,0.044577222,0,0.0,870.0,10,0.0,0.0
17793,0.0018642357,0,0.0,2410.0,42,0.0,0.0
17794,0.6333048,0,0.0,2960.0,61,0.0,0.0
17795,0.059074264,0,0.0,1720.0,2,0.0,0.0
17796,0.0021750396,0,0.0,37330.0,28,0.0,0.0
17797,0.0024570348,0,0.0,2860.0,9,0.0,0.0
17798,0.0013896226,0,0.0,6790.0,37,0.0,0.0
17799,0.0013277283,0,0.0,25300.0,13,0.0,0.0
17800,0.92089427,0,1.0,1830.0,9,0.0,0.0
17801,0.00019471248,0,0.0,2090.0,23,0.0,0.0
17802,0.0017287361,0,0.0,6060.0,20,0.0,0.0
17803,0.14888729,0,0.0,4830.0,68,0.0,0.0
17804,0.004965778,0,0.0,1650.0,9,0.0,0.0
17805,0.004238853,0,0.0,3490.0,42,0.0,0.0
17806,0.19122605,0,0.0,900.0,49,0.0,0.0
17807,0.00013683813,0,0.0,790.0,7,0.0,0.0
17808,0.14224552,0,0.0,5910.0,54,0.0,0.0
17809,0.043915246,0,0.0,780.0,3,0.0,0.0
17810,6.7260014e-05,0,0.0,10670.0,32,0.0,0.0
17811,0.0037405663,0,0.0,3180.0,78,0.0,0.0
17812,0.0004326096,0,0.0,700.0,3,0.0,0.0
17813,0.04393953,0,0.0,610.0,1,0.0,0.0
17814,0.01414974,0,0.0,1640.0,63,0.0,0.0
17815,0.00025369422,0,0.0,8060.0,31,0.0,0.0
17816,0.00037976343,0,0.0,2000.0,17,0.0,0.0
17817,0.00081308954,0,0.0,21240.0,120,0.0,0.0
17818,0.023055177,0,0.0,50550.0,97,0.0,0.0
17819,0.00030880846,0,0.0,12690.0,93,0.0,0.0
17820,0.85458326,0,0.0,1110.0,27,0.0,0.0
17821,0.00026009342,0,0.0,1830.0,93,0.0,0.0
17822,0.0343374,0,0.0,3630.0,28,0.0,0.0
17823,0.0005231445,0,0.0,4490.0,32,0.0,0.0
17824,0.037680298,0,0.0,2320.0,41,0.0,0.0
17825,8.109699e-05,0,0.0,710.0,1,0.0,0.0
17826,0.11548217,0,0.0,1210.0,69,0.0,0.0
17827,0.034273833,0,0.0,5090.0,110,0.0,0.0
17828,0.60668343,0,0.0,2370.0,14,0.0,0.0
17829,0.014174345,0,0.0,2720.0,59,0.0,0.0
17830,8.4660904e-05,0,0.0,2020.0,108,0.0,0.0
17831,1.3107768e-05,0,0.0,640.0,9,0.0,0.0
17832,0.014881527,0,0.0,4500.0,20,0.0,0.0
17833,0.24414428,0,0.0,4300.0,23,0.0,0.0
17834,0.00014104116,0,0.0,2620.0,18,0.0,0.0
17835,0.19142072,0,0.0,1110.0,62,0.0,0.0
17836,0.00064749946,0,0.0,23980.0,102,0.0,0.0
17837,0.050346382,0,0.0,11220.0,43,0.0,0.0
17838,0.86765075,0,0.0,7350.0,29,0.0,0.0
17839,0.97229993,0,1.0,4180.0,42,0.0,0.0
17840,0.109761536,0,0.0,3080.0,33,0.0,0.0
17841,0.01330661,0,0.0,2760.0,9,0.0,0.0
17842,0.3246838,1,0.0,1070.0,26,0.0,0.0
17843,7.225924e-05,0,0.0,1840.0,6,0.0,0.0
17844,0.15895045,0,0.0,1540.0,29,0.0,0.0
17845,0.0003868686,0,0.0,1160.0,1,0.0,0.0
17846,0.10649338,0,0.0,39000.0,96,0.0,0.0
17847,0.00044706967,0,0.0,580.0,2,0.0,0.0
17848,0.0018598497,0,0.0,5090.0,78,0.0,0.0
17849,0.0002815768,0,0.0,2470.0,73,0.0,0.0
17850,0.00020004055,0,0.0,850.0,1,0.0,0.0
17851,0.08097105,0,0.0,1540.0,9,0.0,0.0
17852,4.2680505e-05,0,0.0,2690.0,2,0.0,0.0
17853,0.00028658565,0,0.0,2580.0,5,0.0,0.0
17854,0.007277342,0,0.0,2350.0,21,0.0,0.0
17855,0.024950849,0,0.0,470.0,1,0.0,0.0
17856,0.0024137902,0,0.0,3960.0,9,0.0,0.0
17857,0.00035295592,0,0.0,3160.0,41,0.0,0.0
17858,0.56274265,0,0.0,10500.0,14,0.0,0.0
17859,0.0015926484,0,0.0,4650.0,66,0.0,0.0
17860,0.11508108,0,0.0,860.0,10,0.0,0.0
17861,0.07140576,0,0.0,11230.0,75,0.0,0.0
17862,0.00010330051,0,0.0,2260.0,19,0.0,0.0
17863,0.00064473855,0,0.0,1840.0,5,0.0,0.0
17864,0.003688095,0,0.0,2940.0,101,0.0,0.0
17865,0.0015875847,0,0.0,2930.0,3,0.0,0.0
17866,0.006355935,0,0.0,750.0,21,0.0,0.0
17867,0.016007517,0,0.0,4220.0,5,0.0,0.0
17868,0.005419328,0,0.0,500.0,1,0.0,0.0
17869,0.0012406884,0,0.0,3160.0,15,0.0,0.0
17870,0.15819359,0,0.0,6260.0,23,0.0,0.0
17871,0.00037278215,0,0.0,9160.0,20,0.0,0.0
17872,0.14425215,0,0.0,9940.0,42,0.0,0.0
17873,0.0014293506,0,0.0,36590.0,85,0.0,0.0
17874,0.97963655,0,1.0,1360.0,48,0.0,0.0
17875,0.007959081,0,0.0,1770.0,3,0.0,0.0
17876,0.010719142,0,0.0,1450.0,10,0.0,0.0
17877,0.13477185,0,0.0,3970.0,3,0.0,0.0
17878,8.049188e-05,0,0.0,1090.0,5,0.0,0.0
17879,0.0013698257,0,0.0,5380.0,15,0.0,0.0
17880,0.0048154755,0,0.0,6390.0,13,0.0,0.0
17881,0.013884153,0,0.0,4270.0,66,0.0,0.0
17882,0.00019462359,0,0.0,1310.0,96,0.0,0.0
17883,5.687965e-05,0,0.0,44510.0,84,0.0,0.0
17884,0.00044765882,0,0.0,1480.0,3,0.0,0.0
17885,0.0030131126,0,0.0,4750.0,44,0.0,0.0
17886,0.038859643,0,0.0,920.0,5,0.0,0.0
17887,0.0010033567,0,0.0,1360.0,3,0.0,0.0
17888,7.5517564e-05,0,0.0,5570.0,65,0.0,0.0
17889,0.285202,0,0.0,540.0,1,0.0,0.0
17890,0.0007776146,0,0.0,6980.0,14,0.0,0.0
17891,0.009047626,0,0.0,1560.0,9,0.0,0.0
17892,0.002910873,0,0.0,890.0,63,0.0,0.0
17893,0.039632466,0,0.0,6650.0,102,0.0,0.0
17894,0.060640268,0,0.0,1820.0,21,0.0,0.0
17895,0.032320023,0,0.0,26900.0,115,0.0,0.0
17896,0.00043832543,0,0.0,3150.0,15,0.0,0.0
17897,0.00072213064,0,0.0,1160.0,12,0.0,0.0
17898,0.048951738,0,0.0,1030.0,7,0.0,0.0
17899,0.00078468537,0,0.0,16490.0,45,0.0,0.0
17900,0.027197687,0,0.0,5590.0,93,0.0,0.0
17901,0.19460195,0,0.0,3160.0,21,0.0,0.0
17902,0.05715878,0,0.0,25660.0,63,0.0,0.0
17903,0.14865378,0,0.0,14030.0,20,0.0,0.0
17904,0.4582368,0,0.0,4010.0,30,0.0,0.0
17905,0.024592817,0,0.0,1780.0,14,0.0,0.0
17906,0.81626004,0,0.0,1200.0,28,0.0,0.0
17907,0.47830048,0,0.0,1120.0,32,0.0,0.0
17908,0.014231206,0,0.0,1670.0,6,0.0,0.0
17909,0.0012266857,0,0.0,720.0,2,0.0,0.0
17910,0.464165,1,0.0,2840.0,26,0.0,0.0
17911,0.00012065792,0,0.0,30800.0,50,0.0,0.0
17912,0.5443365,0,0.0,4800.0,37,0.0,0.0
17913,0.008378397,0,0.0,550.0,1,0.0,0.0
17914,0.007827064,0,0.0,2120.0,3,0.0,0.0
17915,0.002677553,0,0.0,3600.0,66,0.0,0.0
17916,0.00028540174,0,0.0,9990.0,14,0.0,0.0
17917,0.00013294289,0,0.0,1610.0,10,0.0,0.0
17918,0.0050134514,0,0.0,710.0,5,0.0,0.0
17919,0.0059024985,0,0.0,780.0,1,0.0,0.0
17920,2.3142258e-05,0,0.0,1050.0,7,0.0,0.0
17921,0.0014129847,0,0.0,2640.0,49,0.0,0.0
17922,0.033545874,0,0.0,4240.0,11,0.0,0.0
17923,0.0078859385,0,0.0,1020.0,2,0.0,0.0
17924,0.00042867713,0,0.0,2240.0,6,0.0,0.0
17925,0.025128517,0,0.0,1070.0,6,0.0,0.0
17926,0.0024997224,0,0.0,900.0,2,0.0,0.0
17927,0.012249304,0,0.0,590.0,2,0.0,0.0
17928,0.0009798962,0,0.0,920.0,4,0.0,0.0
17929,0.13841625,0,0.0,1480.0,4,0.0,0.0
17930,3.4264307e-05,0,0.0,11580.0,80,0.0,0.0
17931,0.0024558066,0,0.0,920.0,3,0.0,0.0
17932,0.00022895091,0,0.0,760.0,2,0.0,0.0
17933,0.000594818,0,0.0,670.0,1,0.0,0.0
17934,3.0555275e-05,0,0.0,730.0,3,0.0,0.0
17935,0.00050020235,0,0.0,10040.0,31,0.0,0.0
17936,0.0024713003,0,0.0,8000.0,35,0.0,0.0
17937,0.00024249927,0,0.0,7110.0,19,0.0,0.0
17938,0.021852663,0,0.0,490.0,1,0.0,0.0
17939,0.00046261612,0,0.0,1330.0,10,0.0,0.0
17940,0.00016457024,0,0.0,1070.0,16,0.0,0.0
17941,0.0042607062,0,0.0,1270.0,12,0.0,0.0
17942,0.9713111,0,1.0,5240.0,46,0.0,0.0
17943,0.072427236,0,0.0,6270.0,17,0.0,0.0
17944,0.0007373386,0,0.0,440.0,1,0.0,0.0
17945,0.00059474487,0,0.0,2040.0,22,0.0,0.0
17946,3.3609675e-05,0,0.0,1330.0,81,0.0,0.0
17947,0.013288867,0,0.0,700.0,1,0.0,0.0
17948,0.0012222764,0,0.0,13690.0,74,0.0,0.0
17949,0.00026067608,0,0.0,700.0,1,0.0,0.0
17950,0.0049649864,0,0.0,27250.0,76,0.0,0.0
17951,0.021007037,0,0.0,12310.0,41,0.0,0.0
17952,0.049056884,0,0.0,2490.0,3,0.0,0.0
17953,0.38097957,0,0.0,18640.0,96,0.0,0.0
17954,0.13943323,0,0.0,4520.0,5,0.0,0.0
17955,0.11628133,0,0.0,13020.0,70,0.0,0.0
17956,0.0008662149,0,0.0,1720.0,1,0.0,0.0
17957,0.016167969,0,0.0,2020.0,7,0.0,0.0
17958,0.0043589743,0,0.0,10230.0,62,0.0,0.0
17959,0.00057321024,0,0.0,5610.0,12,0.0,0.0
17960,0.024128687,0,0.0,13220.0,25,0.0,0.0
17961,0.00058093993,0,0.0,1190.0,6,0.0,0.0
17962,0.066486776,0,0.0,1410.0,13,0.0,0.0
17963,0.004140833,0,0.0,4580.0,67,0.0,0.0
17964,0.093404226,0,0.0,2260.0,46,0.0,0.0
17965,0.035402194,0,0.0,50420.0,43,0.0,0.0
17966,0.00055088644,0,0.0,3070.0,65,0.0,0.0
17967,0.005828853,0,0.0,1270.0,1,0.0,0.0
17968,7.193166e-06,0,0.0,5790.0,84,0.0,0.0
17969,0.010363852,0,0.0,9350.0,62,0.0,0.0
17970,0.48796475,0,0.0,800.0,1,0.0,0.0
17971,0.0006801676,0,0.0,420.0,1,0.0,0.0
17972,0.037714902,0,0.0,1270.0,61,0.0,0.0
17973,0.8928957,0,0.0,5830.0,11,0.0,0.0
17974,0.10652843,0,0.0,9310.0,41,0.0,0.0
17975,0.002353879,0,0.0,1040.0,1,0.0,0.0
17976,0.96263695,0,1.0,6860.0,62,0.0,0.0
17977,9.393874e-05,0,0.0,1250.0,2,0.0,0.0
17978,0.00090386055,0,0.0,2340.0,14,0.0,0.0
17979,0.0027306383,0,0.0,1420.0,1,0.0,0.0
17980,0.003420707,0,0.0,6000.0,13,0.0,0.0
17981,0.00025374236,0,0.0,1160.0,7,0.0,0.0
17982,0.41746208,0,0.0,1380.0,14,0.0,0.0
17983,0.57347995,0,0.0,38360.0,32,0.0,0.0
17984,0.009842544,0,0.0,2580.0,60,0.0,0.0
17985,0.03388897,0,0.0,2060.0,15,0.0,0.0
17986,0.0018509289,0,0.0,2380.0,19,0.0,0.0
17987,0.031579755,0,0.0,1930.0,59,0.0,0.0
17988,0.00087374967,0,0.0,1330.0,13,0.0,0.0
17989,0.2092788,0,0.0,4330.0,14,0.0,0.0
17990,0.00070753443,0,0.0,720.0,13,0.0,0.0
17991,0.009501824,0,0.0,1090.0,6,0.0,0.0
17992,0.033868436,0,0.0,3990.0,62,0.0,0.0
17993,0.0010410735,0,0.0,2570.0,15,0.0,0.0
17994,0.020804938,0,0.0,1870.0,3,0.0,0.0
17995,0.0032264523,0,0.0,36520.0,100,0.0,0.0
17996,0.00014214557,0,0.0,5080.0,42,0.0,0.0
17997,0.41006452,0,0.0,12190.0,43,0.0,0.0
17998,0.0005971797,0,0.0,2620.0,104,0.0,0.0
17999,0.00024785596,0,0.0,670.0,1,0.0,0.0
18000,0.012076884,0,0.0,800.0,8,0.0,0.0
18001,0.000100192236,0,0.0,940.0,14,0.0,0.0
18002,0.018792495,0,0.0,1980.0,23,0.0,0.0
18003,0.14803225,0,0.0,2180.0,5,0.0,0.0
18004,0.0045817997,0,0.0,1980.0,21,0.0,0.0
18005,0.13884789,0,0.0,21580.0,63,0.0,0.0
18006,0.16741754,0,0.0,2850.0,73,0.0,0.0
18007,0.20871149,0,0.0,17420.0,75,0.0,0.0
18008,0.9167019,0,1.0,8700.0,36,0.0,0.0
18009,0.093559995,0,0.0,3070.0,42,0.0,0.0
18010,0.07270737,0,0.0,2510.0,49,0.0,0.0
18011,2.1818305e-05,0,0.0,2350.0,7,0.0,0.0
18012,0.0042965007,0,0.0,28780.0,63,0.0,0.0
18013,0.15143895,0,0.0,14890.0,55,0.0,0.0
18014,0.20276028,0,0.0,74270.0,113,0.0,0.0
18015,0.50959706,0,0.0,5380.0,70,0.0,0.0
18016,0.14884521,0,0.0,2500.0,76,0.0,0.0
18017,0.00438428,0,0.0,38800.0,98,0.0,0.0
18018,0.99304247,0,1.0,25850.0,59,0.0,0.0
18019,0.00018414276,0,0.0,1200.0,102,0.0,0.0
18020,0.00012791314,0,0.0,59010.0,88,0.0,0.0
18021,0.0048509333,0,0.0,8300.0,38,0.0,0.0
18022,0.00075072807,0,0.0,5640.0,20,0.0,0.0
18023,0.818697,0,0.0,860.0,5,0.0,0.0
18024,0.0118674375,0,0.0,930.0,21,0.0,0.0
18025,0.00019820234,0,0.0,560.0,3,0.0,0.0
18026,0.00033019428,0,0.0,1460.0,7,0.0,0.0
18027,0.004490365,0,0.0,1860.0,6,0.0,0.0
18028,0.088583164,0,0.0,23380.0,86,0.0,0.0
18029,0.8588401,0,0.0,18800.0,32,0.0,0.0
18030,0.081513315,0,0.0,2780.0,1,0.0,0.0
18031,0.00017589713,0,0.0,630.0,11,0.0,0.0
18032,0.00013115618,0,0.0,1220.0,84,0.0,0.0
18033,0.094085015,0,0.0,730.0,9,0.0,0.0
18034,0.039736032,0,0.0,10750.0,43,0.0,0.0
18035,0.01661786,0,0.0,22370.0,66,0.0,0.0
18036,0.00020622477,0,0.0,3330.0,116,0.0,0.0
18037,0.027512506,0,0.0,4360.0,15,0.0,0.0
18038,0.009282964,0,0.0,9920.0,62,0.0,0.0
18039,0.00017611933,0,0.0,940.0,6,0.0,0.0
18040,1.5299383e-05,0,0.0,2930.0,7,0.0,0.0
18041,0.282831,0,0.0,16390.0,85,0.0,0.0
18042,0.018021613,0,0.0,14370.0,43,0.0,0.0
18043,0.006955791,0,0.0,43520.0,111,0.0,0.0
18044,0.5953236,0,0.0,3960.0,50,0.0,0.0
18045,0.539405,0,0.0,1630.0,7,0.0,0.0
18046,0.0010317768,0,0.0,1640.0,9,0.0,0.0
18047,0.05455981,0,0.0,590.0,1,0.0,0.0
18048,0.97913045,0,1.0,2740.0,30,0.0,0.0
18049,0.000608554,0,0.0,840.0,2,0.0,0.0
18050,0.008159489,0,0.0,47290.0,104,0.0,0.0
18051,6.957596e-05,0,0.0,820.0,13,0.0,0.0
18052,0.0005592566,0,0.0,3430.0,49,0.0,0.0
18053,0.04281551,0,0.0,9510.0,14,0.0,0.0
18054,0.65027505,0,0.0,930.0,1,0.0,0.0
18055,0.002723054,0,0.0,7140.0,8,0.0,0.0
18056,0.19510436,0,0.0,2400.0,73,0.0,0.0
18057,0.7521377,0,0.0,62600.0,111,0.0,0.0
18058,0.021917209,0,0.0,6220.0,8,0.0,0.0
18059,0.06462881,0,0.0,7710.0,25,0.0,0.0
18060,0.9512153,0,1.0,17150.0,75,0.0,0.0
18061,0.0014673517,0,0.0,1450.0,6,0.0,0.0
18062,0.0012356762,0,0.0,2690.0,1,0.0,0.0
18063,0.13276707,0,0.0,1030.0,6,0.0,0.0
18064,0.01733225,0,0.0,10150.0,8,0.0,0.0
18065,0.073160745,0,0.0,2000.0,3,0.0,0.0
18066,0.13499004,0,0.0,1530.0,6,0.0,0.0
18067,0.0053095,0,0.0,5490.0,66,0.0,0.0
18068,0.0027599693,0,0.0,10620.0,11,0.0,0.0
18069,0.98187274,0,1.0,9570.0,47,0.0,0.0
18070,0.37519035,0,0.0,3160.0,58,0.0,0.0
18071,0.0005045653,0,0.0,6600.0,61,0.0,0.0
18072,0.0003012918,0,0.0,3020.0,21,0.0,0.0
18073,0.04650774,0,0.0,18160.0,97,0.0,0.0
18074,0.031424064,0,0.0,3000.0,33,0.0,0.0
18075,0.5625379,0,0.0,1900.0,24,0.0,0.0
18076,0.19590497,0,0.0,30410.0,39,0.0,0.0
18077,0.0077953706,0,0.0,470.0,1,0.0,0.0
18078,0.18903309,0,0.0,1520.0,2,0.0,0.0
18079,0.031145427,0,0.0,12910.0,18,0.0,0.0
18080,0.007889196,0,0.0,900.0,9,0.0,0.0
18081,0.0010505795,0,0.0,1480.0,61,0.0,0.0
18082,0.0016809849,0,0.0,4720.0,82,0.0,0.0
18083,0.007722399,0,0.0,940.0,10,0.0,0.0
18084,0.00093257916,0,0.0,2930.0,20,0.0,0.0
18085,0.00043415412,0,0.0,2160.0,11,0.0,0.0
18086,0.06530839,0,0.0,15170.0,23,0.0,0.0
18087,0.3069116,0,0.0,560.0,2,0.0,0.0
18088,0.9137801,0,1.0,2000.0,80,0.0,0.0
18089,0.2723337,0,0.0,7500.0,30,0.0,0.0
18090,0.050947495,0,0.0,23970.0,102,0.0,0.0
18091,0.00018793214,0,0.0,830.0,6,0.0,0.0
18092,0.00019533637,0,0.0,680.0,3,0.0,0.0
18093,0.001070313,0,0.0,930.0,7,0.0,0.0
18094,0.30005166,0,0.0,1090.0,6,0.0,0.0
18095,0.016345402,0,0.0,1370.0,9,0.0,0.0
18096,0.040958278,0,0.0,2540.0,62,0.0,0.0
18097,0.0049461504,0,0.0,2160.0,3,0.0,0.0
18098,0.0014325079,0,0.0,1470.0,9,0.0,0.0
18099,0.026710846,0,0.0,18650.0,63,0.0,0.0
18100,0.011892767,0,0.0,50680.0,96,0.0,0.0
18101,0.00019972894,0,0.0,5890.0,17,0.0,0.0
18102,0.00024946383,0,0.0,16720.0,81,0.0,0.0
18103,0.030880746,0,0.0,6970.0,54,0.0,0.0
18104,0.02818693,0,0.0,660.0,6,0.0,0.0
18105,0.026530858,0,0.0,2650.0,5,0.0,0.0
18106,0.0014025305,0,0.0,890.0,9,0.0,0.0
18107,0.15163118,0,0.0,5320.0,42,0.0,0.0
18108,0.0016051503,0,0.0,5730.0,75,0.0,0.0
18109,8.626595e-05,0,0.0,2810.0,2,0.0,0.0
18110,0.0023960539,0,0.0,4900.0,62,0.0,0.0
18111,0.0058235223,0,0.0,1440.0,53,0.0,0.0
18112,0.44727114,0,0.0,14020.0,10,0.0,0.0
18113,0.0005909757,0,0.0,11370.0,41,0.0,0.0
18114,0.6027488,0,0.0,1140.0,39,0.0,0.0
18115,0.0002635889,0,0.0,1110.0,82,0.0,0.0
18116,0.007321628,0,0.0,16220.0,33,0.0,0.0
18117,0.006029369,0,0.0,700.0,3,0.0,0.0
18118,0.014978515,0,0.0,980.0,2,0.0,0.0
18119,0.03026886,0,0.0,2030.0,3,0.0,0.0
18120,0.119877756,0,0.0,9720.0,41,0.0,0.0
18121,0.00019551654,0,0.0,2320.0,6,0.0,0.0
18122,0.0028971527,0,0.0,1450.0,59,0.0,0.0
18123,0.0057278834,0,0.0,6500.0,33,0.0,0.0
18124,6.852813e-05,0,0.0,3450.0,9,0.0,0.0
18125,0.00017707543,0,0.0,5460.0,2,0.0,0.0
18126,0.045013495,0,0.0,1520.0,2,0.0,0.0
18127,0.00146765,0,0.0,4860.0,61,0.0,0.0
18128,0.011619843,0,0.0,4060.0,42,0.0,0.0
18129,0.0010040551,0,0.0,3610.0,12,0.0,0.0
18130,0.20184903,0,0.0,2180.0,67,0.0,0.0
18131,0.10439655,0,0.0,10740.0,19,0.0,0.0
18132,0.00033882807,0,0.0,2220.0,11,0.0,0.0
18133,0.13588415,0,0.0,1450.0,24,0.0,0.0
18134,1.348718e-05,0,0.0,710.0,1,0.0,0.0
18135,0.00047689694,0,0.0,2660.0,15,0.0,0.0
18136,2.625198e-05,0,0.0,950.0,3,0.0,0.0
18137,0.0037015688,0,0.0,560.0,6,0.0,0.0
18138,0.00083112146,0,0.0,1150.0,4,0.0,0.0
18139,0.00027790933,0,0.0,29090.0,74,0.0,0.0
18140,0.0003752981,0,0.0,600.0,13,0.0,0.0
18141,0.46210527,0,0.0,4490.0,42,0.0,0.0
18142,0.0400544,0,0.0,33960.0,59,0.0,0.0
18143,0.21611734,0,0.0,1130.0,21,0.0,0.0
18144,0.00018524782,0,0.0,1020.0,1,0.0,0.0
18145,3.511023e-05,0,0.0,2130.0,8,0.0,0.0
18146,0.0003944737,0,0.0,920.0,3,0.0,0.0
18147,4.8234982e-05,0,0.0,1770.0,3,0.0,0.0
18148,4.304421e-05,0,0.0,1390.0,16,0.0,0.0
18149,0.11736064,0,0.0,1740.0,9,0.0,0.0
18150,0.018988915,0,0.0,9250.0,15,0.0,0.0
18151,0.0041793,0,0.0,3310.0,44,0.0,0.0
18152,0.00032693316,0,0.0,4890.0,49,0.0,0.0
18153,1.2237081e-05,0,0.0,800.0,12,0.0,0.0
18154,0.001855467,0,0.0,3370.0,10,0.0,0.0
18155,2.4344961e-05,0,0.0,1930.0,3,0.0,0.0
18156,0.00015065874,0,0.0,17040.0,44,0.0,0.0
18157,0.25965446,0,0.0,6380.0,41,0.0,0.0
18158,0.11753182,0,0.0,610.0,2,0.0,0.0
18159,0.0035206021,0,0.0,2630.0,10,0.0,0.0
18160,0.0039624376,0,0.0,930.0,5,0.0,0.0
18161,0.00029700666,0,0.0,1500.0,11,0.0,0.0
18162,0.0012399306,0,0.0,48490.0,80,0.0,0.0
18163,0.008622246,0,0.0,13350.0,17,0.0,0.0
18164,0.018558012,0,0.0,1980.0,6,0.0,0.0
18165,0.00034247703,0,0.0,540.0,1,0.0,0.0
18166,0.00027285976,0,0.0,700.0,7,0.0,0.0
18167,0.00024132963,0,0.0,1260.0,3,0.0,0.0
18168,4.0214356e-05,0,0.0,1430.0,3,0.0,0.0
18169,0.04196285,0,0.0,7540.0,74,0.0,0.0
18170,0.0036108955,0,0.0,4810.0,10,0.0,0.0
18171,0.008339954,0,0.0,4740.0,42,0.0,0.0
18172,0.0019288063,0,0.0,3060.0,12,0.0,0.0
18173,0.003542071,0,0.0,2960.0,103,0.0,0.0
18174,9.882217e-05,0,0.0,12350.0,84,0.0,0.0
18175,0.002990819,0,0.0,5070.0,15,0.0,0.0
18176,0.03839325,0,0.0,14950.0,88,0.0,0.0
18177,0.024836555,0,0.0,63040.0,96,0.0,0.0
18178,0.5911991,0,0.0,1570.0,5,0.0,0.0
18179,0.021042826,0,0.0,4610.0,15,0.0,0.0
18180,0.2178322,0,0.0,9590.0,49,0.0,0.0
18181,0.020449055,0,0.0,28140.0,61,0.0,0.0
18182,0.0068280892,0,0.0,4520.0,16,0.0,0.0
18183,0.18748578,0,0.0,3630.0,50,0.0,0.0
18184,0.7664886,0,0.0,4260.0,47,0.0,0.0
18185,3.3488803e-05,0,0.0,2700.0,8,0.0,0.0
18186,0.004334946,0,0.0,7770.0,78,0.0,0.0
18187,0.5824644,0,0.0,12470.0,12,0.0,0.0
18188,0.024052024,0,0.0,2300.0,5,0.0,0.0
18189,3.2938762e-05,0,0.0,5620.0,82,0.0,0.0
18190,0.0014434363,0,0.0,3180.0,4,0.0,0.0
18191,0.0110858325,0,0.0,2460.0,16,0.0,0.0
18192,0.0038176589,0,0.0,1770.0,7,0.0,0.0
18193,0.1506473,0,0.0,4710.0,18,0.0,0.0
18194,0.020953879,0,0.0,31600.0,48,0.0,0.0
18195,0.91110516,0,1.0,6870.0,69,0.0,0.0
18196,0.92137045,0,1.0,2140.0,1,0.0,0.0
18197,0.0037272556,0,0.0,1430.0,9,0.0,0.0
18198,0.0011873795,0,0.0,1430.0,5,0.0,0.0
18199,4.5656107e-05,0,0.0,3060.0,10,0.0,0.0
18200,0.08094052,0,0.0,4830.0,4,0.0,0.0
18201,0.0002644745,0,0.0,6940.0,63,0.0,0.0
18202,0.02168527,0,0.0,6680.0,22,0.0,0.0
18203,0.4056128,0,0.0,800.0,1,0.0,0.0
18204,0.014700547,0,0.0,840.0,7,0.0,0.0
18205,0.0036756631,0,0.0,730.0,10,0.0,0.0
18206,0.7864082,0,0.0,4360.0,62,0.0,0.0
18207,0.11079916,0,0.0,2180.0,10,0.0,0.0
18208,0.090345286,0,0.0,3480.0,78,0.0,0.0
18209,0.0035849528,0,0.0,1510.0,11,0.0,0.0
18210,0.0013607331,0,0.0,1330.0,22,0.0,0.0
18211,4.5115917e-06,0,0.0,4280.0,8,0.0,0.0
18212,0.00106084,0,0.0,2030.0,89,0.0,0.0
18213,0.0010579177,0,0.0,2730.0,10,0.0,0.0
18214,0.10732552,0,0.0,770.0,5,0.0,0.0
18215,0.10778014,0,0.0,2180.0,11,0.0,0.0
18216,0.06566367,0,0.0,410.0,5,0.0,0.0
18217,5.404576e-05,0,0.0,14130.0,69,0.0,0.0
18218,0.8567218,0,0.0,1640.0,1,0.0,0.0
18219,0.0009119909,0,0.0,6790.0,23,0.0,0.0
18220,0.0015715604,0,0.0,1090.0,2,0.0,0.0
18221,0.016181186,0,0.0,18510.0,32,0.0,0.0
18222,0.03131782,0,0.0,20420.0,71,0.0,0.0
18223,8.193972e-05,0,0.0,3310.0,43,0.0,0.0
18224,0.09434812,0,0.0,1210.0,3,0.0,0.0
18225,0.0011860738,0,0.0,2330.0,97,0.0,0.0
18226,0.005842483,0,0.0,1860.0,24,0.0,0.0
18227,0.06489356,0,0.0,4260.0,43,0.0,0.0
18228,0.006146237,0,0.0,17070.0,93,0.0,0.0
18229,0.009040613,0,0.0,1170.0,6,0.0,0.0
18230,0.06905828,0,0.0,59270.0,112,0.0,0.0
18231,0.023744112,0,0.0,8150.0,25,0.0,0.0
18232,0.50080556,0,0.0,2350.0,41,0.0,0.0
18233,0.012824788,0,0.0,6970.0,42,0.0,0.0
18234,0.5007136,0,0.0,24150.0,50,0.0,0.0
18235,0.044956695,0,0.0,990.0,6,0.0,0.0
18236,0.06334521,0,0.0,2140.0,8,0.0,0.0
18237,0.002617102,0,0.0,1740.0,10,0.0,0.0
18238,0.0722668,0,0.0,12170.0,41,0.0,0.0
18239,0.08509091,0,0.0,1000.0,2,0.0,0.0
18240,0.022928713,0,0.0,1090.0,2,0.0,0.0
18241,0.09254059,0,0.0,1840.0,9,0.0,0.0
18242,0.3987462,0,0.0,3760.0,10,0.0,0.0
18243,0.3896724,0,0.0,5090.0,14,0.0,0.0
18244,0.011666643,0,0.0,2080.0,20,0.0,0.0
18245,0.25026602,0,0.0,12010.0,97,0.0,0.0
18246,0.11934239,0,0.0,6260.0,22,0.0,0.0
18247,0.0921412,0,0.0,84070.0,86,0.0,0.0
18248,0.3480213,0,0.0,900.0,21,0.0,0.0
18249,0.051689353,0,0.0,39200.0,57,0.0,0.0
18250,0.01506246,0,0.0,21740.0,48,0.0,0.0
18251,0.0061147637,0,0.0,1700.0,12,0.0,0.0
18252,0.025377037,0,0.0,7330.0,46,0.0,0.0
18253,0.07448844,0,0.0,1460.0,12,0.0,0.0
18254,0.004635844,0,0.0,2390.0,10,0.0,0.0
18255,0.0053265886,0,0.0,20500.0,92,0.0,0.0
18256,0.17991899,0,0.0,6040.0,11,0.0,0.0
18257,0.37591258,0,0.0,4840.0,4,0.0,0.0
18258,0.32053956,0,0.0,700.0,7,0.0,0.0
18259,0.080513984,0,0.0,950.0,6,0.0,0.0
18260,0.034402043,0,0.0,12350.0,56,0.0,0.0
18261,0.03540504,0,0.0,23000.0,85,0.0,0.0
18262,0.8104542,0,0.0,6030.0,56,0.0,0.0
18263,0.32076204,0,0.0,15650.0,85,0.0,0.0
18264,0.12088744,0,0.0,2420.0,55,0.0,0.0
18265,0.06322582,0,0.0,2060.0,18,0.0,0.0
18266,0.035780556,0,0.0,8230.0,94,0.0,0.0
18267,0.07944968,0,0.0,4590.0,103,0.0,0.0
18268,0.082522005,0,0.0,15980.0,39,0.0,0.0
18269,0.507248,0,0.0,780.0,2,0.0,0.0
18270,0.25894418,0,0.0,33400.0,72,0.0,0.0
18271,0.16453601,0,0.0,4700.0,15,0.0,0.0
18272,0.21188058,0,0.0,1100.0,6,0.0,0.0
18273,0.025371034,0,0.0,1760.0,4,0.0,0.0
18274,0.057656594,0,0.0,5120.0,8,0.0,0.0
18275,0.047060285,0,0.0,1990.0,2,0.0,0.0
18276,0.009276169,0,0.0,3160.0,14,0.0,0.0
18277,0.04836086,0,0.0,1230.0,11,0.0,0.0
18278,0.05206501,0,0.0,2090.0,7,0.0,0.0
18279,0.017063214,0,0.0,1080.0,6,0.0,0.0
18280,0.052407146,1,0.0,6930.0,26,0.0,0.0
18281,0.10312992,0,0.0,730.0,2,0.0,0.0
18282,0.068990566,0,0.0,1320.0,7,0.0,0.0
18283,0.11903046,0,0.0,28610.0,100,0.0,0.0
18284,0.094792396,0,0.0,3540.0,10,0.0,0.0
18285,0.0129718585,0,0.0,1610.0,14,0.0,0.0
18286,0.029233994,0,0.0,660.0,6,0.0,0.0
18287,0.6124882,0,0.0,9270.0,25,0.0,0.0
18288,0.17813772,0,0.0,6400.0,8,0.0,0.0
18289,0.18428642,0,0.0,800.0,3,0.0,0.0
18290,0.02049767,0,0.0,1960.0,10,0.0,0.0
18291,0.21343552,0,0.0,850.0,1,0.0,0.0
18292,0.066516735,0,0.0,1250.0,7,0.0,0.0
18293,0.124863684,0,0.0,1800.0,13,0.0,0.0
18294,0.3296431,0,0.0,2750.0,14,0.0,0.0
18295,0.23119174,0,0.0,760.0,5,0.0,0.0
18296,0.00061897235,0,0.0,1900.0,6,0.0,0.0
18297,0.028707245,0,0.0,1240.0,44,0.0,0.0
18298,0.3184206,0,0.0,1840.0,6,0.0,0.0
18299,0.30495015,0,0.0,1520.0,23,0.0,0.0
18300,0.00027198548,0,0.0,5100.0,4,0.0,0.0
18301,0.047104936,1,0.0,4540.0,26,0.0,0.0
18302,0.00066637265,0,0.0,1150.0,15,0.0,0.0
18303,0.05890114,0,0.0,2450.0,15,0.0,0.0
18304,0.014184929,0,0.0,2610.0,2,0.0,0.0
18305,0.11214693,0,0.0,11320.0,12,0.0,0.0
18306,0.05254199,0,0.0,790.0,6,0.0,0.0
18307,0.0012142239,0,0.0,2540.0,62,0.0,0.0
18308,0.3551362,0,0.0,4030.0,46,0.0,0.0
18309,0.010102869,0,0.0,7980.0,22,0.0,0.0
18310,0.0002938238,0,0.0,14950.0,46,0.0,0.0
18311,0.00020840147,0,0.0,1300.0,43,0.0,0.0
18312,0.00013138374,0,0.0,8960.0,12,0.0,0.0
18313,0.00031300113,0,0.0,7770.0,12,0.0,0.0
18314,5.161676e-05,0,0.0,530.0,7,0.0,0.0
18315,0.020439034,0,0.0,2280.0,3,0.0,0.0
18316,0.0041336776,0,0.0,2820.0,3,0.0,0.0
18317,0.004395165,0,0.0,680.0,2,0.0,0.0
18318,0.039592613,0,0.0,9610.0,43,0.0,0.0
18319,0.1947931,0,0.0,2390.0,30,0.0,0.0
18320,0.001306103,0,0.0,1200.0,6,0.0,0.0
18321,0.02746813,0,0.0,890.0,7,0.0,0.0
18322,0.28504363,0,0.0,5220.0,19,0.0,0.0
18323,0.017817002,0,0.0,32130.0,61,0.0,0.0
18324,0.86429,0,0.0,6190.0,55,0.0,0.0
18325,0.00014654527,0,0.0,31400.0,30,0.0,0.0
18326,0.00089055713,0,0.0,3830.0,12,0.0,0.0
18327,0.0683722,0,0.0,1250.0,6,0.0,0.0
18328,0.00079946284,0,0.0,1020.0,5,0.0,0.0
18329,5.5140677e-05,0,0.0,3490.0,22,0.0,0.0
18330,0.8536874,0,0.0,1560.0,65,0.0,0.0
18331,0.00053120503,0,0.0,780.0,1,0.0,0.0
18332,0.3226882,0,0.0,2920.0,71,0.0,0.0
18333,0.04247062,0,0.0,7270.0,43,0.0,0.0
18334,0.002437404,0,0.0,890.0,2,0.0,0.0
18335,0.00012762354,0,0.0,1610.0,13,0.0,0.0
18336,0.0036079749,0,0.0,6910.0,20,0.0,0.0
18337,0.2815513,0,0.0,19520.0,63,0.0,0.0
18338,0.002967282,0,0.0,2730.0,11,0.0,0.0
18339,0.0025232707,0,0.0,1850.0,3,0.0,0.0
18340,0.019893304,0,0.0,1090.0,1,0.0,0.0
18341,0.013282322,0,0.0,29490.0,70,0.0,0.0
18342,0.17682491,0,0.0,7210.0,61,0.0,0.0
18343,0.0014940597,0,0.0,42500.0,100,0.0,0.0
18344,0.13398449,0,0.0,21220.0,60,0.0,0.0
18345,0.008037973,0,0.0,2290.0,7,0.0,0.0
18346,0.00066565344,0,0.0,1570.0,14,0.0,0.0
18347,0.005196618,0,0.0,5100.0,62,0.0,0.0
18348,0.019394979,0,0.0,15810.0,17,0.0,0.0
18349,0.0012910856,0,0.0,5390.0,43,0.0,0.0
18350,0.0051180054,0,0.0,1670.0,9,0.0,0.0
18351,0.04220838,0,0.0,3640.0,41,0.0,0.0
18352,0.00019777306,0,0.0,19090.0,102,0.0,0.0
18353,0.00051913806,0,0.0,4140.0,23,0.0,0.0
18354,0.063324526,0,0.0,21150.0,86,0.0,0.0
18355,0.00012825633,0,0.0,22450.0,55,0.0,0.0
18356,0.0053026895,0,0.0,4350.0,15,0.0,0.0
18357,0.00025179415,0,0.0,440.0,3,0.0,0.0
18358,0.8420471,0,0.0,29290.0,68,0.0,0.0
18359,0.004094283,0,0.0,980.0,6,0.0,0.0
18360,0.00040221962,0,0.0,980.0,1,0.0,0.0
18361,0.035272393,0,0.0,1000.0,6,0.0,0.0
18362,0.00075997255,0,0.0,1680.0,10,0.0,0.0
18363,0.4176586,0,0.0,2840.0,72,0.0,0.0
18364,0.002795731,0,0.0,2240.0,1,0.0,0.0
18365,0.17630659,0,0.0,16780.0,44,0.0,0.0
18366,0.8010181,0,0.0,1310.0,5,0.0,0.0
18367,0.0007419219,0,0.0,1490.0,3,0.0,0.0
18368,0.007972728,0,0.0,1160.0,1,0.0,0.0
18369,0.024340652,0,0.0,4580.0,42,0.0,0.0
18370,0.004061493,0,0.0,1520.0,6,0.0,0.0
18371,0.0050640306,0,0.0,6560.0,19,0.0,0.0
18372,0.000904517,0,0.0,28470.0,22,0.0,0.0
18373,0.00059653056,0,0.0,17960.0,68,0.0,0.0
18374,0.002310416,0,0.0,1340.0,4,0.0,0.0
18375,0.63193303,0,0.0,6560.0,18,0.0,0.0
18376,0.0001135487,0,0.0,30330.0,49,0.0,0.0
18377,0.0076177777,0,0.0,3050.0,84,0.0,0.0
18378,2.513259e-05,0,0.0,3040.0,83,0.0,0.0
18379,0.12452956,0,0.0,2180.0,24,0.0,0.0
18380,0.120672226,0,0.0,7640.0,48,0.0,0.0
18381,0.0049163224,0,0.0,610.0,1,0.0,0.0
18382,0.008500774,0,0.0,2320.0,8,0.0,0.0
18383,0.29693362,0,0.0,2960.0,6,0.0,0.0
18384,0.005550643,0,0.0,1920.0,76,0.0,0.0
18385,0.0002473779,0,0.0,5110.0,23,0.0,0.0
18386,0.96257585,0,1.0,2620.0,2,0.0,0.0
18387,0.0020579481,0,0.0,2150.0,20,0.0,0.0
18388,0.00037818245,0,0.0,11690.0,24,0.0,0.0
18389,0.0032449502,0,0.0,930.0,2,0.0,0.0
18390,0.0006382056,0,0.0,3210.0,84,0.0,0.0
18391,0.0013919678,0,0.0,5270.0,13,0.0,0.0
18392,0.0014393794,0,0.0,790.0,17,0.0,0.0
18393,0.0014882336,0,0.0,7690.0,13,0.0,0.0
18394,0.23353487,0,0.0,1950.0,6,0.0,0.0
18395,0.027055,0,0.0,25350.0,94,0.0,0.0
18396,0.005537417,0,0.0,2740.0,75,0.0,0.0
18397,0.040539246,0,0.0,1980.0,6,0.0,0.0
18398,0.0011424735,0,0.0,1500.0,22,0.0,0.0
18399,0.003356963,0,0.0,3130.0,53,0.0,0.0
18400,0.0005975805,0,0.0,1900.0,10,0.0,0.0
18401,0.003777575,0,0.0,1250.0,10,0.0,0.0
18402,0.00058890565,0,0.0,2910.0,5,0.0,0.0
18403,0.07560878,0,0.0,1380.0,10,0.0,0.0
18404,0.6485451,0,0.0,8950.0,44,0.0,0.0
18405,0.2628526,0,0.0,24630.0,65,0.0,0.0
18406,0.0004278834,0,0.0,1160.0,10,0.0,0.0
18407,0.00012069521,0,0.0,12040.0,81,0.0,0.0
18408,0.05935213,0,0.0,4890.0,102,0.0,0.0
18409,0.0012379864,0,0.0,1400.0,22,0.0,0.0
18410,0.3021761,0,0.0,4570.0,111,0.0,0.0
18411,0.0014580048,0,0.0,1650.0,7,0.0,0.0
18412,0.010261971,0,0.0,1110.0,1,0.0,0.0
18413,4.2511765e-05,0,0.0,5870.0,70,0.0,0.0
18414,8.017137e-05,0,0.0,5000.0,12,0.0,0.0
18415,0.0024384626,0,0.0,990.0,5,0.0,0.0
18416,0.0204949,0,0.0,6240.0,18,0.0,0.0
18417,0.039037757,0,0.0,810.0,7,0.0,0.0
18418,0.0018735995,0,0.0,970.0,5,0.0,0.0
18419,0.0020258103,0,0.0,19100.0,68,0.0,0.0
18420,0.00053369615,0,0.0,1490.0,1,0.0,0.0
18421,0.0032779751,0,0.0,1950.0,18,0.0,0.0
18422,0.06048795,0,0.0,3400.0,8,0.0,0.0
18423,0.0011028837,0,0.0,1020.0,13,0.0,0.0
18424,3.3761396e-05,0,0.0,1070.0,6,0.0,0.0
18425,0.00022501845,0,0.0,47380.0,36,0.0,0.0
18426,3.861033e-05,0,0.0,1840.0,10,0.0,0.0
18427,0.0020161287,0,0.0,2830.0,21,0.0,0.0
18428,0.0045897965,0,0.0,1410.0,21,0.0,0.0
18429,0.016262358,0,0.0,6650.0,12,0.0,0.0
18430,0.39597344,0,0.0,23490.0,95,0.0,0.0
18431,0.69921124,0,0.0,2280.0,24,0.0,0.0
18432,0.039777618,0,0.0,5970.0,11,0.0,0.0
18433,0.9475033,0,1.0,800.0,1,0.0,0.0
18434,0.8266821,0,0.0,6060.0,47,0.0,0.0
18435,0.013748817,0,0.0,1730.0,41,0.0,0.0
18436,5.6191504e-05,0,0.0,34300.0,72,0.0,0.0
18437,0.022496399,0,0.0,680.0,2,0.0,0.0
18438,0.09666571,0,0.0,10590.0,42,0.0,0.0
18439,0.0095540825,0,0.0,1290.0,10,0.0,0.0
18440,0.0035076826,0,0.0,5200.0,14,0.0,0.0
18441,0.0033506337,0,0.0,5460.0,53,0.0,0.0
18442,0.28629676,0,0.0,1500.0,23,0.0,0.0
18443,0.004244311,0,0.0,530.0,7,0.0,0.0
18444,0.0006633508,0,0.0,2860.0,18,0.0,0.0
18445,0.44845706,0,0.0,20610.0,83,0.0,0.0
18446,0.0019532077,0,0.0,460.0,2,0.0,0.0
18447,0.04984376,0,0.0,750.0,4,0.0,0.0
18448,0.0002584439,0,0.0,680.0,2,0.0,0.0
18449,0.4504159,0,0.0,2440.0,10,0.0,0.0
18450,0.09727073,0,0.0,2480.0,59,0.0,0.0
18451,0.0006732383,0,0.0,4130.0,25,0.0,0.0
18452,0.63518804,0,0.0,3710.0,28,0.0,0.0
18453,0.000194123,0,0.0,54810.0,33,0.0,0.0
18454,0.0024043806,0,0.0,6750.0,76,0.0,0.0
18455,0.0065065287,0,0.0,20480.0,84,0.0,0.0
18456,0.00028330664,0,0.0,830.0,1,0.0,0.0
18457,0.0017224638,0,0.0,9450.0,64,0.0,0.0
18458,0.055411834,0,0.0,1880.0,8,0.0,0.0
18459,0.060790002,0,0.0,1350.0,6,0.0,0.0
18460,0.046569552,0,0.0,2210.0,63,0.0,0.0
18461,0.01347377,0,0.0,41360.0,99,0.0,0.0
18462,0.09606676,0,0.0,6550.0,79,0.0,0.0
18463,0.8734816,0,0.0,31740.0,57,0.0,0.0
18464,0.0014866118,0,0.0,2620.0,7,0.0,0.0
18465,0.00042649233,0,0.0,850.0,1,0.0,0.0
18466,0.013250163,0,0.0,2380.0,2,0.0,0.0
18467,0.023652429,0,0.0,44490.0,104,0.0,0.0
18468,0.1020037,0,0.0,910.0,1,0.0,0.0
18469,0.0023057438,0,0.0,22440.0,71,0.0,0.0
18470,0.002459744,0,0.0,5620.0,84,0.0,0.0
18471,0.8360166,0,0.0,3180.0,63,0.0,0.0
18472,0.008755224,0,0.0,2110.0,21,0.0,0.0
18473,0.0026443177,0,0.0,22270.0,60,0.0,0.0
18474,0.00054716994,0,0.0,2430.0,6,0.0,0.0
18475,2.1212401e-05,0,0.0,3720.0,73,0.0,0.0
18476,0.00032565463,0,0.0,1290.0,12,0.0,0.0
18477,0.0011433254,0,0.0,840.0,14,0.0,0.0
18478,0.09736477,0,0.0,710.0,1,0.0,0.0
18479,0.048619896,0,0.0,650.0,5,0.0,0.0
18480,0.0041489024,0,0.0,580.0,1,0.0,0.0
18481,0.018654605,0,0.0,5850.0,44,0.0,0.0
18482,0.00062080915,0,0.0,1360.0,10,0.0,0.0
18483,0.014405532,0,0.0,4780.0,106,0.0,0.0
18484,0.8937763,0,0.0,4290.0,3,0.0,0.0
18485,0.077334665,0,0.0,10890.0,90,0.0,0.0
18486,0.0036126133,0,0.0,1320.0,4,0.0,0.0
18487,0.0019843595,0,0.0,1860.0,13,0.0,0.0
18488,0.0016675148,0,0.0,1030.0,21,0.0,0.0
18489,4.9642054e-05,0,0.0,6720.0,2,0.0,0.0
18490,0.030633604,0,0.0,990.0,1,0.0,0.0
18491,0.20955619,0,0.0,26260.0,93,0.0,0.0
18492,0.0008633532,0,0.0,2480.0,22,0.0,0.0
18493,0.04434251,0,0.0,5530.0,45,0.0,0.0
18494,0.6281937,0,0.0,5570.0,22,0.0,0.0
18495,0.8453794,0,0.0,2570.0,2,0.0,0.0
18496,0.21794611,0,0.0,1550.0,5,0.0,0.0
18497,3.408129e-05,0,0.0,970.0,27,0.0,0.0
18498,0.096363135,1,0.0,4780.0,26,0.0,0.0
18499,0.9352238,0,1.0,2880.0,1,0.0,0.0
18500,0.000663494,0,0.0,2510.0,5,0.0,0.0
18501,0.2207454,0,0.0,1440.0,50,0.0,0.0
18502,0.06555156,0,0.0,1450.0,4,0.0,0.0
18503,0.042527426,0,0.0,2300.0,6,0.0,0.0
18504,0.017515965,0,0.0,890.0,5,0.0,0.0
18505,0.0015117286,0,0.0,6570.0,69,0.0,0.0
18506,0.1514138,0,0.0,4080.0,51,0.0,0.0
18507,0.0008842296,0,0.0,3010.0,73,0.0,0.0
18508,0.010416804,0,0.0,3970.0,5,0.0,0.0
18509,0.0007525112,0,0.0,6460.0,13,0.0,0.0
18510,0.009962318,0,0.0,630.0,5,0.0,0.0
18511,0.00516214,0,0.0,1380.0,10,0.0,0.0
18512,8.249598e-05,0,0.0,2110.0,84,0.0,0.0
18513,0.39914042,0,0.0,790.0,5,0.0,0.0
18514,0.0012234994,0,0.0,580.0,3,0.0,0.0
18515,0.0021074484,0,0.0,4180.0,63,0.0,0.0
18516,0.013616582,0,0.0,1490.0,63,0.0,0.0
18517,0.04108977,0,0.0,4220.0,30,0.0,0.0
18518,0.051276825,0,0.0,10370.0,95,0.0,0.0
18519,0.7666191,0,0.0,1530.0,70,0.0,0.0
18520,0.018267939,0,0.0,4400.0,55,0.0,0.0
18521,9.239804e-05,0,0.0,1010.0,11,0.0,0.0
18522,0.8249595,0,0.0,1400.0,2,0.0,0.0
18523,5.0175822e-05,0,0.0,910.0,13,0.0,0.0
18524,0.0048140204,0,0.0,6390.0,39,0.0,0.0
18525,0.22251484,0,0.0,2340.0,44,0.0,0.0
18526,0.0005929674,0,0.0,5010.0,23,0.0,0.0
18527,0.012921008,0,0.0,16440.0,111,0.0,0.0
18528,0.25871828,0,0.0,4430.0,2,0.0,0.0
18529,0.0008200431,0,0.0,10240.0,48,0.0,0.0
18530,0.01878044,0,0.0,30900.0,114,0.0,0.0
18531,0.00029569087,0,0.0,1600.0,23,0.0,0.0
18532,0.00091471174,0,0.0,950.0,10,0.0,0.0
18533,0.57953775,0,0.0,6030.0,53,0.0,0.0
18534,0.117107086,0,0.0,16090.0,103,0.0,0.0
18535,0.11856717,0,0.0,1940.0,7,0.0,0.0
18536,0.0009915739,0,0.0,640.0,1,0.0,0.0
18537,0.007950779,0,0.0,7150.0,15,0.0,0.0
18538,0.12287999,0,0.0,9420.0,41,0.0,0.0
18539,0.00029703949,0,0.0,15160.0,118,0.0,0.0
18540,0.3667249,0,0.0,3070.0,46,0.0,0.0
18541,0.12569153,0,0.0,5920.0,38,0.0,0.0
18542,6.532177e-05,0,0.0,3720.0,78,0.0,0.0
18543,0.04182856,0,0.0,660.0,6,0.0,0.0
18544,0.002229744,0,0.0,1570.0,13,0.0,0.0
18545,0.00090313057,0,0.0,870.0,4,0.0,0.0
18546,0.037397433,0,0.0,380.0,1,0.0,0.0
18547,0.00024305089,0,0.0,380.0,1,0.0,0.0
18548,0.00015961623,0,0.0,550.0,1,0.0,0.0
18549,0.016787851,0,0.0,490.0,73,0.0,0.0
18550,0.64199036,0,0.0,6820.0,13,0.0,0.0
18551,0.013068349,0,0.0,1390.0,9,0.0,0.0
18552,0.0040809684,0,0.0,2250.0,32,0.0,0.0
18553,0.16739933,0,0.0,4610.0,21,0.0,0.0
18554,0.01013796,0,0.0,960.0,14,0.0,0.0
18555,0.0030078858,0,0.0,500.0,2,0.0,0.0
18556,0.0029707488,0,0.0,5710.0,20,0.0,0.0
18557,0.0008890561,0,0.0,51400.0,106,0.0,0.0
18558,0.00015945378,0,0.0,680.0,3,0.0,0.0
18559,0.4950017,0,0.0,1380.0,6,0.0,0.0
18560,0.9873633,0,1.0,12860.0,45,0.0,0.0
18561,0.0003244408,0,0.0,2550.0,10,0.0,0.0
18562,0.00087485224,0,0.0,38910.0,52,0.0,0.0
18563,0.68314433,0,0.0,8020.0,3,0.0,0.0
18564,0.01473964,0,0.0,1950.0,109,0.0,0.0
18565,0.0020895596,0,0.0,610.0,3,0.0,0.0
18566,0.00070322613,0,0.0,5620.0,69,0.0,0.0
18567,0.123874225,0,0.0,4750.0,41,0.0,0.0
18568,0.02003574,0,0.0,1420.0,6,0.0,0.0
18569,0.16836986,0,0.0,15750.0,34,0.0,0.0
18570,0.0033422397,0,0.0,9430.0,12,0.0,0.0
18571,0.0065807845,0,0.0,790.0,11,0.0,0.0
18572,0.0034342648,0,0.0,3570.0,49,0.0,0.0
18573,2.0258105e-05,0,0.0,690.0,3,0.0,0.0
18574,0.6496941,0,0.0,7860.0,17,0.0,0.0
18575,0.073362984,0,0.0,460.0,2,0.0,0.0
18576,2.7731967e-05,0,0.0,1480.0,9,0.0,0.0
18577,0.004466134,0,0.0,3900.0,15,0.0,0.0
18578,0.003503916,0,0.0,4290.0,29,0.0,0.0
18579,0.031173937,0,0.0,3140.0,45,0.0,0.0
18580,0.03818169,0,0.0,41790.0,58,0.0,0.0
18581,0.0056812908,0,0.0,2010.0,52,0.0,0.0
18582,0.0062422296,0,0.0,870.0,3,0.0,0.0
18583,0.05112857,0,0.0,9650.0,14,0.0,0.0
18584,0.020847708,0,0.0,35120.0,66,0.0,0.0
18585,0.009363588,0,0.0,1340.0,8,0.0,0.0
18586,0.031278107,0,0.0,8030.0,101,0.0,0.0
18587,0.0487764,0,0.0,820.0,5,0.0,0.0
18588,0.02086209,0,0.0,1530.0,65,0.0,0.0
18589,0.026012741,0,0.0,5380.0,56,0.0,0.0
18590,0.0014277949,0,0.0,1590.0,12,0.0,0.0
18591,0.00040421612,0,0.0,5050.0,31,0.0,0.0
18592,0.21123616,0,0.0,1830.0,41,0.0,0.0
18593,4.3311975e-05,0,0.0,570.0,6,0.0,0.0
18594,0.30658764,0,0.0,1590.0,4,0.0,0.0
18595,0.047707986,0,0.0,1970.0,15,0.0,0.0
18596,0.0071555665,0,0.0,1420.0,44,0.0,0.0
18597,0.27144054,0,0.0,860.0,9,0.0,0.0
18598,0.0012526077,0,0.0,850.0,42,0.0,0.0
18599,0.0062327506,0,0.0,4040.0,4,0.0,0.0
18600,0.0123398015,0,0.0,7060.0,51,0.0,0.0
18601,0.0016090776,0,0.0,9600.0,58,0.0,0.0
18602,0.9966287,0,1.0,1720.0,53,0.0,0.0
18603,0.002333114,0,0.0,3930.0,7,0.0,0.0
18604,0.0027884329,0,0.0,700.0,101,0.0,0.0
18605,0.016746446,0,0.0,8260.0,43,0.0,0.0
18606,0.46699372,0,0.0,810.0,3,0.0,0.0
18607,0.0001795105,0,0.0,12300.0,53,0.0,0.0
18608,0.012578794,0,0.0,2040.0,43,0.0,0.0
18609,0.023409313,0,0.0,10920.0,14,0.0,0.0
18610,6.322419e-05,0,0.0,3160.0,12,0.0,0.0
18611,0.051617634,0,0.0,510.0,6,0.0,0.0
18612,0.00024173381,0,0.0,2470.0,9,0.0,0.0
18613,0.22289228,0,0.0,9500.0,4,0.0,0.0
18614,0.008500546,0,0.0,3390.0,21,0.0,0.0
18615,0.5560833,0,0.0,1270.0,41,0.0,0.0
18616,0.54433817,0,0.0,1580.0,30,0.0,0.0
18617,0.0024609435,0,0.0,780.0,10,0.0,0.0
18618,0.09602652,0,0.0,1770.0,62,0.0,0.0
18619,0.0014758614,0,0.0,10820.0,88,0.0,0.0
18620,0.014222406,0,0.0,1650.0,9,0.0,0.0
18621,0.0008322729,0,0.0,1280.0,7,0.0,0.0
18622,0.00014864233,0,0.0,2620.0,23,0.0,0.0
18623,0.02390819,0,0.0,12350.0,16,0.0,0.0
18624,0.9947239,0,1.0,3650.0,10,0.0,0.0
18625,0.09047527,0,0.0,1570.0,22,0.0,0.0
18626,0.0026401056,0,0.0,23140.0,45,0.0,0.0
18627,0.00011797859,0,0.0,3180.0,10,0.0,0.0
18628,4.6220168e-05,0,0.0,1540.0,9,0.0,0.0
18629,9.459882e-05,0,0.0,6690.0,44,0.0,0.0
18630,0.00020566964,0,0.0,2780.0,15,0.0,0.0
18631,0.9193562,0,1.0,1400.0,1,0.0,0.0
18632,0.020963501,0,0.0,1040.0,2,0.0,0.0
18633,0.00023722713,0,0.0,420.0,2,0.0,0.0
18634,0.021605095,0,0.0,9790.0,83,0.0,0.0
18635,0.012098613,0,0.0,13330.0,83,0.0,0.0
18636,0.0012769075,0,0.0,7230.0,109,0.0,0.0
18637,9.0593094e-05,0,0.0,2370.0,104,0.0,0.0
18638,3.7147434e-05,0,0.0,1340.0,13,0.0,0.0
18639,0.717996,0,0.0,1730.0,2,0.0,0.0
18640,0.0008207537,0,0.0,2960.0,82,0.0,0.0
18641,0.001288161,0,0.0,930.0,1,0.0,0.0
18642,0.00076971244,0,0.0,1880.0,15,0.0,0.0
18643,5.6169858e-05,0,0.0,3400.0,13,0.0,0.0
18644,0.010371959,0,0.0,970.0,3,0.0,0.0
18645,0.0007133754,0,0.0,20050.0,41,0.0,0.0
18646,0.0013799821,0,0.0,1490.0,42,0.0,0.0
18647,7.5630924e-05,0,0.0,1410.0,7,0.0,0.0
18648,0.0053035696,0,0.0,4360.0,10,0.0,0.0
18649,0.10941997,0,0.0,2170.0,41,0.0,0.0
18650,0.07625816,0,0.0,740.0,5,0.0,0.0
18651,0.14751758,0,0.0,950.0,30,0.0,0.0
18652,0.0002464487,0,0.0,630.0,14,0.0,0.0
18653,0.016947946,0,0.0,1650.0,13,0.0,0.0
18654,0.54321635,0,0.0,660.0,1,0.0,0.0
18655,0.20968245,0,0.0,3030.0,71,0.0,0.0
18656,0.29648557,0,0.0,6250.0,72,0.0,0.0
18657,0.01350236,0,0.0,1690.0,102,0.0,0.0
18658,0.0007145825,0,0.0,3850.0,46,0.0,0.0
18659,0.98265886,0,1.0,2580.0,25,0.0,0.0
18660,0.00011680123,0,0.0,1020.0,2,0.0,0.0
18661,0.103211895,0,0.0,1180.0,55,0.0,0.0
18662,0.00019121404,0,0.0,6760.0,82,0.0,0.0
18663,0.0423851,0,0.0,1660.0,5,0.0,0.0
18664,0.0054630274,0,0.0,19500.0,28,0.0,0.0
18665,0.002755576,0,0.0,18040.0,14,0.0,0.0
18666,0.32839686,0,0.0,770.0,3,0.0,0.0
18667,0.10906683,0,0.0,2740.0,77,0.0,0.0
18668,0.017354697,0,0.0,26360.0,31,0.0,0.0
18669,0.13909088,0,0.0,4230.0,21,0.0,0.0
18670,0.025726093,0,0.0,6390.0,108,0.0,0.0
18671,0.0057885693,0,0.0,2210.0,2,0.0,0.0
18672,0.00022681229,0,0.0,1060.0,2,0.0,0.0
18673,0.027757771,0,0.0,2050.0,22,0.0,0.0
18674,0.0044001024,0,0.0,2440.0,81,0.0,0.0
18675,0.024330286,0,0.0,10800.0,3,0.0,0.0
18676,0.36121255,0,0.0,9610.0,22,0.0,0.0
18677,0.000452736,0,0.0,800.0,7,0.0,0.0
18678,0.15020676,0,0.0,7030.0,71,0.0,0.0
18679,0.12373387,0,0.0,1210.0,32,0.0,0.0
18680,0.6157141,0,0.0,2020.0,21,0.0,0.0
18681,0.46808472,0,0.0,1220.0,50,0.0,0.0
18682,0.00067641056,0,0.0,2080.0,20,0.0,0.0
18683,0.34091416,0,0.0,2810.0,43,0.0,0.0
18684,0.00019989107,0,0.0,4550.0,8,0.0,0.0
18685,0.19819929,0,0.0,1530.0,29,0.0,0.0
18686,0.010528455,0,0.0,810.0,3,0.0,0.0
18687,0.0442358,0,0.0,3230.0,8,0.0,0.0
18688,0.00015906365,0,0.0,900.0,12,0.0,0.0
18689,0.00033375924,0,0.0,64680.0,80,0.0,0.0
18690,0.11243917,0,0.0,5890.0,45,0.0,0.0
18691,3.188193e-05,0,0.0,900.0,63,0.0,0.0
18692,0.0011363827,0,0.0,1100.0,1,0.0,0.0
18693,0.0006803417,0,0.0,1110.0,8,0.0,0.0
18694,0.00248532,0,0.0,900.0,17,0.0,0.0
18695,0.007958357,0,0.0,990.0,2,0.0,0.0
18696,0.039919566,0,0.0,2960.0,4,0.0,0.0
18697,0.0008798292,0,0.0,800.0,2,0.0,0.0
18698,0.09709863,0,0.0,970.0,2,0.0,0.0
18699,0.00072241144,0,0.0,5380.0,18,0.0,0.0
18700,0.05912909,0,0.0,9430.0,48,0.0,0.0
18701,0.0013255759,0,0.0,2350.0,1,0.0,0.0
18702,0.03797115,0,0.0,5860.0,24,0.0,0.0
18703,0.00017753527,0,0.0,22100.0,30,0.0,0.0
18704,0.00030412723,0,0.0,1580.0,44,0.0,0.0
18705,0.03294034,0,0.0,69430.0,73,0.0,0.0
18706,0.00029703978,0,0.0,710.0,9,0.0,0.0
18707,0.00056498,0,0.0,11850.0,19,0.0,0.0
18708,0.0019292064,0,0.0,1440.0,61,0.0,0.0
18709,0.25583616,0,0.0,630.0,2,0.0,0.0
18710,0.32050452,0,0.0,2580.0,22,0.0,0.0
18711,0.02346422,0,0.0,860.0,9,0.0,0.0
18712,0.040889397,0,0.0,7650.0,31,0.0,0.0
18713,0.06672702,0,0.0,32810.0,49,0.0,0.0
18714,0.037717152,0,0.0,980.0,6,0.0,0.0
18715,0.54093456,0,0.0,4770.0,58,0.0,0.0
18716,0.97221756,0,1.0,2990.0,54,0.0,0.0
18717,0.0009345026,0,0.0,420.0,6,0.0,0.0
18718,0.016088663,0,0.0,1440.0,22,0.0,0.0
18719,0.0012082136,0,0.0,940.0,15,0.0,0.0
18720,0.011115804,0,0.0,4700.0,12,0.0,0.0
18721,0.06636676,0,0.0,3130.0,10,0.0,0.0
18722,0.0056160935,0,0.0,6770.0,18,0.0,0.0
18723,0.002147035,0,0.0,3570.0,23,0.0,0.0
18724,0.024042675,0,0.0,1270.0,75,0.0,0.0
18725,0.036853164,0,0.0,2520.0,22,0.0,0.0
18726,0.0015535384,0,0.0,14990.0,85,0.0,0.0
18727,0.0053811595,0,0.0,1200.0,5,0.0,0.0
18728,0.007870482,0,0.0,1120.0,24,0.0,0.0
18729,0.0016054705,0,0.0,880.0,17,0.0,0.0
18730,0.0031667498,0,0.0,650.0,42,0.0,0.0
18731,0.017174738,0,0.0,730.0,13,0.0,0.0
18732,0.010715017,0,0.0,2000.0,12,0.0,0.0
18733,0.039874222,0,0.0,400.0,1,0.0,0.0
18734,0.0004777366,0,0.0,530.0,1,0.0,0.0
18735,0.0008426612,0,0.0,5170.0,13,0.0,0.0
18736,0.006873702,0,0.0,12540.0,23,0.0,0.0
18737,0.05092183,0,0.0,5600.0,69,0.0,0.0
18738,0.084097214,0,0.0,1670.0,22,0.0,0.0
18739,0.7253166,0,0.0,2170.0,43,0.0,0.0
18740,4.283423e-05,0,0.0,390.0,2,0.0,0.0
18741,0.9774799,0,1.0,3990.0,9,0.0,0.0
18742,0.0017328324,0,0.0,1780.0,82,0.0,0.0
18743,0.0009956121,0,0.0,1020.0,8,0.0,0.0
18744,0.10754253,0,0.0,1870.0,6,0.0,0.0
18745,0.02087712,0,0.0,5010.0,6,0.0,0.0
18746,0.91742975,0,1.0,1010.0,5,0.0,0.0
18747,0.13856885,0,0.0,4080.0,68,0.0,0.0
18748,0.10405321,0,0.0,6950.0,108,0.0,0.0
18749,0.00095202035,0,0.0,2770.0,46,0.0,0.0
18750,0.7872701,1,0.0,910.0,26,0.0,0.0
18751,0.011087275,0,0.0,8550.0,48,0.0,0.0
18752,3.7203306e-05,0,0.0,3090.0,3,0.0,0.0
18753,0.06138584,0,0.0,390.0,1,0.0,0.0
18754,0.2712017,0,0.0,4060.0,23,0.0,0.0
18755,0.020777468,0,0.0,7690.0,12,0.0,0.0
18756,0.13216762,0,0.0,960.0,2,0.0,0.0
18757,0.012536246,0,0.0,3280.0,13,0.0,0.0
18758,0.016158588,0,0.0,8990.0,15,0.0,0.0
18759,0.050079405,0,0.0,760.0,1,0.0,0.0
18760,0.00044400708,0,0.0,2940.0,17,0.0,0.0
18761,0.030405877,0,0.0,20890.0,50,0.0,0.0
18762,0.003658228,0,0.0,37330.0,28,0.0,0.0
18763,0.0038661028,0,0.0,5820.0,44,0.0,0.0
18764,0.1580942,0,0.0,1430.0,14,0.0,0.0
18765,0.0014503843,0,0.0,1410.0,11,0.0,0.0
18766,0.008286064,0,0.0,1290.0,5,0.0,0.0
18767,0.017816436,0,0.0,14990.0,18,0.0,0.0
18768,0.0061442857,0,0.0,1840.0,10,0.0,0.0
18769,0.00970311,0,0.0,1400.0,3,0.0,0.0
18770,0.3874531,0,0.0,2460.0,10,0.0,0.0
18771,0.4637699,0,0.0,1620.0,1,0.0,0.0
18772,0.00088543736,0,0.0,1230.0,3,0.0,0.0
18773,0.0025724887,0,0.0,12110.0,76,0.0,0.0
18774,0.0011934271,0,0.0,76750.0,89,0.0,0.0
18775,0.0015211826,0,0.0,1640.0,42,0.0,0.0
18776,8.750567e-05,0,0.0,28030.0,91,0.0,0.0
18777,3.9732407e-05,0,0.0,4640.0,21,0.0,0.0
18778,0.4819694,0,0.0,660.0,1,0.0,0.0
18779,0.0032225563,0,0.0,12540.0,54,0.0,0.0
18780,0.0026304752,0,0.0,2750.0,14,0.0,0.0
18781,0.08737759,0,0.0,2150.0,10,0.0,0.0
18782,0.00013225191,0,0.0,15690.0,41,0.0,0.0
18783,0.00014148162,0,0.0,3450.0,12,0.0,0.0
18784,0.00043789006,0,0.0,5490.0,103,0.0,0.0
18785,0.98551404,0,1.0,3470.0,43,0.0,0.0
18786,0.012787749,0,0.0,790.0,1,0.0,0.0
18787,0.0022668843,0,0.0,750.0,42,0.0,0.0
18788,0.0010628074,0,0.0,950.0,7,0.0,0.0
18789,0.0013497017,0,0.0,17340.0,93,0.0,0.0
18790,0.0033755216,0,0.0,1250.0,2,0.0,0.0
18791,0.027367806,0,0.0,7700.0,44,0.0,0.0
18792,0.89520156,0,0.0,4280.0,62,0.0,0.0
18793,0.0008944712,0,0.0,7340.0,57,0.0,0.0
18794,0.0063506127,0,0.0,4040.0,73,0.0,0.0
18795,0.7000933,0,0.0,3210.0,24,0.0,0.0
18796,0.6320572,0,0.0,2690.0,7,0.0,0.0
18797,0.06734416,0,0.0,950.0,13,0.0,0.0
18798,4.43626e-05,0,0.0,1560.0,24,0.0,0.0
18799,0.0002658265,0,0.0,11880.0,55,0.0,0.0
18800,0.00094945903,0,0.0,1970.0,9,0.0,0.0
18801,0.0021228956,0,0.0,7290.0,45,0.0,0.0
18802,0.00027986604,0,0.0,460.0,1,0.0,0.0
18803,0.07692721,0,0.0,4370.0,13,0.0,0.0
18804,0.006629129,0,0.0,5150.0,5,0.0,0.0
18805,0.27889994,0,0.0,2760.0,50,0.0,0.0
18806,0.46521303,0,0.0,3080.0,25,0.0,0.0
18807,0.0001688956,0,0.0,34780.0,102,0.0,0.0
18808,0.019682532,0,0.0,1230.0,49,0.0,0.0
18809,0.011132238,0,0.0,1220.0,13,0.0,0.0
18810,0.6526318,0,0.0,6110.0,45,0.0,0.0
18811,0.23597921,0,0.0,1780.0,13,0.0,0.0
18812,0.0043338737,0,0.0,1860.0,2,0.0,0.0
18813,0.022661975,0,0.0,570.0,1,0.0,0.0
18814,0.0062619187,0,0.0,12730.0,46,0.0,0.0
18815,0.0011039133,0,0.0,760.0,1,0.0,0.0
18816,0.060788833,0,0.0,1620.0,1,0.0,0.0
18817,0.124465644,0,0.0,2760.0,7,0.0,0.0
18818,0.0039596288,0,0.0,1220.0,1,0.0,0.0
18819,0.0014263014,0,0.0,3120.0,41,0.0,0.0
18820,0.0006050481,0,0.0,6420.0,9,0.0,0.0
18821,4.0471463e-05,0,0.0,760.0,13,0.0,0.0
18822,0.0018020638,0,0.0,13530.0,75,0.0,0.0
18823,0.0049006483,0,0.0,1310.0,11,0.0,0.0
18824,0.0140112,0,0.0,2790.0,15,0.0,0.0
18825,0.00035701657,0,0.0,1520.0,9,0.0,0.0
18826,0.34944716,0,0.0,46560.0,83,0.0,0.0
18827,0.60118926,0,0.0,7980.0,41,0.0,0.0
18828,0.008685801,0,0.0,8880.0,69,0.0,0.0
18829,0.00012413868,0,0.0,1070.0,5,0.0,0.0
18830,0.0027623312,0,0.0,2920.0,81,0.0,0.0
18831,0.003126416,0,0.0,9660.0,43,0.0,0.0
18832,0.8304433,0,0.0,3310.0,3,0.0,0.0
18833,0.0001210142,0,0.0,640.0,83,0.0,0.0
18834,0.068398215,0,0.0,680.0,3,0.0,0.0
18835,0.0033111526,0,0.0,6760.0,44,0.0,0.0
18836,0.024487713,0,0.0,820.0,5,0.0,0.0
18837,0.0012976675,0,0.0,3150.0,15,0.0,0.0
18838,0.018995568,0,0.0,1410.0,61,0.0,0.0
18839,0.0044931085,0,0.0,9590.0,9,0.0,0.0
18840,0.00045548845,0,0.0,1870.0,17,0.0,0.0
18841,0.004281165,0,0.0,2000.0,8,0.0,0.0
18842,0.96935385,0,1.0,4700.0,55,0.0,0.0
18843,0.0036466331,0,0.0,2240.0,19,0.0,0.0
18844,0.68921936,1,0.0,7330.0,26,0.0,0.0
18845,0.03546761,0,0.0,590.0,3,0.0,0.0
18846,0.009481163,0,0.0,6140.0,105,0.0,0.0
18847,0.00036967365,0,0.0,750.0,1,0.0,0.0
18848,0.0006275878,0,0.0,13380.0,29,0.0,0.0
18849,0.07956297,0,0.0,1240.0,5,0.0,0.0
18850,0.01385932,0,0.0,3770.0,50,0.0,0.0
18851,0.08328369,0,0.0,3050.0,8,0.0,0.0
18852,0.03394173,0,0.0,1380.0,3,0.0,0.0
18853,0.009776797,0,0.0,2270.0,32,0.0,0.0
18854,0.0018699382,0,0.0,1600.0,3,0.0,0.0
18855,0.003431601,0,0.0,3280.0,49,0.0,0.0
18856,0.0030462577,0,0.0,10830.0,64,0.0,0.0
18857,0.018228749,0,0.0,1150.0,5,0.0,0.0
18858,0.12199804,0,0.0,850.0,2,0.0,0.0
18859,0.0008011765,0,0.0,2710.0,14,0.0,0.0
18860,0.0011232033,0,0.0,43000.0,50,0.0,0.0
18861,0.56136644,0,0.0,1760.0,6,0.0,0.0
18862,0.5379619,0,0.0,14780.0,88,0.0,0.0
18863,0.019306181,0,0.0,2290.0,1,0.0,0.0
18864,0.0041201203,0,0.0,1290.0,13,0.0,0.0
18865,3.3368713e-05,0,0.0,1920.0,11,0.0,0.0
18866,0.033398766,0,0.0,2060.0,1,0.0,0.0
18867,0.018914511,0,0.0,1800.0,5,0.0,0.0
18868,0.10639039,0,0.0,630.0,21,0.0,0.0
18869,0.0176721,0,0.0,1870.0,9,0.0,0.0
18870,0.16380948,0,0.0,1930.0,9,0.0,0.0
18871,0.0093034,0,0.0,680.0,5,0.0,0.0
18872,0.034841012,0,0.0,2320.0,73,0.0,0.0
18873,0.018767571,0,0.0,20410.0,110,0.0,0.0
18874,0.0011221825,0,0.0,5530.0,13,0.0,0.0
18875,0.010574579,0,0.0,12850.0,28,0.0,0.0
18876,0.00030069632,0,0.0,920.0,1,0.0,0.0
18877,0.0008326057,0,0.0,28540.0,66,0.0,0.0
18878,0.00032846807,0,0.0,1710.0,17,0.0,0.0
18879,0.014176777,0,0.0,6250.0,16,0.0,0.0
18880,0.3503671,0,0.0,13340.0,43,0.0,0.0
18881,0.004740016,0,0.0,1460.0,3,0.0,0.0
18882,0.02159922,0,0.0,430.0,1,0.0,0.0
18883,0.006237566,0,0.0,1170.0,7,0.0,0.0
18884,0.26473194,0,0.0,7670.0,12,0.0,0.0
18885,0.9648021,0,1.0,5700.0,24,0.0,0.0
18886,0.00081410905,0,0.0,1580.0,10,0.0,0.0
18887,0.0060873986,0,0.0,2820.0,17,0.0,0.0
18888,0.0013111744,0,0.0,1240.0,5,0.0,0.0
18889,0.0008443241,0,0.0,800.0,5,0.0,0.0
18890,0.0008576358,0,0.0,3430.0,42,0.0,0.0
18891,0.0009112053,0,0.0,1230.0,7,0.0,0.0
18892,0.0073487866,0,0.0,960.0,5,0.0,0.0
18893,0.00063770794,0,0.0,1120.0,6,0.0,0.0
18894,0.02564395,0,0.0,650.0,3,0.0,0.0
18895,0.005720892,0,0.0,3330.0,19,0.0,0.0
18896,0.034501407,0,0.0,5990.0,60,0.0,0.0
18897,0.00044948614,0,0.0,5590.0,55,0.0,0.0
18898,0.027628569,0,0.0,2510.0,102,0.0,0.0
18899,0.22543918,0,0.0,1290.0,46,0.0,0.0
18900,0.01436388,0,0.0,950.0,11,0.0,0.0
18901,0.22696038,0,0.0,3980.0,54,0.0,0.0
18902,0.0025880828,0,0.0,2630.0,11,0.0,0.0
18903,0.0017611268,0,0.0,830.0,3,0.0,0.0
18904,0.0013621367,0,0.0,1770.0,7,0.0,0.0
18905,0.0011911659,0,0.0,1520.0,2,0.0,0.0
18906,0.025515337,0,0.0,950.0,1,0.0,0.0
18907,0.24286422,0,0.0,780.0,62,0.0,0.0
18908,0.98416257,0,1.0,36510.0,68,0.0,0.0
18909,0.0127280345,0,0.0,1940.0,32,0.0,0.0
18910,0.3094425,0,0.0,2200.0,1,0.0,0.0
18911,0.18684049,0,0.0,3610.0,38,0.0,0.0
18912,0.0009823738,0,0.0,2340.0,6,0.0,0.0
18913,0.002112606,0,0.0,810.0,1,0.0,0.0
18914,0.0008920144,0,0.0,3170.0,6,0.0,0.0
18915,0.0004976058,0,0.0,1410.0,5,0.0,0.0
18916,0.012588825,0,0.0,1330.0,21,0.0,0.0
18917,0.3674751,0,0.0,17550.0,47,0.0,0.0
18918,0.07305441,1,0.0,17150.0,26,0.0,0.0
18919,0.13140823,0,0.0,2080.0,75,0.0,0.0
18920,0.003919907,0,0.0,5340.0,35,0.0,0.0
18921,0.011852166,0,0.0,27810.0,57,0.0,0.0
18922,0.9595628,0,1.0,26790.0,17,0.0,0.0
18923,0.00026699717,0,0.0,3210.0,13,0.0,0.0
18924,3.7655653e-05,0,0.0,590.0,4,0.0,0.0
18925,0.097830616,0,0.0,16610.0,74,0.0,0.0
18926,2.8703174e-05,0,0.0,1000.0,16,0.0,0.0
18927,0.0008698053,0,0.0,23210.0,69,0.0,0.0
18928,0.034813337,0,0.0,1170.0,2,0.0,0.0
18929,0.0062312824,0,0.0,880.0,6,0.0,0.0
18930,0.0037058706,0,0.0,480.0,1,0.0,0.0
18931,0.038924664,0,0.0,23170.0,72,0.0,0.0
18932,0.6009659,0,0.0,1700.0,7,0.0,0.0
18933,0.080652274,0,0.0,16820.0,67,0.0,0.0
18934,0.0062557883,0,0.0,4080.0,10,0.0,0.0
18935,0.006468017,0,0.0,880.0,7,0.0,0.0
18936,0.00013237378,0,0.0,2310.0,16,0.0,0.0
18937,3.0292327e-05,0,0.0,650.0,3,0.0,0.0
18938,0.08732793,0,0.0,920.0,6,0.0,0.0
18939,0.00046981033,0,0.0,960.0,6,0.0,0.0
18940,0.0010572528,0,0.0,19290.0,101,0.0,0.0
18941,0.0003222386,0,0.0,2730.0,8,0.0,0.0
18942,0.09354664,0,0.0,1970.0,6,0.0,0.0
18943,0.36746594,0,0.0,2900.0,48,0.0,0.0
18944,0.0008902551,0,0.0,3890.0,24,0.0,0.0
18945,0.00018606336,0,0.0,1260.0,10,0.0,0.0
18946,0.15916325,0,0.0,1260.0,1,0.0,0.0
18947,0.0004552313,0,0.0,790.0,1,0.0,0.0
18948,0.031138314,0,0.0,5040.0,13,0.0,0.0
18949,0.005886756,0,0.0,42860.0,31,0.0,0.0
18950,0.008082942,0,0.0,24390.0,43,0.0,0.0
18951,0.00040319242,0,0.0,24180.0,116,0.0,0.0
18952,0.0012095603,0,0.0,1950.0,24,0.0,0.0
18953,0.0006524359,0,0.0,7910.0,94,0.0,0.0
18954,0.75182766,0,0.0,37810.0,69,0.0,0.0
18955,0.0041969134,0,0.0,2350.0,61,0.0,0.0
18956,0.08334987,0,0.0,590.0,2,0.0,0.0
18957,0.0028575663,0,0.0,2940.0,57,0.0,0.0
18958,0.00029135394,0,0.0,1220.0,3,0.0,0.0
18959,0.00597717,0,0.0,1590.0,9,0.0,0.0
18960,0.031443685,0,0.0,10220.0,23,0.0,0.0
18961,0.1755863,0,0.0,930.0,5,0.0,0.0
18962,0.0049490896,0,0.0,910.0,1,0.0,0.0
18963,0.010546896,0,0.0,3360.0,76,0.0,0.0
18964,0.010373912,0,0.0,22160.0,66,0.0,0.0
18965,0.03616772,0,0.0,2420.0,38,0.0,0.0
18966,0.0018257727,0,0.0,21720.0,119,0.0,0.0
18967,0.042297993,0,0.0,17800.0,45,0.0,0.0
18968,0.0004873412,0,0.0,1080.0,3,0.0,0.0
18969,0.00014804697,0,0.0,760.0,16,0.0,0.0
18970,0.06387181,0,0.0,1590.0,45,0.0,0.0
18971,0.016636504,0,0.0,400.0,1,0.0,0.0
18972,0.00028418557,0,0.0,2920.0,23,0.0,0.0
18973,0.000721263,0,0.0,9580.0,85,0.0,0.0
18974,0.0045416383,0,0.0,2960.0,73,0.0,0.0
18975,0.06283017,0,0.0,1790.0,6,0.0,0.0
18976,0.1313267,0,0.0,20280.0,102,0.0,0.0
18977,0.045239303,0,0.0,2610.0,76,0.0,0.0
18978,0.0015038098,0,0.0,790.0,3,0.0,0.0
18979,7.291481e-05,0,0.0,32660.0,36,0.0,0.0
18980,0.0043637617,0,0.0,3180.0,64,0.0,0.0
18981,0.03256105,0,0.0,1010.0,2,0.0,0.0
18982,0.0010836419,0,0.0,1370.0,13,0.0,0.0
18983,0.0052177417,0,0.0,940.0,3,0.0,0.0
18984,0.0018196468,0,0.0,970.0,65,0.0,0.0
18985,0.38944167,0,0.0,1050.0,1,0.0,0.0
18986,0.16769356,0,0.0,2740.0,29,0.0,0.0
18987,0.00033774637,0,0.0,3750.0,22,0.0,0.0
18988,0.01092731,0,0.0,2710.0,102,0.0,0.0
18989,0.002810053,0,0.0,5730.0,8,0.0,0.0
18990,0.00023991252,0,0.0,1320.0,18,0.0,0.0
18991,0.095438406,0,0.0,1390.0,6,0.0,0.0
18992,0.026809262,0,0.0,3300.0,42,0.0,0.0
18993,0.00033124926,0,0.0,4360.0,1,0.0,0.0
18994,0.00018862831,0,0.0,1350.0,15,0.0,0.0
18995,0.074285634,0,0.0,3950.0,2,0.0,0.0
18996,0.016322142,0,0.0,750.0,13,0.0,0.0
18997,0.0042236545,0,0.0,690.0,4,0.0,0.0
18998,0.0057622595,0,0.0,880.0,15,0.0,0.0
18999,0.014736498,0,0.0,7640.0,10,0.0,0.0
19000,0.0032085779,0,0.0,1290.0,3,0.0,0.0
19001,0.00011821891,0,0.0,3850.0,4,0.0,0.0
19002,0.0012366028,0,0.0,1100.0,61,0.0,0.0
19003,0.980565,0,1.0,1760.0,8,0.0,0.0
19004,0.118074305,0,0.0,32950.0,89,0.0,0.0
19005,0.00061133533,0,0.0,2810.0,17,0.0,0.0
19006,0.00037213572,0,0.0,1570.0,9,0.0,0.0
19007,0.00022055946,0,0.0,2680.0,68,0.0,0.0
19008,0.00018989242,0,0.0,700.0,16,0.0,0.0
19009,0.008035552,0,0.0,4040.0,41,0.0,0.0
19010,0.02868245,0,0.0,2230.0,70,0.0,0.0
19011,0.00031225034,0,0.0,11510.0,92,0.0,0.0
19012,0.009365136,0,0.0,5620.0,80,0.0,0.0
19013,0.052349694,0,0.0,83530.0,84,0.0,0.0
19014,5.779196e-05,0,0.0,1720.0,13,0.0,0.0
19015,0.0047240714,0,0.0,970.0,43,0.0,0.0
19016,0.003535898,0,0.0,1360.0,15,0.0,0.0
19017,0.013375395,0,0.0,2300.0,16,0.0,0.0
19018,0.00922696,0,0.0,1900.0,7,0.0,0.0
19019,0.0027939635,0,0.0,1230.0,13,0.0,0.0
19020,6.855251e-05,0,0.0,4260.0,74,0.0,0.0
19021,0.9684766,0,1.0,1400.0,65,0.0,0.0
19022,0.010272121,0,0.0,4500.0,85,0.0,0.0
19023,0.04163162,0,0.0,1800.0,1,0.0,0.0
19024,0.2511349,0,0.0,1120.0,1,0.0,0.0
19025,0.0026132343,0,0.0,3310.0,23,0.0,0.0
19026,0.004857853,0,0.0,730.0,13,0.0,0.0
19027,0.0040692487,0,0.0,1630.0,41,0.0,0.0
19028,0.018880071,0,0.0,940.0,1,0.0,0.0
19029,0.02095895,0,0.0,20300.0,83,0.0,0.0
19030,0.035091065,0,0.0,10840.0,93,0.0,0.0
19031,0.00062294165,0,0.0,13910.0,79,0.0,0.0
19032,0.9399681,0,1.0,10370.0,89,0.0,0.0
19033,0.9069813,0,1.0,1150.0,27,0.0,0.0
19034,0.0006538987,0,0.0,4160.0,1,0.0,0.0
19035,0.00048616063,0,0.0,20290.0,109,0.0,0.0
19036,0.34684193,0,0.0,7820.0,1,0.0,0.0
19037,9.865077e-06,0,0.0,1340.0,81,0.0,0.0
19038,0.005048158,0,0.0,5330.0,25,0.0,0.0
19039,0.038005654,0,0.0,26270.0,69,0.0,0.0
19040,0.0006554792,0,0.0,5330.0,33,0.0,0.0
19041,0.06261676,0,0.0,20260.0,57,0.0,0.0
19042,0.16563389,0,0.0,5750.0,101,0.0,0.0
19043,0.0048872745,0,0.0,8650.0,41,0.0,0.0
19044,0.0016112316,0,0.0,3610.0,61,0.0,0.0
19045,0.028558912,0,0.0,940.0,5,0.0,0.0
19046,0.0012651435,0,0.0,1160.0,11,0.0,0.0
19047,0.0007377262,0,0.0,3420.0,12,0.0,0.0
19048,0.0052369586,0,0.0,530.0,3,0.0,0.0
19049,0.0035541956,0,0.0,520.0,5,0.0,0.0
19050,0.42496833,0,0.0,3350.0,11,0.0,0.0
19051,0.0016825276,0,0.0,21500.0,28,0.0,0.0
19052,0.02618637,0,0.0,550.0,2,0.0,0.0
19053,0.0024655166,0,0.0,3290.0,71,0.0,0.0
19054,0.007472747,0,0.0,3010.0,1,0.0,0.0
19055,0.01599013,0,0.0,4530.0,43,0.0,0.0
19056,0.00781769,0,0.0,1000.0,21,0.0,0.0
19057,0.0026583336,0,0.0,3630.0,61,0.0,0.0
19058,0.00827825,0,0.0,1860.0,7,0.0,0.0
19059,0.01054395,0,0.0,2860.0,55,0.0,0.0
19060,0.002499946,0,0.0,770.0,15,0.0,0.0
19061,0.00030722917,0,0.0,1390.0,10,0.0,0.0
19062,0.92814565,0,1.0,2150.0,10,0.0,0.0
19063,0.09881774,0,0.0,1040.0,1,0.0,0.0
19064,0.017574158,0,0.0,750.0,1,0.0,0.0
19065,0.0051857876,0,0.0,38910.0,96,0.0,0.0
19066,0.001917481,0,0.0,900.0,21,0.0,0.0
19067,0.2736665,0,0.0,3560.0,35,0.0,0.0
19068,0.00020269703,0,0.0,2720.0,14,0.0,0.0
19069,0.00010391117,0,0.0,2250.0,19,0.0,0.0
19070,0.0040821624,0,0.0,2830.0,15,0.0,0.0
19071,0.018404283,0,0.0,650.0,17,0.0,0.0
19072,0.00013851614,0,0.0,870.0,14,0.0,0.0
19073,0.014475696,0,0.0,1050.0,5,0.0,0.0
19074,0.34115544,0,0.0,620.0,1,0.0,0.0
19075,0.007611123,0,0.0,1180.0,1,0.0,0.0
19076,0.018319802,0,0.0,2090.0,67,0.0,0.0
19077,0.0029284705,0,0.0,4320.0,51,0.0,0.0
19078,0.0034240345,0,0.0,2960.0,9,0.0,0.0
19079,0.00020431746,0,0.0,7120.0,65,0.0,0.0
19080,0.001121351,0,0.0,28330.0,29,0.0,0.0
19081,0.00019857158,0,0.0,1480.0,9,0.0,0.0
19082,0.017248701,0,0.0,7190.0,52,0.0,0.0
19083,0.0006396576,0,0.0,1340.0,9,0.0,0.0
19084,0.34608993,0,0.0,8470.0,29,0.0,0.0
19085,0.0061314777,0,0.0,1220.0,4,0.0,0.0
19086,0.8971804,0,0.0,840.0,5,0.0,0.0
19087,0.027402885,0,0.0,6860.0,41,0.0,0.0
